id,title,description,severity,package,cvss_score,fix_version,target,reference,published_date,detected_by,tool,tool_count,confidence_score,affected_assets,in_kev,kev_ransomware,kev_due_date,epss_score,epss_percentile,has_exploit,asset_criticality,asset_env,asset_owner,internet_facing,asset_tags,pci_scope,gdpr_scope,requires_auth,network_exposed,in_blast_radius,source_asset,affected_asset_count,crown_jewel_reachable,nearest_critical_asset_hops,shortest_attack_path,blast_radius_score
CVE-2016-1000027,spring: HttpInvokerServiceExporter readRemoteInvocation method untrusted java deserialization,"Pivotal Spring Framework through 5.3.16 suffers from a potential remote code execution (RCE) issue if used for Java deserialization of untrusted data. Depending on how the library is implemented within a product, this issue may or not occur, and authentication may be required. NOTE: the vendor's position is that untrusted data is not an intended use case. The product's behavior will not be changed because some users rely on deserialization of trusted data.",CRITICAL,org.springframework:spring-web,9.8,6.0.0,Java,"https://access.redhat.com/security/cve/CVE-2016-1000027, https://bugzilla.redhat.com/show_bug.cgi?id=CVE-2016-1000027",2020-01-02T23:15:11.857Z,['Trivy'],Trivy,1,0.8,"['Java', 'pom.xml']",0,Unknown,,0.32257,0.98201,0,7,prod,platform,0,['internal-service'],0,0,1,0,1,timesheet-devops-app,1,0,99,[],51.1
CVE-2022-22965,Remote Code Execution (RCE),"## Overview
[org.springframework:spring-beans](https://www.baeldung.com/spring-bean) is a package that is the basis for Spring Framework's IoC container. The BeanFactory interface provides an advanced configuration mechanism capable of managing any type of object.

Affected versions of this package are vulnerable to Remote Code Execution (RCE) via manipulation of `ClassLoader` that is achievable with a POST HTTP request. This could allow an attacker to execute a webshell on a victim's application (TomCat), or download arbitrary files from the server (Payara/Glassfish).

**Note:** 
* Current public exploits require victim applications to be built with JRE version 9 (or above) and to be deployed on either Tomcat, Payara, or Glassfish. 

* However, we have confirmed that it is technically possible for additional exploits to work under additional application configurations as well. 

* As such, while we recommend users prioritize first remediating against the configuration described above, for full protection, we also recommend upgrading all vulnerable versions to the fixed `spring-beans` version regardless of the application configuration.

### Update Log 
* **31/03/2022 -** Severity was raised from 8.1 to 9.8
* **08/04/2022 -** Advisory was updated to reflect that Snyk's security research team was able to author a working PoC of this vulnerability against applications that are deployed on Payara (which is based on Glassfish). 


## PoC
```java
1/ docker run -p 8888:8080 --rm --interactive --tty --name vm1 tomcat:9.0
2/ ./mvnw install
3/ docker cp target/handling-form-submission-complete.war vm1:/usr/local/tomcat/webapps
4/ curl -X POST \
  -H ""pre:<%"" \
  -H ""post:;%>"" \
  -F 'class.module.classLoader.resources.context.parent.pipeline.first.pattern=%{pre}iSystem.out.println(123)%{post}i' \
  -F 'class.module.classLoader.resources.context.parent.pipeline.first.suffix=.jsp' \
  -F 'class.module.classLoader.resources.context.parent.pipeline.first.directory=webapps/handling-form-submission-complete' \
  -F 'class.module.classLoader.resources.context.parent.pipeline.first.prefix=rce' \
  -F 'class.module.classLoader.resources.context.parent.pipeline.first.fileDateFormat=' \
  http://localhost:8888/handling-form-submission-complete/greeting
5/ curl http://localhost:8888/handling-form-submission-complete/rce.jsp
```
## Remediation
Upgrade `org.springframework:spring-beans` to version 5.2.20, 5.3.18 or higher.
## References
- [CyberKendra Post](https://www.cyberkendra.com/2022/03/springshell-rce-0-day-vulnerability.html)
- [GitHub Commit](https://github.com/spring-projects/spring-framework/commit/002546b3e4b8d791ea6acccb81eb3168f51abb15)
- [LunaSec Blog](https://www.lunasec.io/docs/blog/spring-rce-vulnerabilities/)
- [Payara Blogpost](https://blog.payara.fish/payara-and-spring4shell)
- [Payara PoC](https://github.com/CalumHutton/CVE-2022-22965-PoC_Payara)
- [Snyk Blog - Technical Breakdown](https://snyk.io/blog/spring4shell-zero-day-rce-spring-framework-explained/)
- [Snyk PoC](https://github.com/Kirill89/CVE-2022-22965-PoC)
- [Spring Security Announcement](https://spring.io/blog/2022/03/31/spring-framework-rce-early-announcement)
- [Spring Tomcat Mitigation Advice](https://spring.io/blog/2022/04/01/spring-framework-rce-mitigation-alternative)
- [CISA - Known Exploited Vulnerabilities](https://www.cisa.gov/known-exploited-vulnerabilities-catalog)
- [Nuclei Templates](https://github.com/projectdiscovery/nuclei-templates/blob/main/dast/cves/2022/CVE-2022-22965.yaml)
- [PoC in GitHub](https://github.com/wjl110/CVE-2022-22965_Spring_Core_RCE)
",CRITICAL,org.springframework:spring-beans,9.8,5.2.20,tn.esprit.spring.services:timesheet-devops@1.0,,,"['Snyk', 'Trivy']",Snyk,2,1.0,"['tn.esprit.spring.services:timesheet-devops@1.0', 'Java', 'pom.xml']",1,Unknown,2022-04-25,0.99638,0.99948,1,7,prod,platform,0,['internal-service'],0,0,1,0,1,timesheet-devops-app,1,0,99,[],84.5
CVE-2023-20873,spring-boot: Security Bypass With Wildcard Pattern Matching on Cloud Foundry,"In Spring Boot versions 3.0.0 - 3.0.5, 2.7.0 - 2.7.10, and older unsupported versions, an application that is deployed to Cloud Foundry could be susceptible to a security bypass. Users of affected versions should apply the following mitigation: 3.0.x users should upgrade to 3.0.6+. 2.7.x users should upgrade to 2.7.11+. Users of older, unsupported versions should upgrade to 3.0.6+ or 2.7.11+.",CRITICAL,org.springframework.boot:spring-boot-actuator-autoconfigure,9.8,2.5.15,tn.esprit.spring.services:timesheet-devops@1.0,"https://access.redhat.com/security/cve/CVE-2023-20873, https://github.com/advisories/GHSA-g5h3-w546-pj7f",2023-04-20T21:15:08.717Z,"['Snyk', 'Trivy']",Snyk,2,1.0,"['tn.esprit.spring.services:timesheet-devops@1.0', 'Java', 'pom.xml']",0,Unknown,,0.01122,0.63956,0,7,prod,platform,0,['internal-service'],0,0,1,0,0,timesheet-devops-app,1,0,99,[],44.8
CVE-2023-20860,Improper Access Control,"## Overview
[org.springframework:spring-webmvc](https://mvnrepository.com/artifact/org.springframework/spring-webmvc) is a package that provides Model-View-Controller (MVC) architecture and ready components that can be used to develop flexible and loosely coupled web applications.

Affected versions of this package are vulnerable to Improper Access Control when using an un-prefixed double wildcard pattern (`""**""`) in the Spring Security configuration with the `mvcRequestMatcher`. This configuration creates a pattern-matching discrepancy between Spring Security and Spring MVC, potentially allowing unauthorized access.

**Note:**
The Spring security team have published information about an existing PoC, but have not shared the PoC itself publicly, therefore we don't currently have the ability to verify it.
## Remediation
Upgrade `org.springframework:spring-webmvc` to version 5.3.26, 6.0.7 or higher.
## References
- [GitHub Commit](https://github.com/spring-projects/spring-framework/commit/202fa5cdb3a3d0cfe6967e85fa167d978244f28a)
- [Spring Blog](https://spring.io/blog/2023/03/20/spring-framework-6-0-7-and-5-3-26-fix-cve-2023-20860-and-cve-2023-20861)
- [Spring Security Advisory](https://spring.io/security/cve-2023-20860)
",CRITICAL,org.springframework:spring-webmvc,9.1,5.3.26,tn.esprit.spring.services:timesheet-devops@1.0,,,"['Snyk', 'Trivy']",Snyk,2,1.0,"['tn.esprit.spring.services:timesheet-devops@1.0', 'Java', 'pom.xml']",0,Unknown,,0.03514,0.884,0,7,prod,platform,0,['internal-service'],0,0,1,0,0,timesheet-devops-app,1,0,99,[],45.3
GHSA-36p3-wjmg-h94x,Remote Code Execution in Spring Framework,Remote Code Execution in Spring Framework,CRITICAL,spring-beans,9.8,5.3.18,spring-beans v5.3.9,https://github.com/advisories/GHSA-36p3-wjmg-h94x,,['Grype'],Grype,1,0.5,['spring-beans v5.3.9'],0,Unknown,,0.0,0.0,0,7,prod,platform,0,['internal-service'],0,0,1,0,0,timesheet-devops-app,1,0,99,[],44.6
GHSA-36p3-wjmg-h94x,Remote Code Execution in Spring Framework,Remote Code Execution in Spring Framework,CRITICAL,spring-boot-starter-web,9.8,2.5.12,spring-boot-starter-web v2.5.4,https://github.com/advisories/GHSA-36p3-wjmg-h94x,,['Grype'],Grype,1,0.5,['spring-boot-starter-web v2.5.4'],0,Unknown,,0.0,0.0,0,7,prod,platform,0,['internal-service'],0,0,1,0,0,timesheet-devops-app,1,0,99,[],44.6
CVE-2026-22733,Authentication Bypass Using an Alternate Path or Channel,"## Overview

Affected versions of this package are vulnerable to Authentication Bypass Using an Alternate Path or Channel via the Actuator CloudFoundry endpoints. An attacker can gain unauthorized access to protected endpoints by sending requests to application endpoints declared under the CloudFoundry Actuator path.

**Note:**

This is only exploitable if all of the following conditions are met:

- the application is a web application

- the application contributes an application endpoint that requires authentication under a subpath, like `""/cloudfoundryapplication/admin""`
## Remediation
Upgrade `org.springframework.boot:spring-boot-actuator-autoconfigure` to version 3.5.12, 4.0.4 or higher.
## References
- [GitHub Commit](https://github.com/spring-projects/spring-boot/commit/01fbede2b27237616e215fe0df7c294ae47bdd73)
- [Spring Advisory](https://spring.io/security/cve-2026-22733)
",CRITICAL,org.springframework.boot:spring-boot-actuator-autoconfigure,9.2,3.5.12,tn.esprit.spring.services:timesheet-devops@1.0,,,"['Snyk', 'Trivy']",Snyk,2,1.0,"['tn.esprit.spring.services:timesheet-devops@1.0', 'pom.xml']",0,Unknown,,0.0036,0.28973,0,7,prod,platform,0,['internal-service'],0,0,1,0,0,timesheet-devops-app,1,0,99,[],44.7
CVE-2025-66614,Improper Certificate Validation,"## Overview
[org.apache.tomcat.embed:tomcat-embed-core](https://mvnrepository.com/artifact/org.apache.tomcat.embed/tomcat-embed-core) is a Core Tomcat implementation.

Affected versions of this package are vulnerable to Improper Certificate Validation in the SNI extension, when client certificate authentication relies exclusively on the Connector (and is not enforced in the web application). The hostname provided via the SNI extension may be different from the hostname in the HTTP host header field.
## Remediation
Upgrade `org.apache.tomcat.embed:tomcat-embed-core` to version 9.0.113, 10.1.50, 11.0.15 or higher.
## References
- [Apache Mailing List](https://lists.apache.org/thread/vw6lxtlh2qbqwpb61wd3sv1flm2nttw7)
- [GitHub Commit](https://github.com/apache/tomcat/commit/258a591b61f8cf5c22109e21e5a2a38b63454fd2)
",CRITICAL,org.apache.tomcat.embed:tomcat-embed-core,9.1,9.0.113,tn.esprit.spring.services:timesheet-devops@1.0,,,['Snyk'],Snyk,1,0.8,['tn.esprit.spring.services:timesheet-devops@1.0'],0,Unknown,,0.00235,0.14346,0,7,prod,platform,0,['internal-service'],0,0,1,0,0,timesheet-devops-app,1,0,99,[],44.6
CVE-2025-24813,tomcat: Potential RCE and/or information disclosure and/or information corruption with partial PUT,"Path Equivalence: 'file.Name' (Internal Dot) leading to Remote Code Execution and/or Information disclosure and/or malicious content added to uploaded files via write enabled Default Servlet in Apache Tomcat.

This issue affects Apache Tomcat: from 11.0.0-M1 through 11.0.2, from 10.1.0-M1 through 10.1.34, from 9.0.0.M1 through 9.0.98.
The following versions were EOL at the time the CVE was created but are 
known to be affected: 8.5.0 though 8.5.100. Other, older, EOL versions 
may also be affected.


If all of the following were true, a malicious user was able to view       security sensitive files and/or inject content into those files:
- writes enabled for the default servlet (disabled by default)
- support for partial PUT (enabled by default)
- a target URL for security sensitive uploads that was a sub-directory of a target URL for public uploads
- attacker knowledge of the names of security sensitive files being uploaded
- the security sensitive files also being uploaded via partial PUT

If all of the following were true, a malicious user was able to       perform remote code execution:
- writes enabled for the default servlet (disabled by default)
- support for partial PUT (enabled by default)
- application was using Tomcat's file based session persistence with the default storage location
- application included a library that may be leveraged in a deserialization attack

Users are recommended to upgrade to version 11.0.3, 10.1.35 or 9.0.99, which fixes the issue.",CRITICAL,org.apache.tomcat.embed:tomcat-embed-core,9.8,9.0.99,tn.esprit.spring.services:timesheet-devops@1.0,"http://www.openwall.com/lists/oss-security/2025/03/10/5, https://access.redhat.com/errata/RHSA-2025:3645",2025-03-10T17:15:35.067Z,"['Snyk', 'Trivy']",Snyk,2,1.0,"['tn.esprit.spring.services:timesheet-devops@1.0', 'Java', 'pom.xml']",1,Unknown,2025-04-22,0.99927,0.99968,1,7,prod,platform,0,['internal-service'],0,0,1,0,1,timesheet-devops-app,1,0,99,[],84.6
CVE-2024-50379,Time-of-check Time-of-use (TOCTOU) Race Condition,"## Overview
[org.apache.tomcat.embed:tomcat-embed-core](https://mvnrepository.com/artifact/org.apache.tomcat.embed/tomcat-embed-core) is a Core Tomcat implementation.

Affected versions of this package are vulnerable to Time-of-check Time-of-use (TOCTOU) Race Condition. On case insensitive file systems, when the default servlet is write-enabled, an attacker can upload a malicious file containing executable code and bypass case sensitivity checks, causing it to be treated as a JSP and executed.

This vector has been observed when the application is under load and read and upload operations are performed on the same file simultaneously.

**Note:**

The default `readonly` initialization parameter value of `true` is not vulnerable.

This is related to [CVE-2024-56337](https://security.snyk.io/vuln/SNYK-JAVA-ORGAPACHETOMCAT-8547998) where additional configurations are defined to fully mitigate this issue as upgrading to the fixed version doesn't fully mitigate this vulnerability;

In addition to upgrading to the fixed version, users are advised to apply the following mitigations, depending on which version of Java they are using with Tomcat :

1) running on Java 8 or Java 11: the system property `sun.io.useCanonCaches` must be explicitly set to false (it defaults
to true)

2) running on Java 17: the system property `sun.io.useCanonCaches`, if set, must be set to false (it defaults to false)

3) running on Java 21 onwards: no further configuration is required (the system property and the problematic cache have been removed)
## Remediation
Upgrade `org.apache.tomcat.embed:tomcat-embed-core` to version 9.0.98, 10.1.34, 11.0.2 or higher.
## References
- [Apache Advisory](https://lists.apache.org/thread/y6lj6q1xnp822g6ro70tn19sgtjmr80r)
- [Apache Tomcat Advisory](https://tomcat.apache.org/security-10.html#Fixed_in_Apache_Tomcat_10.1.34)
- [Apache Tomcat Advisory](https://tomcat.apache.org/security-11.html#Fixed_in_Apache_Tomcat_11.0.2)
- [Apache Tomcat Advisory](https://tomcat.apache.org/security-9.html#Fixed_in_Apache_Tomcat_9.0.98)
- [Blog Post](https://medium.com/@patelvidhi4288/deep-dive-poc-of-cve-2024-50379-exploit-tomcat-vulnerability-9-8-severity-776cfcfcf3ed)
- [GitHub Commit](https://github.com/apache/tomcat/commit/05ddeeaa54df1e2dc427d0164bedd6b79f78d81f)
- [GitHub Commit](https://github.com/apache/tomcat/commit/43b507ebac9d268b1ea3d908e296cc6e46795c00)
- [GitHub Commit](https://github.com/apache/tomcat/commit/631500b0c9b2a2a2abb707e3de2e10a5936e5d41)
- [GitHub Commit](https://github.com/apache/tomcat/commit/684247ae85fa633b9197b32391de59fc54703842)
- [GitHub Commit](https://github.com/apache/tomcat/commit/8554f6b1722b33a2ce8b0a3fad37825f3a75f2d2)
- [GitHub Commit](https://github.com/apache/tomcat/commit/cc7a98b57c6dc1df21979fcff94a36e068f4456c)
- [PoC in GitHub](https://github.com/iSee857/CVE-2024-50379-PoC)
",CRITICAL,org.apache.tomcat.embed:tomcat-embed-core,9.2,9.0.98,tn.esprit.spring.services:timesheet-devops@1.0,,,"['Snyk', 'Trivy']",Snyk,2,1.0,"['tn.esprit.spring.services:timesheet-devops@1.0', 'Java', 'pom.xml']",0,Unknown,,0.44312,0.98667,0,7,prod,platform,0,['internal-service'],0,0,1,0,1,timesheet-devops-app,1,0,99,[],53.5
CVE-2024-56337,Time-of-check Time-of-use (TOCTOU) Race Condition,"## Overview
[org.apache.tomcat.embed:tomcat-embed-core](https://mvnrepository.com/artifact/org.apache.tomcat.embed/tomcat-embed-core) is a Core Tomcat implementation.

Affected versions of this package are vulnerable to Time-of-check Time-of-use (TOCTOU) Race Condition due to imcomplete mitigation advice associated with [CVE-2024-50379](https://security.snyk.io/vuln/SNYK-JAVA-ORGAPACHETOMCAT-8523184) in the file-handling process with servlet write enabled.

In addition to upgrading to the fixed version, users are advised to apply the following mitigations, depending on which version of Java they are using with Tomcat :

1) running on Java 8 or Java 11: the system property `sun.io.useCanonCaches` must be explicitly set to false (it defaults to true)

2) running on Java 17: the system property `sun.io.useCanonCaches`, if set, must be set to false (it defaults to false)

3) running on Java 21 onwards: no further configuration is required (the system property and the problematic cache have been removed)
## Remediation
Upgrade `org.apache.tomcat.embed:tomcat-embed-core` to version 9.0.98, 10.1.34, 11.0.2 or higher.
## References
- [Additional Protection](https://github.com/apache/tomcat/commit/0c75cd1e3ac85944fb8ecbcf88cc38e9fa1fe4d5)
- [Apache Thread](https://lists.apache.org/thread/b2b9qrgjrz1kvo4ym8y2wkfdvwoq6qbp)
- [Apache Tomcat Advisory](https://tomcat.apache.org/security-10.html#Fixed_in_Apache_Tomcat_10.1.34)
- [Apache Tomcat Advisory](https://tomcat.apache.org/security-11.html#Fixed_in_Apache_Tomcat_11.0.2)
- [Apache Tomcat Advisory](https://tomcat.apache.org/security-9.html#Fixed_in_Apache_Tomcat_9.0.98)
- [Follow-up PR](https://github.com/apache/tomcat/pull/858)
- [GitHub Commit](https://github.com/apache/tomcat/commit/43b507ebac9d268b1ea3d908e296cc6e46795c00)
- [GitHub Commit](https://github.com/apache/tomcat/commit/631500b0c9b2a2a2abb707e3de2e10a5936e5d41)
- [PoC](https://github.com/SleepingBag945/CVE-2024-50379)
",CRITICAL,org.apache.tomcat.embed:tomcat-embed-core,9.2,9.0.98,tn.esprit.spring.services:timesheet-devops@1.0,,,"['Snyk', 'Trivy']",Snyk,2,1.0,"['tn.esprit.spring.services:timesheet-devops@1.0', 'Java', 'pom.xml']",0,Unknown,,0.09028,0.94913,0,7,prod,platform,0,['internal-service'],0,0,1,0,0,timesheet-devops-app,1,0,99,[],46.4
CVE-2024-52316,Uncaught Exception,"## Overview
[org.apache.tomcat.embed:tomcat-embed-core](https://mvnrepository.com/artifact/org.apache.tomcat.embed/tomcat-embed-core) is a Core Tomcat implementation.

Affected versions of this package are vulnerable to Uncaught Exception due to the custom Jakarta Authentication `ServerAuthContext` component which may throw an exception during the authentication process without setting an HTTP status to indicate failure. An attacker can gain unauthorized access by exploiting this unchecked error condition.

**Note:**

This is only exploitable if Tomcat is configured to use a custom Jakarta Authentication
`ServerAuthContext` component that behaves in this way. According to the maintainers, no such cases are known.
## PoC
```python
import requests

# Target server configuration
TARGET_URL = ""http://example.com/login""  # Replace with your target's authentication URL
TEST_HEADERS = {
    ""Content-Type"": ""application/json""
}
TEST_PAYLOAD = {
    ""username"": ""test_user"",  # Sample username
    ""password"": ""invalid_password""  # Invalid password for testing
}

def check_cve_2024_52316(target_url):
    """"""
    Test for CVE-2024-52316 vulnerability by sending crafted authentication requests.

    Args:
        target_url (str): The URL of the authentication endpoint to test.
    """"""
    try:
        print(f""[*] Sending test request to {target_url}"")
        # Send a POST request with the test payload
        response = requests.post(target_url, json=TEST_PAYLOAD, headers=TEST_HEADERS, timeout=5)
        
        # Analyze the server's response
        if response.status_code in [401, 403]:
            print(f""[SAFE] The server returned an expected HTTP status code: {response.status_code}"")
        elif response.status_code == 200:
            print(f""[VULNERABLE] Potential CVE-2024-52316 detected! Server returned status code: {response.status_code}"")
        else:
            print(f""[INFO] Unexpected HTTP status code: {response.status_code}"")
            print(""Response content:"", response.text)
    except requests.exceptions.RequestException as e:
        print(f""[ERROR] Failed to connect to the target: {e}"")

if __name__ == ""__main__"":
    print(""[START] CVE-2024-52316 Detection Script"")
    check_cve_2024_52316(TARGET_URL)
```
## Remediation
Upgrade `org.apache.tomcat.embed:tomcat-embed-core` to version 9.0.96, 10.1.31, 11.0.0 or higher.
## References
- [Apache Advisory](https://lists.apache.org/thread/lopzlqh91jj9n334g02om08sbysdb928)
- [GitHub Commit](https://github.com/apache/tomcat/commit/6d097a66746635df6880fe7662a792156b0eca14)
- [GitHub Commit](https://github.com/apache/tomcat/commit/7532f9dc4a8c37ec958f79dc82c4924a6c539223)
- [GitHub Commit](https://github.com/apache/tomcat/commit/acc2f01395f895980f5d8a64573fcc1bade13369)
- [PoC](http://github.com/TAM-K592/CVE-2024-52316)
",CRITICAL,org.apache.tomcat.embed:tomcat-embed-core,9.2,9.0.96,tn.esprit.spring.services:timesheet-devops@1.0,,,['Snyk'],Snyk,1,0.8,['tn.esprit.spring.services:timesheet-devops@1.0'],0,Unknown,,0.06246,0.93061,0,7,prod,platform,0,['internal-service'],0,0,1,0,0,timesheet-devops-app,1,0,99,[],45.8
GHSA-7phw-cxx7-q9vq,Spring Framework is vulnerable to security bypass via mvcRequestMatcher pattern mismatch,Spring Framework is vulnerable to security bypass via mvcRequestMatcher pattern mismatch,CRITICAL,spring-webmvc,9.1,5.3.26,spring-webmvc v5.3.9,https://github.com/advisories/GHSA-7phw-cxx7-q9vq,,['Grype'],Grype,1,0.5,['spring-webmvc v5.3.9'],0,Unknown,,0.0,0.0,0,7,prod,platform,0,['internal-service'],0,0,1,0,0,timesheet-devops-app,1,0,99,[],44.6
GHSA-4wrc-f8pq-fpqp,Pivotal Spring Framework contains unsafe Java deserialization methods,Pivotal Spring Framework contains unsafe Java deserialization methods,CRITICAL,spring-web,9.8,6.0.0,spring-web v5.3.9,https://github.com/advisories/GHSA-4wrc-f8pq-fpqp,,['Grype'],Grype,1,0.5,['spring-web v5.3.9'],0,Unknown,,0.0,0.0,0,7,prod,platform,0,['internal-service'],0,0,1,0,0,timesheet-devops-app,1,0,99,[],44.6
GHSA-36p3-wjmg-h94x,Remote Code Execution in Spring Framework,Remote Code Execution in Spring Framework,CRITICAL,spring-webmvc,9.8,5.3.18,spring-webmvc v5.3.9,https://github.com/advisories/GHSA-36p3-wjmg-h94x,,['Grype'],Grype,1,0.5,['spring-webmvc v5.3.9'],0,Unknown,,0.0,0.0,0,7,prod,platform,0,['internal-service'],0,0,1,0,0,timesheet-devops-app,1,0,99,[],44.6
GHSA-g5h3-w546-pj7f,Spring Boot Security Bypass with Wildcard Pattern Matching on Cloud Foundry,Spring Boot Security Bypass with Wildcard Pattern Matching on Cloud Foundry,CRITICAL,spring-boot-actuator-autoconfigure,9.8,2.5.15,spring-boot-actuator-autoconfigure v2.5.4,https://github.com/advisories/GHSA-g5h3-w546-pj7f,,['Grype'],Grype,1,0.5,['spring-boot-actuator-autoconfigure v2.5.4'],0,Unknown,,0.0,0.0,0,7,prod,platform,0,['internal-service'],0,0,1,0,0,timesheet-devops-app,1,0,99,[],44.6
GHSA-83qj-6fr2-vhqg,Apache Tomcat: Potential RCE and/or information disclosure and/or information corruption with partia,Apache Tomcat: Potential RCE and/or information disclosure and/or information corruption with partial PUT,CRITICAL,tomcat-embed-core,9.8,9.0.99,tomcat-embed-core v9.0.52,https://github.com/advisories/GHSA-83qj-6fr2-vhqg,,['Grype'],Grype,1,0.5,['tomcat-embed-core v9.0.52'],0,Unknown,,0.0,0.0,0,7,prod,platform,0,['internal-service'],0,0,1,0,0,timesheet-devops-app,1,0,99,[],44.6
CVE-2022-42004,jackson-databind: use of deeply nested arrays,"In FasterXML jackson-databind before 2.13.4, resource exhaustion can occur because of a lack of a check in BeanDeserializer._deserializeFromArray to prevent use of deeply nested arrays. An application is vulnerable only with certain customized choices for deserialization.",HIGH,com.fasterxml.jackson.core:jackson-databind,7.5,"2.12.7.1, 2.13.4",Java,"https://access.redhat.com/security/cve/CVE-2022-42004, https://bugs.chromium.org/p/oss-fuzz/issues/detail?id=50490",2022-10-02T05:15:09.237Z,['Trivy'],Trivy,1,0.8,"['Java', 'pom.xml']",0,Unknown,,0.02766,0.85291,0,7,prod,platform,0,['internal-service'],0,0,1,0,0,timesheet-devops-app,1,0,99,[],38.9
CVE-2022-45143,Improper Input Validation,"## Overview
[org.apache.tomcat.embed:tomcat-embed-core](https://mvnrepository.com/artifact/org.apache.tomcat.embed/tomcat-embed-core) is a Core Tomcat implementation.

Affected versions of this package are vulnerable to Improper Input Validation such that the `JsonErrorReportValve` does not escape the type, message or description values. In some circumstances these are constructed from user provided data and it is possible for users to supply values that invalidate or manipulate the JSON output.
## Remediation
Upgrade `org.apache.tomcat.embed:tomcat-embed-core` to version 8.5.84, 9.0.69, 10.1.2 or higher.
## References
- [Apache Thread](https://lists.apache.org/thread/yqkd183xrw3wqvnpcg3osbcryq85fkzj)
- [GitHub Commit](https://github.com/apache/tomcat/commit/1f50bff8daabb48c5f15398689988f26aac6ec56)
- [Tomcat Security Releases](https://tomcat.apache.org/security-9.html#Fixed_in_Apache_Tomcat_9.0.69)
",HIGH,org.apache.tomcat.embed:tomcat-embed-core,7.5,8.5.84,tn.esprit.spring.services:timesheet-devops@1.0,,,"['Snyk', 'Trivy']",Snyk,2,1.0,"['tn.esprit.spring.services:timesheet-devops@1.0', 'Java', 'pom.xml']",0,Unknown,,0.02505,0.83626,0,7,prod,platform,0,['internal-service'],0,0,1,0,0,timesheet-devops-app,1,0,99,[],38.9
CVE-2022-42003,jackson-databind: deep wrapper array nesting wrt UNWRAP_SINGLE_VALUE_ARRAYS,"In FasterXML jackson-databind before versions 2.13.4.1 and 2.12.17.1, resource exhaustion can occur because of a lack of a check in primitive value deserializers to avoid deep wrapper array nesting, when the UNWRAP_SINGLE_VALUE_ARRAYS feature is enabled.",HIGH,com.fasterxml.jackson.core:jackson-databind,7.5,"2.12.7.1, 2.13.4.2",Java,"https://access.redhat.com/security/cve/CVE-2022-42003, https://bugs.chromium.org/p/oss-fuzz/issues/detail?id=51020",2022-10-02T05:15:09.07Z,['Trivy'],Trivy,1,0.8,"['Java', 'pom.xml']",0,Unknown,,0.02766,0.85291,0,7,prod,platform,0,['internal-service'],0,0,1,0,0,timesheet-devops-app,1,0,99,[],38.9
CVE-2022-1471,SnakeYaml: Constructor Deserialization Remote Code Execution,SnakeYaml's Constructor() class does not restrict types which can be instantiated during deserialization. Deserializing yaml content provided by an attacker can lead to remote code execution. We recommend using SnakeYaml's SafeConsturctor when parsing untrusted content to restrict deserialization. We recommend upgrading to version 2.0 and beyond.,HIGH,org.yaml:snakeyaml,9.8,2.0,Java,"http://packetstormsecurity.com/files/175095/PyTorch-Model-Server-Registration-Deserialization-Remote-Code-Execution.html, http://www.openwall.com/lists/oss-security/2023/11/19/1",2022-12-01T11:15:10.553Z,['Trivy'],Trivy,1,0.8,"['Java', 'pom.xml']",0,Unknown,,0.99569,0.99944,1,7,prod,platform,0,['internal-service'],0,0,1,0,1,timesheet-devops-app,1,0,99,[],58.3
CVE-2022-22968,Framework: Data Binding Rules Vulnerability,"In Spring Framework versions 5.3.0 - 5.3.18, 5.2.0 - 5.2.20, and older unsupported versions, the patterns for disallowedFields on a DataBinder are case sensitive which means a field is not effectively protected unless it is listed with both upper and lower case for the first character of the field, including upper and lower case for the first character of all nested fields within the property path.",HIGH,org.springframework:spring-context,5.3,"5.3.19, 5.2.21.RELEASE",Java,"https://access.redhat.com/security/cve/CVE-2022-22968, https://github.com/spring-projects/spring-framework",2022-04-14T21:15:08.643Z,['Trivy'],Trivy,1,0.8,"['Java', 'pom.xml']",0,Unknown,,0.05666,0.92451,0,7,prod,platform,0,['internal-service'],0,0,1,0,0,timesheet-devops-app,1,0,99,[],39.5
CVE-2022-22970,springframework: DoS via data binding to multipartFile or servlet part,"In spring framework versions prior to 5.3.20+ , 5.2.22+ and old unsupported versions, applications that handle file uploads are vulnerable to DoS attack if they rely on data binding to set a MultipartFile or javax.servlet.Part to a field in a model object.",HIGH,org.springframework:spring-beans,5.3,"5.2.22.RELEASE, 5.3.20",Java,"https://access.redhat.com/security/cve/CVE-2022-22970, https://github.com/spring-projects/spring-framework",2022-05-12T20:15:15.037Z,['Trivy'],Trivy,1,0.8,"['Java', 'pom.xml']",0,Unknown,,0.01962,0.78956,0,7,prod,platform,0,['internal-service'],0,0,1,0,0,timesheet-devops-app,1,0,99,[],38.7
CVE-2022-23181,Privilege Escalation,"## Overview
[org.apache.tomcat.embed:tomcat-embed-core](https://mvnrepository.com/artifact/org.apache.tomcat.embed/tomcat-embed-core) is a Core Tomcat implementation.

Affected versions of this package are vulnerable to Privilege Escalation via a `time of check, time of use` vulnerability that allows a local attacker to perform actions with the privileges of the user that the Tomcat process is using. 
This issue is only exploitable when Tomcat is configured to persist sessions using the FileStore.
## Remediation
Upgrade `org.apache.tomcat.embed:tomcat-embed-core` to version 8.5.75, 9.0.58, 10.0.16, 10.1.0-M10 or higher.
## References
- [Apache Pony Mail](https://lists.apache.org/thread/l8x62p3k19yfcb208jo4zrb83k5mfwg9)
- [GitHub Commit](https://github.com/apache/tomcat/commit/bb33048e3f9b4f2b70e4da2e6c4e34ca89023b1b)
- [RedHat Bugzilla Bug](https://bugzilla.redhat.com/show_bug.cgi?id=2047417)
",HIGH,org.apache.tomcat.embed:tomcat-embed-core,7.0,8.5.75,tn.esprit.spring.services:timesheet-devops@1.0,,,['Snyk'],Snyk,1,0.8,['tn.esprit.spring.services:timesheet-devops@1.0'],0,Unknown,,0.00692,0.50442,0,7,prod,platform,0,['internal-service'],0,0,1,0,0,timesheet-devops-app,1,0,99,[],38.5
CVE-2022-25857,Denial of Service (DoS),"## Overview
[org.yaml:snakeyaml](https://code.google.com/p/snakeyaml/source/browse/) is a YAML 1.1 parser and emitter for Java.

Affected versions of this package are vulnerable to Denial of Service (DoS) due to missing nested depth limitation for collections.


 **NOTE:** This vulnerability has also been identified as: [CVE-2022-38749](https://security.snyk.io/vuln/SNYK-JAVA-ORGYAML-6056527)


## Details

Denial of Service (DoS) describes a family of attacks, all aimed at making a system inaccessible to its intended and legitimate users.

Unlike other vulnerabilities, DoS attacks usually do not aim at breaching security. Rather, they are focused on making websites and services unavailable to genuine users resulting in downtime.

One popular Denial of Service vulnerability is DDoS (a Distributed Denial of Service), an attack that attempts to clog network pipes to the system by generating a large volume of traffic from many machines.

When it comes to open source libraries, DoS vulnerabilities allow attackers to trigger such a crash or crippling of the service by using a flaw either in the application code or from the use of open source libraries.

Two common types of DoS vulnerabilities:

* High CPU/Memory Consumption- An attacker sending crafted requests that could cause the system to take a disproportionate amount of time to process. For example, [commons-fileupload:commons-fileupload](https://security.snyk.io/vuln/SNYK-JAVA-COMMONSFILEUPLOAD-30082).

* Crash - An attacker sending crafted requests that could cause the system to crash. For Example,  [npm `ws` package](https://snyk.io/vuln/npm:ws:20171108)

## Remediation
Upgrade `org.yaml:snakeyaml` to version 1.31 or higher.
## References
- [Bitbucket Commit](https://bitbucket.org/snakeyaml/snakeyaml/commits/fc300780da21f4bb92c148bc90257201220cf174)
- [BitBucket Issues](https://bitbucket.org/snakeyaml/snakeyaml/issues/525)
- [GitHub Commit](https://github.com/snakeyaml/snakeyaml/commit/fc300780da21f4bb92c148bc90257201220cf174)
",HIGH,org.yaml:snakeyaml,7.5,1.31,tn.esprit.spring.services:timesheet-devops@1.0,,,"['Snyk', 'Trivy']",Snyk,2,1.0,"['tn.esprit.spring.services:timesheet-devops@1.0', 'Java', 'pom.xml']",0,Unknown,,0.02749,0.85185,0,7,prod,platform,0,['internal-service'],0,0,1,0,0,timesheet-devops-app,1,0,99,[],38.9
CVE-2022-38749,Denial of Service (DoS),"## Overview
[org.yaml:snakeyaml](https://code.google.com/p/snakeyaml/source/browse/) is a YAML 1.1 parser and emitter for Java.

Affected versions of this package are vulnerable to Denial of Service (DoS) due to missing nested depth limitation for collections.


 **NOTE:** This vulnerability has also been identified as: [CVE-2022-25857](https://security.snyk.io/vuln/SNYK-JAVA-ORGYAML-2806360)


## Details

Denial of Service (DoS) describes a family of attacks, all aimed at making a system inaccessible to its intended and legitimate users.

Unlike other vulnerabilities, DoS attacks usually do not aim at breaching security. Rather, they are focused on making websites and services unavailable to genuine users resulting in downtime.

One popular Denial of Service vulnerability is DDoS (a Distributed Denial of Service), an attack that attempts to clog network pipes to the system by generating a large volume of traffic from many machines.

When it comes to open source libraries, DoS vulnerabilities allow attackers to trigger such a crash or crippling of the service by using a flaw either in the application code or from the use of open source libraries.

Two common types of DoS vulnerabilities:

* High CPU/Memory Consumption- An attacker sending crafted requests that could cause the system to take a disproportionate amount of time to process. For example, [commons-fileupload:commons-fileupload](https://security.snyk.io/vuln/SNYK-JAVA-COMMONSFILEUPLOAD-30082).

* Crash - An attacker sending crafted requests that could cause the system to crash. For Example,  [npm `ws` package](https://snyk.io/vuln/npm:ws:20171108)

## Remediation
Upgrade `org.yaml:snakeyaml` to version 1.31 or higher.
## References
- [Bitbucket Commit](https://bitbucket.org/snakeyaml/snakeyaml/commits/fc300780da21f4bb92c148bc90257201220cf174)
- [BitBucket Issues](https://bitbucket.org/snakeyaml/snakeyaml/issues/525)
- [GitHub Commit](https://github.com/snakeyaml/snakeyaml/commit/fc300780da21f4bb92c148bc90257201220cf174)
",HIGH,org.yaml:snakeyaml,7.5,1.31,tn.esprit.spring.services:timesheet-devops@1.0,,,['Snyk'],Snyk,1,0.8,['tn.esprit.spring.services:timesheet-devops@1.0'],0,Unknown,,0.02061,0.80022,0,7,prod,platform,0,['internal-service'],0,0,1,0,0,timesheet-devops-app,1,0,99,[],38.8
CVE-2021-46877,jackson-databind: Possible DoS if using JDK serialization to serialize JsonNode,jackson-databind 2.10.x through 2.12.x before 2.12.6 and 2.13.x before 2.13.1 allows attackers to cause a denial of service (2 GB transient heap usage per read) in uncommon situations involving JsonNode JDK serialization.,HIGH,com.fasterxml.jackson.core:jackson-databind,7.5,"2.12.6, 2.13.1",Java,"https://access.redhat.com/security/cve/CVE-2021-46877, https://github.com/FasterXML/jackson-databind",2023-03-18T22:15:11.357Z,['Trivy'],Trivy,1,0.8,"['Java', 'pom.xml']",0,Unknown,,0.01124,0.64001,0,7,prod,platform,0,['internal-service'],0,0,1,0,0,timesheet-devops-app,1,0,99,[],38.6
CVE-2020-36518,Denial of Service (DoS),"## Overview
[com.fasterxml.jackson.core:jackson-databind](https://github.com/FasterXML/jackson-databind) is a library which contains the general-purpose data-binding functionality and tree-model for Jackson Data Processor.

Affected versions of this package are vulnerable to Denial of Service (DoS) via a large depth of nested objects.

## Details

Denial of Service (DoS) describes a family of attacks, all aimed at making a system inaccessible to its intended and legitimate users.

Unlike other vulnerabilities, DoS attacks usually do not aim at breaching security. Rather, they are focused on making websites and services unavailable to genuine users resulting in downtime.

One popular Denial of Service vulnerability is DDoS (a Distributed Denial of Service), an attack that attempts to clog network pipes to the system by generating a large volume of traffic from many machines.

When it comes to open source libraries, DoS vulnerabilities allow attackers to trigger such a crash or crippling of the service by using a flaw either in the application code or from the use of open source libraries.

Two common types of DoS vulnerabilities:

* High CPU/Memory Consumption- An attacker sending crafted requests that could cause the system to take a disproportionate amount of time to process. For example, [commons-fileupload:commons-fileupload](https://security.snyk.io/vuln/SNYK-JAVA-COMMONSFILEUPLOAD-30082).

* Crash - An attacker sending crafted requests that could cause the system to crash. For Example,  [npm `ws` package](https://snyk.io/vuln/npm:ws:20171108)

## Remediation
Upgrade `com.fasterxml.jackson.core:jackson-databind` to version 2.12.6.1, 2.13.2.1 or higher.
## References
- [GitHub Commit](https://github.com/FasterXML/jackson-databind/commit/8238ab41d0350fb915797c89d46777b4496b74fd)
- [GitHub Commit](https://github.com/FasterXML/jackson-databind/commit/fcfc4998ec23f0b1f7f8a9521c2b317b6c25892b)
- [GitHub Issue](https://github.com/FasterXML/jackson-databind/issues/2816)
- [GitHub PR](https://github.com/FasterXML/jackson-databind/pull/3416)
",HIGH,com.fasterxml.jackson.core:jackson-databind,7.5,2.12.6.1,tn.esprit.spring.services:timesheet-devops@1.0,,,"['Snyk', 'Trivy']",Snyk,2,1.0,"['tn.esprit.spring.services:timesheet-devops@1.0', 'Java', 'pom.xml']",0,Unknown,,0.0486,0.91426,0,7,prod,platform,0,['internal-service'],0,0,1,0,0,timesheet-devops-app,1,0,99,[],39.3
CVE-2024-23672,Denial of Service (DoS),"## Overview

Affected versions of this package are vulnerable to Denial of Service (DoS) when a WebSocket client can keep a WebSocket connection open which is leading to increased resource consumption.

## Details

Denial of Service (DoS) describes a family of attacks, all aimed at making a system inaccessible to its intended and legitimate users.

Unlike other vulnerabilities, DoS attacks usually do not aim at breaching security. Rather, they are focused on making websites and services unavailable to genuine users resulting in downtime.

One popular Denial of Service vulnerability is DDoS (a Distributed Denial of Service), an attack that attempts to clog network pipes to the system by generating a large volume of traffic from many machines.

When it comes to open source libraries, DoS vulnerabilities allow attackers to trigger such a crash or crippling of the service by using a flaw either in the application code or from the use of open source libraries.

Two common types of DoS vulnerabilities:

* High CPU/Memory Consumption- An attacker sending crafted requests that could cause the system to take a disproportionate amount of time to process. For example, [commons-fileupload:commons-fileupload](https://security.snyk.io/vuln/SNYK-JAVA-COMMONSFILEUPLOAD-30082).

* Crash - An attacker sending crafted requests that could cause the system to crash. For Example,  [npm `ws` package](https://snyk.io/vuln/npm:ws:20171108)

## Remediation
Upgrade `org.apache.tomcat.embed:tomcat-embed-websocket` to version 8.5.99, 9.0.86, 10.1.19, 1.0.0-M17 or higher.
## References
- [Apache Thread](https://lists.apache.org/thread/cmpswfx6tj4s7x0nxxosvfqs11lvdx2f)
- [GitHub Commit](https://github.com/apache/tomcat/commit/b0e3b1bd78de270d53e319d7cb79eb282aa53cb9)
",HIGH,org.apache.tomcat.embed:tomcat-embed-websocket,7.5,8.5.99,tn.esprit.spring.services:timesheet-devops@1.0,,,['Snyk'],Snyk,1,0.8,['tn.esprit.spring.services:timesheet-devops@1.0'],0,Unknown,,0.02313,0.82232,0,7,prod,platform,0,['internal-service'],0,0,1,0,0,timesheet-devops-app,1,0,99,[],38.8
CVE-2024-22262,springframework: URL Parsing with Host Validation,"Applications that use UriComponentsBuilder to parse an externally provided URL (e.g. through a query parameter) AND perform validation checks on the host of the parsed URL may be vulnerable to a  open redirect https://cwe.mitre.org/data/definitions/601.html  attack or to a SSRF attack if the URL is used after passing validation checks.

This is the same as  CVE-2024-22259 https://spring.io/security/cve-2024-22259  and  CVE-2024-22243 https://spring.io/security/cve-2024-22243 , but with different input.",HIGH,org.springframework:spring-web,8.1,"5.3.34, 6.0.19, 6.1.6",Java,"https://access.redhat.com/security/cve/CVE-2024-22262, https://github.com/spring-projects/spring-framework",2024-04-16T06:15:46.27Z,['Trivy'],Trivy,1,0.8,"['Java', 'pom.xml']",0,Unknown,,0.01191,0.6581,0,7,prod,platform,0,['internal-service'],0,0,1,0,0,timesheet-devops-app,1,0,99,[],38.6
CVE-2024-22259,Open Redirect,"## Overview
[org.springframework:spring-web](https://github.com/spring-projects/spring-framework) is a package that provides a comprehensive programming and configuration model for modern Java-based enterprise applications - on any kind of deployment platform.

Affected versions of this package are vulnerable to Open Redirect when using `UriComponentsBuilder` to parse an externally provided `URL` and perform validation checks on the host of the parsed URL. 

**Note:**
This is the same as [CVE-2024-22243](https://security.snyk.io/vuln/SNYK-JAVA-ORGSPRINGFRAMEWORK-6261586), but with different input.
## Remediation
Upgrade `org.springframework:spring-web` to version 5.3.33, 6.0.18, 6.1.5 or higher.
## References
- [GitHub Commit](https://github.com/spring-projects/spring-framework/commit/1d2b55e670bcdaa19086f6af9a5cec31dd0390f0)
- [Spring Advisory](https://spring.io/security/cve-2024-22259)
",HIGH,org.springframework:spring-web,7.1,5.3.33,tn.esprit.spring.services:timesheet-devops@1.0,,,"['Snyk', 'Trivy']",Snyk,2,1.0,"['tn.esprit.spring.services:timesheet-devops@1.0', 'Java', 'pom.xml']",0,Unknown,,0.02573,0.84099,0,7,prod,platform,0,['internal-service'],0,0,1,0,0,timesheet-devops-app,1,0,99,[],38.9
CVE-2024-22243,Open Redirect,"## Overview
[org.springframework:spring-web](https://github.com/spring-projects/spring-framework) is a package that provides a comprehensive programming and configuration model for modern Java-based enterprise applications - on any kind of deployment platform.

Affected versions of this package are vulnerable to Open Redirect when `UriComponentsBuilder` parses an externally provided URL, and the application subsequently uses that URL. If it contains hierarchical components such as path, query, and fragment it may evade validation.
## Remediation
Upgrade `org.springframework:spring-web` to version 5.3.32, 6.0.17, 6.1.4 or higher.
## References
- [GitHub Commit](https://github.com/spring-projects/spring-framework/commit/120ea0a51c63171e624ca55dbd7cae627d53a042)
- [PoC](https://github.com/SeanPesce/CVE-2024-22243)
- [Spring Advisory](https://spring.io/security/cve-2024-22243)
",HIGH,org.springframework:spring-web,7.1,5.3.32,tn.esprit.spring.services:timesheet-devops@1.0,,,"['Snyk', 'Trivy']",Snyk,2,1.0,"['tn.esprit.spring.services:timesheet-devops@1.0', 'Java', 'pom.xml']",0,Unknown,,0.03967,0.89739,0,7,prod,platform,0,['internal-service'],0,0,1,0,0,timesheet-devops-app,1,0,99,[],39.1
CVE-2023-6481,Uncontrolled Resource Consumption ('Resource Exhaustion'),"## Overview
[ch.qos.logback:logback-classic](https://mvnrepository.com/artifact/ch.qos.logback/logback-classic) is a reliable, generic, fast and flexible logging library for Java.

Affected versions of this package are vulnerable to Uncontrolled Resource Consumption ('Resource Exhaustion') via the `logback receiver` component. An attacker can mount a denial-of-service attack by sending poisoned data.

**Note:**

Successful exploitation requires the logback-receiver component being enabled and also reachable by the attacker.
## Remediation
Upgrade `ch.qos.logback:logback-classic` to version 1.2.13, 1.3.14, 1.4.14 or higher.
## References
- [GitHub Commit](https://github.com/qos-ch/logback/commit/7018a3609c7bcc9dc7bf5903509901a986e5f578)
- [GitHub Commit](https://github.com/qos-ch/logback/commit/bb095154be011267b64e37a1d401546e7cc2b7c3)
- [GitHub Commit](https://github.com/qos-ch/logback/commit/c612b2fa3caf6eef3c75f1cd5859438451d0fd6f)
- [Release Notes](https://logback.qos.ch/news.html#1.2.13)
- [Release Notes](https://logback.qos.ch/news.html#1.3.14)
",HIGH,ch.qos.logback:logback-classic,7.1,1.2.13,tn.esprit.spring.services:timesheet-devops@1.0,,,['Snyk'],Snyk,1,0.8,['tn.esprit.spring.services:timesheet-devops@1.0'],0,Unknown,,0.00682,0.50055,0,7,prod,platform,0,['internal-service'],0,0,1,0,0,timesheet-devops-app,1,0,99,[],38.5
CVE-2023-6378,Denial of Service (DoS),"## Overview
[ch.qos.logback:logback-classic](https://mvnrepository.com/artifact/ch.qos.logback/logback-classic) is a reliable, generic, fast and flexible logging library for Java.

Affected versions of this package are vulnerable to Denial of Service (DoS). An attacker can mount a denial-of-service attack by sending poisoned data. This is only exploitable if logback receiver component is deployed.

## Details

Denial of Service (DoS) describes a family of attacks, all aimed at making a system inaccessible to its intended and legitimate users.

Unlike other vulnerabilities, DoS attacks usually do not aim at breaching security. Rather, they are focused on making websites and services unavailable to genuine users resulting in downtime.

One popular Denial of Service vulnerability is DDoS (a Distributed Denial of Service), an attack that attempts to clog network pipes to the system by generating a large volume of traffic from many machines.

When it comes to open source libraries, DoS vulnerabilities allow attackers to trigger such a crash or crippling of the service by using a flaw either in the application code or from the use of open source libraries.

Two common types of DoS vulnerabilities:

* High CPU/Memory Consumption- An attacker sending crafted requests that could cause the system to take a disproportionate amount of time to process. For example, [commons-fileupload:commons-fileupload](https://security.snyk.io/vuln/SNYK-JAVA-COMMONSFILEUPLOAD-30082).

* Crash - An attacker sending crafted requests that could cause the system to crash. For Example,  [npm `ws` package](https://snyk.io/vuln/npm:ws:20171108)

## Remediation
Upgrade `ch.qos.logback:logback-classic` to version 1.2.13, 1.3.12, 1.4.12 or higher.
## References
- [Changelog](https://logback.qos.ch/news.html#1.3.12)
- [GitHub Commit](https://github.com/qos-ch/logback/commit/9c782b45be4abdafb7e17481e24e7354c2acd1eb)
- [GitHub Commit](https://github.com/qos-ch/logback/commit/b8eac23a9de9e05fb6d51160b3f46acd91af9731)
- [GitHub Commit](https://github.com/qos-ch/logback/commit/bb095154be011267b64e37a1d401546e7cc2b7c3)
",HIGH,ch.qos.logback:logback-classic,7.1,1.2.13,tn.esprit.spring.services:timesheet-devops@1.0,,,"['Snyk', 'Trivy']",Snyk,2,1.0,"['tn.esprit.spring.services:timesheet-devops@1.0', 'Java', 'pom.xml']",0,Unknown,,0.009,0.57226,0,7,prod,platform,0,['internal-service'],0,0,1,0,0,timesheet-devops-app,1,0,99,[],38.5
CVE-2023-46589,Improper Input Validation,"## Overview
[org.apache.tomcat.embed:tomcat-embed-core](https://mvnrepository.com/artifact/org.apache.tomcat.embed/tomcat-embed-core) is a Core Tomcat implementation.

Affected versions of this package are vulnerable to Improper Input Validation due to the improper parsing of HTTP trailer headers. An attacker can manipulate the server into treating a single request as multiple requests by sending a trailer header that exceeds the header size limit. This could lead to request smuggling when the server is behind a reverse proxy.
## Remediation
Upgrade `org.apache.tomcat.embed:tomcat-embed-core` to version 8.5.96, 9.0.83, 10.1.16, 11.0.0-M10 or higher.
## References
- [Apache Tomcat Advisory](https://lists.apache.org/thread/0rqq6ktozqc42ro8hhxdmmdjm1k1tpxr)
- [Apache Tomcat Advisory](https://tomcat.apache.org/security-10.html)
- [Apache Tomcat Advisory](https://tomcat.apache.org/security-11.html)
- [Apache Tomcat Advisory](https://tomcat.apache.org/security-8.html)
- [Apache Tomcat Advisory](https://tomcat.apache.org/security-9.html)
- [GitHub Commit](https://github.com/apache/tomcat/commit/6f181e1062a472bc5f0234980f66cbde42c1041b)
- [GitHub Commit](https://github.com/apache/tomcat/commit/7a2d8818fcea0b51747a67af9510ce7977245ebd)
- [GitHub Commit](https://github.com/apache/tomcat/commit/aa92971e879a519384c517febc39fd04c48d4642)
- [GitHub Commit](https://github.com/apache/tomcat/commit/b5776d769bffeade865061bc8ecbeb2b56167b08)
",HIGH,org.apache.tomcat.embed:tomcat-embed-core,8.6,8.5.96,tn.esprit.spring.services:timesheet-devops@1.0,,,"['Snyk', 'Trivy']",Snyk,2,1.0,"['tn.esprit.spring.services:timesheet-devops@1.0', 'Java', 'pom.xml']",0,Unknown,,0.02651,0.84589,0,7,prod,platform,0,['internal-service'],0,0,1,0,0,timesheet-devops-app,1,0,99,[],38.9
CVE-2023-44487,Denial of Service (DoS),"## Overview
[org.apache.tomcat.embed:tomcat-embed-core](https://mvnrepository.com/artifact/org.apache.tomcat.embed/tomcat-embed-core) is a Core Tomcat implementation.

Affected versions of this package are vulnerable to Denial of Service (DoS) in the implementation of the HTTP/2 protocol. An attacker can cause a denial of service (including via DDoS) by rapidly resetting many streams through request cancellation.
## Remediation
Upgrade `org.apache.tomcat.embed:tomcat-embed-core` to version 8.5.94, 9.0.81, 10.1.14, 11.0.0-M12 or higher.
## References
- [Github Commit](https://github.com/helidon-io/helidon/commit/58f43670086e530750c7cb74b0bec92bf5189c79)
- [Github Commit](https://github.com/pgjones/hypercorn/commit/7c39c68b61012a3c30979176080861c8b00fb229)
- [GitHub Commit](https://github.com/akka/akka-http/commit/1f29fe6a8567c57dfe848a21ae883304cce5646d)
- [GitHub Commit](https://github.com/apache/tomcat/commit/76bb4bfbfeae827dce896f650655bbf6e251ed49)
- [GitHub Commit](https://github.com/apache/tomcat/commit/9cdfe25bad707f34b3e5da2994f3f1952a163c3e)
- [GitHub Commit](https://github.com/eclipse/jetty.project/commit/dbb94514dc9d3fb21fe92080f57c314e7e06a148)
- [GitHub Commit](https://github.com/gravitational/teleport/commit/15f34f927a45130408eb16ed09af5620270d4d1f)
- [GitHub Commit](https://github.com/h2o/h2o/commit/28fe15117b909588bf14269a0e1c6ec4548579fe)
- [GitHub Commit](https://github.com/kubernetes/apimachinery/commit/be9188050914374ee8128239e5a2e5998d7897f5)
- [GitHub Commit](https://github.com/netty/netty/commit/58f75f665aa81a8cbcf6ffa74820042a285c5e61)
- [GitHub Commit](https://github.com/nghttp2/nghttp2/commit/72b4af6143681f528f1d237b21a9a7aee1738832)
- [GitHub Commit](https://github.com/operator-framework/operator-lifecycle-manager/commit/9ec03f07f942dc9cef736957fa152e39157d6e13)
- [Snyk Blog](https://snyk.io/blog/find-fix-http-2-rapid-reset-zero-day-vulnerability-cve-2023-44487/)
- [Vulnerability Discovery](https://blog.cloudflare.com/technical-breakdown-http2-rapid-reset-ddos-attack/)
- [Vulnerability Explanation](https://cloud.google.com/blog/products/identity-security/how-it-works-the-novel-http2-rapid-reset-ddos-attack)
- [CISA - Known Exploited Vulnerabilities](https://www.cisa.gov/known-exploited-vulnerabilities-catalog)
- [PoC in GitHub](https://github.com/Appsynergy-io/CVE-2023-44487)
- [Exploit DB](https://www.exploit-db.com/exploits/52426)
",CRITICAL,org.apache.tomcat.embed:tomcat-embed-core,8.7,8.5.94,tn.esprit.spring.services:timesheet-devops@1.0,,,['Snyk'],Snyk,1,0.8,['tn.esprit.spring.services:timesheet-devops@1.0'],1,Unknown,2023-10-31,0.99999,0.99999,1,7,prod,platform,0,['internal-service'],0,0,1,0,1,timesheet-devops-app,1,0,99,[],84.6
CVE-2023-24998,FileUpload: FileUpload DoS with excessive parts,"Apache Commons FileUpload before 1.5 does not limit the number of request parts to be processed resulting in the possibility of an attacker triggering a DoS with a malicious upload or series of uploads.




Note that, like all of the file upload limits, the
          new configuration option (FileUploadBase#setFileCountMax) is not
          enabled by default and must be explicitly configured.",HIGH,org.apache.tomcat.embed:tomcat-embed-core,7.5,"10.1.5, 11.0.0-M5, 8.5.88, 9.0.71",Java,"http://www.openwall.com/lists/oss-security/2023/05/22/1, https://access.redhat.com/errata/RHSA-2023:6570",2023-02-20T16:15:10.423Z,['Trivy'],Trivy,1,0.8,"['Java', 'pom.xml']",0,Unknown,,0.48788,0.98791,0,7,prod,platform,0,['internal-service'],0,0,1,0,0,timesheet-devops-app,1,0,99,[],48.1
CVE-2023-22102,mysql-connector-java: Connector/J unspecified vulnerability (CPU October 2023),"Vulnerability in the MySQL Connectors product of Oracle MySQL (component: Connector/J).  Supported versions that are affected are 8.1.0 and prior. Difficult to exploit vulnerability allows unauthenticated attacker with network access via multiple protocols to compromise MySQL Connectors.  Successful attacks require human interaction from a person other than the attacker and while the vulnerability is in MySQL Connectors, attacks may significantly impact additional products (scope change). Successful attacks of this vulnerability can result in takeover of MySQL Connectors. CVSS 3.1 Base Score 8.3 (Confidentiality, Integrity and Availability impacts).  CVSS Vector: (CVSS:3.1/AV:N/AC:H/PR:N/UI:R/S:C/C:H/I:H/A:H).",HIGH,mysql:mysql-connector-java,8.4,No fix available,Java,"https://access.redhat.com/security/cve/CVE-2023-22102, https://github.com/mysql/mysql-connector-j",2023-10-17T22:15:15.1Z,['Trivy'],Trivy,1,0.8,"['Java', 'pom.xml']",0,Unknown,,0.00872,0.56427,0,7,prod,platform,0,['internal-service'],0,0,1,0,0,timesheet-devops-app,1,0,99,[],38.5
CVE-2023-20883,Denial of Service (DoS),"## Overview

Affected versions of this package are vulnerable to Denial of Service (DoS) if Spring MVC is used together with a reverse proxy cache.

Specifically, an application **is vulnerable** if *all of the conditions are true*:

 - The application has Spring MVC auto-configuration enabled. This is the case by default if Spring MVC is on the classpath.
 - The application uses Spring Boot's welcome page support, either static or templated.
 - The application is deployed behind a proxy which caches 404 responses.

The application **is NOT vulnerable** if *any of the following are true*:

 - Spring MVC auto-configuration is disabled. This is true if `WebMvcAutoConfiguration` is explicitly excluded, if Spring MVC is not on the classpath, or if `spring.main.web-application-type` is set to a value other than `SERVLET`.
 - The application does not use Spring Boot's welcome page support.
 - There is no proxy which caches 404 responses.


## Workaround

Users who are unable to upgrade should configure the reverse proxy not to cache 404 responses and/or not to cache responses to requests to the root (`/`) of the application.

## Details

Denial of Service (DoS) describes a family of attacks, all aimed at making a system inaccessible to its intended and legitimate users.

Unlike other vulnerabilities, DoS attacks usually do not aim at breaching security. Rather, they are focused on making websites and services unavailable to genuine users resulting in downtime.

One popular Denial of Service vulnerability is DDoS (a Distributed Denial of Service), an attack that attempts to clog network pipes to the system by generating a large volume of traffic from many machines.

When it comes to open source libraries, DoS vulnerabilities allow attackers to trigger such a crash or crippling of the service by using a flaw either in the application code or from the use of open source libraries.

Two common types of DoS vulnerabilities:

* High CPU/Memory Consumption- An attacker sending crafted requests that could cause the system to take a disproportionate amount of time to process. For example, [commons-fileupload:commons-fileupload](https://security.snyk.io/vuln/SNYK-JAVA-COMMONSFILEUPLOAD-30082).

* Crash - An attacker sending crafted requests that could cause the system to crash. For Example,  [npm `ws` package](https://snyk.io/vuln/npm:ws:20171108)

## Remediation
Upgrade `org.springframework.boot:spring-boot-autoconfigure` to version 2.5.15, 2.6.15, 2.7.12, 3.0.7 or higher.
## References
- [GitHub Commit](https://github.com/spring-projects/spring-boot/commit/418dd1ba5bdad79b55a043000164bfcbda2acd78)
- [GitHub Issue](https://github.com/spring-projects/spring-boot/issues/35552)
- [GitHub Release](https://github.com/spring-projects/spring-boot/releases/tag/v2.5.15)
",HIGH,org.springframework.boot:spring-boot-autoconfigure,7.5,2.5.15,tn.esprit.spring.services:timesheet-devops@1.0,,,"['Snyk', 'Trivy']",Snyk,2,1.0,"['tn.esprit.spring.services:timesheet-devops@1.0', 'Java', 'pom.xml']",0,Unknown,,0.00911,0.57605,0,7,prod,platform,0,['internal-service'],0,0,1,0,0,timesheet-devops-app,1,0,99,[],38.5
CVE-2023-20863,springframework: Spring Expression DoS Vulnerability,"In spring framework versions prior to 5.2.24 release+ ,5.3.27+ and 6.0.8+ , it is possible for a user to provide a specially crafted SpEL expression that may cause a denial-of-service (DoS) condition.",HIGH,org.springframework:spring-expression,6.5,"6.0.8, 5.3.27, 5.2.24.RELEASE",Java,"https://access.redhat.com/security/cve/CVE-2023-20863, https://github.com/spring-projects/spring-framework",2023-04-13T20:15:07.777Z,['Trivy'],Trivy,1,0.8,"['Java', 'pom.xml']",0,Unknown,,0.01122,0.6396,0,7,prod,platform,0,['internal-service'],0,0,1,0,0,timesheet-devops-app,1,0,99,[],38.6
CVE-2022-42252,tomcat: request smuggling,"If Apache Tomcat 8.5.0 to 8.5.82, 9.0.0-M1 to 9.0.67, 10.0.0-M1 to 10.0.26 or 10.1.0-M1 to 10.1.0 was configured to ignore invalid HTTP headers via setting rejectIllegalHeader to false (the default for 8.5.x only), Tomcat did not reject a request containing an invalid Content-Length header making a request smuggling attack possible if Tomcat was located behind a reverse proxy that also failed to reject the request with the invalid header.",HIGH,org.apache.tomcat.embed:tomcat-embed-core,7.5,"8.5.83, 9.0.68, 10.0.27, 10.1.1",Java,"https://access.redhat.com/security/cve/CVE-2022-42252, https://github.com/apache/tomcat",2022-11-01T09:15:10.817Z,['Trivy'],Trivy,1,0.8,"['Java', 'pom.xml']",0,Unknown,,0.01544,0.73241,0,7,prod,platform,0,['internal-service'],0,0,1,0,0,timesheet-devops-app,1,0,99,[],38.7
CVE-2024-38819,Path Traversal,"## Overview
[org.springframework:spring-webmvc](https://mvnrepository.com/artifact/org.springframework/spring-webmvc) is a package that provides Model-View-Controller (MVC) architecture and ready components that can be used to develop flexible and loosely coupled web applications.

Affected versions of this package are vulnerable to Path Traversal through the functional web frameworks `WebMvc.fn` or `WebFlux.fn`. An attacker can craft malicious HTTP requests and obtain any file on the file system that is also accessible.

**Note:**
This is similar to [CVE-2024-38816](https://security.snyk.io/vuln/SNYK-JAVA-ORGSPRINGFRAMEWORK-7945490), but with different input.
## Remediation
Upgrade `org.springframework:spring-webmvc` to version 6.1.14 or higher.
## References
- [GitHub Commit](https://github.com/spring-projects/spring-framework/commit/fb7890d73975a3d9e0763e0926df2bd0a608e87e)
- [Spring Security Advisory](https://spring.io/security/cve-2024-38819)
- [PoC in GitHub](https://github.com/masa42/CVE-2024-38819-POC)
- [Nuclei Templates](https://github.com/projectdiscovery/nuclei-templates/blob/main/http/cves/2024/CVE-2024-38819.yaml)
",HIGH,org.springframework:spring-webmvc,8.7,6.1.14,tn.esprit.spring.services:timesheet-devops@1.0,,,"['Snyk', 'Trivy']",Snyk,2,1.0,"['tn.esprit.spring.services:timesheet-devops@1.0', 'Java', 'pom.xml']",0,Unknown,,0.54862,0.98951,0,7,prod,platform,0,['internal-service'],0,0,1,0,0,timesheet-devops-app,1,0,99,[],49.3
CVE-2024-38816,Path Traversal,"## Overview
[org.springframework:spring-webmvc](https://mvnrepository.com/artifact/org.springframework/spring-webmvc) is a package that provides Model-View-Controller (MVC) architecture and ready components that can be used to develop flexible and loosely coupled web applications.

Affected versions of this package are vulnerable to Path Traversal via the `WebMvc.fn` and `WebFlux.fn` frameworks. An attacker can access any file on the file system that is also accessible to the process in which the Spring application is running by crafting malicious HTTP requests.

**Note:**

This is only exploitable if the web application uses `RouterFunctions` to serve static resources and resource handling is explicitly configured with a `FileSystemResource` location.

## Workaround

This vulnerability can be mitigated by using the Spring Security HTTP Firewall or running the application on Tomcat or Jetty.
## Remediation
Upgrade `org.springframework:spring-webmvc` to version 6.1.13 or higher.
## References
- [GitHub Commit](https://github.com/spring-projects/spring-framework/commit/d86bf8b2056429edf5494456cffcb2b243331c49)
- [Spring Security Advisory](https://spring.io/security/cve-2024-38816)
- [Nuclei Templates](https://github.com/projectdiscovery/nuclei-templates/blob/main/http/cves/2024/CVE-2024-38816.yaml)
- [PoC in GitHub](https://github.com/WULINPIN/CVE-2024-38816-PoC)
",HIGH,org.springframework:spring-webmvc,8.7,6.1.13,tn.esprit.spring.services:timesheet-devops@1.0,,,"['Snyk', 'Trivy']",Snyk,2,1.0,"['tn.esprit.spring.services:timesheet-devops@1.0', 'Java', 'pom.xml']",0,Unknown,,0.14718,0.96429,0,7,prod,platform,0,['internal-service'],0,0,1,0,0,timesheet-devops-app,1,0,99,[],41.3
CVE-2025-22235,org.springframework.boot/spring-boot: Spring Boot EndpointRequest.to() creates wrong matcher if actuator endpoint is not exposed,"EndpointRequest.to() creates a matcher for null/** if the actuator endpoint, for which the EndpointRequest has been created, is disabled or not exposed.

Your application may be affected by this if all the following conditions are met:

  *  You use Spring Security
  *  EndpointRequest.to() has been used in a Spring Security chain configuration
  *  The endpoint which EndpointRequest references is disabled or not exposed via web
  *  Your application handles requests to /null and this path needs protection


You are not affected if any of the following is true:

  *  You don't use Spring Security
  *  You don't use EndpointRequest.to()
  *  The endpoint which EndpointRequest.to() refers to is enabled and is exposed
  *  Your application does not handle requests to /null or this path does not need protection",HIGH,org.springframework.boot:spring-boot,7.3,"3.3.11, 3.4.5",Java,"https://access.redhat.com/security/cve/CVE-2025-22235, https://github.com/advisories/GHSA-rc42-6c7j-7h5r",2025-04-28T08:15:15.273Z,['Trivy'],Trivy,1,0.8,"['Java', 'pom.xml']",0,Unknown,,0.00415,0.34627,0,7,prod,platform,0,['internal-service'],0,0,1,0,0,timesheet-devops-app,1,0,99,[],38.4
CVE-2025-52434,Race Condition,"## Overview
[org.apache.tomcat.embed:tomcat-embed-core](https://mvnrepository.com/artifact/org.apache.tomcat.embed/tomcat-embed-core) is a Core Tomcat implementation.

Affected versions of this package are vulnerable to Race Condition on connection close when using the APR/Native connector. An attacker could trigger a JVM crash by rapidly opening and closing HTTP/2 connections. The likelihood of hitting the race condition increases if the connections are closed from the client side.
## Remediation
Upgrade `org.apache.tomcat.embed:tomcat-embed-core` to version 9.0.107 or higher.
## References
- [Apache Advisory](https://lists.apache.org/thread/gxgh65004f25y8519coth6w7vchww030)
- [Apache Tomcat Advisory](https://tomcat.apache.org/security-9.html)
- [GitHub Commit](https://github.com/apache/tomcat/commit/8a83c3c42d20762782678932c14005cd3397a018)
",HIGH,org.apache.tomcat.embed:tomcat-embed-core,8.9,9.0.107,tn.esprit.spring.services:timesheet-devops@1.0,,,['Snyk'],Snyk,1,0.8,['tn.esprit.spring.services:timesheet-devops@1.0'],0,Unknown,,0.01909,0.78353,0,7,prod,platform,0,['internal-service'],0,0,1,0,0,timesheet-devops-app,1,0,99,[],38.7
CVE-2025-49124,Untrusted Search Path,"## Overview
[org.apache.tomcat.embed:tomcat-embed-core](https://mvnrepository.com/artifact/org.apache.tomcat.embed/tomcat-embed-core) is a Core Tomcat implementation.

Affected versions of this package are vulnerable to Untrusted Search Path via the `icacls.exe` call during Windows installation, when a full path is not specified. An attacker can execute arbitrary code with elevated privileges by placing a malicious executable in a directory that is searched before the intended system directory.
## Remediation
Upgrade `org.apache.tomcat.embed:tomcat-embed-core` to version 9.0.106, 10.1.42, 11.0.8 or higher.
## References
- [Apache Advisory](https://lists.apache.org/thread/lnow7tt2j6hb9kcpkggx32ht6o90vqzv)
- [Apache Tomcat Advisory](https://tomcat.apache.org/security-10.html#Fixed_in_Apache_Tomcat_10.1.42)
- [Apache Tomcat Advisory](https://tomcat.apache.org/security-11.html#Fixed_in_Apache_Tomcat_11.0.8)
- [Apache Tomcat Advisory](https://tomcat.apache.org/security-9.html#Fixed_in_Apache_Tomcat_9.0.106)
- [GitHub Commit](https://github.com/apache/tomcat/commit/c56456cda8151c9504dfb7985700824559d769a7)
- [GitHub Commit](https://github.com/apache/tomcat/commit/e0e07812224d327a321babb554f5a5758d30cc49)
- [OSS Security Advisory](http://www.openwall.com/lists/oss-security/2025/06/16/3)
",HIGH,org.apache.tomcat.embed:tomcat-embed-core,7.5,9.0.106,tn.esprit.spring.services:timesheet-devops@1.0,,,['Snyk'],Snyk,1,0.8,['tn.esprit.spring.services:timesheet-devops@1.0'],0,Unknown,,0.00345,0.27347,0,7,prod,platform,0,['internal-service'],0,0,1,0,0,timesheet-devops-app,1,0,99,[],38.4
CVE-2025-52520,Integer Overflow or Wraparound,"## Overview
[org.apache.tomcat.embed:tomcat-embed-core](https://mvnrepository.com/artifact/org.apache.tomcat.embed/tomcat-embed-core) is a Core Tomcat implementation.

Affected versions of this package are vulnerable to Integer Overflow or Wraparound via file uploads through servlet containers. An attacker can craft malicious multipart/form-data requests with specially crafted Content-Length headers that trigger integer overflow vulnerabilities, potentially bypassing file size restrictions and causing memory exhaustion.
## Remediation
Upgrade `org.apache.tomcat.embed:tomcat-embed-core` to version 9.0.107, 10.1.43, 11.0.9 or higher.
## References
- [Apache Advisory](https://lists.apache.org/thread/trqq01bbxw6c92zx69kx2mw2qgmfy0o5)
- [Apache Tomcat Advisory](https://tomcat.apache.org/security-9.html)
- [GitHub Commit](https://github.com/apache/tomcat/commit/927d66fbc294cb65242102b817a45fd80834e040)
",HIGH,org.apache.tomcat.embed:tomcat-embed-core,8.7,9.0.107,tn.esprit.spring.services:timesheet-devops@1.0,,,"['Snyk', 'Trivy']",Snyk,2,1.0,"['tn.esprit.spring.services:timesheet-devops@1.0', 'Java', 'pom.xml']",0,Unknown,,0.02056,0.79972,0,7,prod,platform,0,['internal-service'],0,0,1,0,0,timesheet-devops-app,1,0,99,[],38.8
CVE-2025-52999,Stack-based Buffer Overflow,"## Overview
[com.fasterxml.jackson.core:jackson-core](https://github.com/FasterXML/jackson-core) is a Core Jackson abstractions, basic JSON streaming API implementation

Affected versions of this package are vulnerable to Stack-based Buffer Overflow due to the `parse` process, which accepts an unlimited input file with deeply nested data. An attacker can cause a stack overflow and crash the application by providing input files with excessively deep nesting.
## Remediation
Upgrade `com.fasterxml.jackson.core:jackson-core` to version 2.15.0-rc1 or higher.
## References
- [GitHub Commit](https://github.com/FasterXML/jackson-core/commit/54f78a9cff5e3bace1cf8042ac1b4c3785dc9f5e)
- [GitHub PR](https://github.com/FasterXML/jackson-core/pull/943)
",HIGH,com.fasterxml.jackson.core:jackson-core,8.7,2.15.0-rc1,tn.esprit.spring.services:timesheet-devops@1.0,,,"['Snyk', 'Trivy']",Snyk,2,1.0,"['tn.esprit.spring.services:timesheet-devops@1.0', 'Java', 'pom.xml']",0,Unknown,,0.00665,0.49362,0,7,prod,platform,0,['internal-service'],0,0,1,0,0,timesheet-devops-app,1,0,99,[],38.5
CVE-2025-55752,Relative Path Traversal,"## Overview
[org.apache.tomcat.embed:tomcat-embed-core](https://mvnrepository.com/artifact/org.apache.tomcat.embed/tomcat-embed-core) is a Core Tomcat implementation.

Affected versions of this package are vulnerable to Relative Path Traversal via the URL normalization. An attacker can bypass security constraints and access restricted directories such as `/WEB-INF/` and `/META-INF/` by manipulating the request URI. If PUT requests are also enabled then malicious files could be uploaded leading to remote code execution.

**Note:**

1) Older, EOL versions may also be affected.
2) PUT requests are normally limited to trusted users and it is considered unlikely that PUT requests would be enabled in conjunction with a rewrite that manipulated the URI.
## Remediation
Upgrade `org.apache.tomcat.embed:tomcat-embed-core` to version 9.0.109, 10.1.45, 11.0.11 or higher.
## References
- [Apache Mailing List](https://lists.apache.org/thread/n05kjcwyj1s45ovs8ll1qrrojhfb1tog)
- [Apache Tomcat Advisory](https://tomcat.apache.org/security-10.html#Fixed_in_Apache_Tomcat_10.1.45)
- [Apache Tomcat Advisory](https://tomcat.apache.org/security-11.html#Fixed_in_Apache_Tomcat_11.0.11)
- [Apache Tomcat Advisory](https://tomcat.apache.org/security-9.html#Fixed_in_Apache_Tomcat_9.0.109)
- [GitHub Commit](https://github.com/apache/tomcat/commit/130d36d8492ef9e4eb22952c17c92423cb35fd06)
- [GitHub Commit](https://github.com/apache/tomcat/commit/b5042622b8b78340ae65403c55dcb9c7416924df)
- [GitHub Commit](https://github.com/apache/tomcat/commit/fec06c610ed7466b401e29cc567a58aee5ed826a)
- [PoC in GitHub](https://github.com/masahiro331/CVE-2025-55752)
",HIGH,org.apache.tomcat.embed:tomcat-embed-core,7.7,9.0.109,tn.esprit.spring.services:timesheet-devops@1.0,,,"['Snyk', 'Trivy']",Snyk,2,1.0,"['tn.esprit.spring.services:timesheet-devops@1.0', 'Java', 'pom.xml']",0,Unknown,,0.66535,0.99228,0,7,prod,platform,0,['internal-service'],0,0,1,0,1,timesheet-devops-app,1,0,99,[],51.7
CVE-2025-53506,Allocation of Resources Without Limits or Throttling,"## Overview
[org.apache.tomcat.embed:tomcat-embed-core](https://mvnrepository.com/artifact/org.apache.tomcat.embed/tomcat-embed-core) is a Core Tomcat implementation.

Affected versions of this package are vulnerable to Allocation of Resources Without Limits or Throttling via HTTP/2 multiplexing feature. an attacker can trigger resource exhaustion by creating excessive HTTP/2 streams within a single TCP connection.
## Remediation
Upgrade `org.apache.tomcat.embed:tomcat-embed-core` to version 9.0.107, 10.1.43, 11.0.9 or higher.
## References
- [Apache Tomcat Advisory](https://lists.apache.org/thread/p09775q0rd185m6zz98krg0fp45j8kr0)
- [Apache Tomcat Advisory](https://tomcat.apache.org/security-10.html)
- [Apache Tomcat Advisory](https://tomcat.apache.org/security-11.html)
- [Apache Tomcat Advisory](https://tomcat.apache.org/security-9.html)
- [GitHub Commit](https://github.com/apache/tomcat/commit/434772930f362145516dd60681134e7f0cf8115b)
",HIGH,org.apache.tomcat.embed:tomcat-embed-core,8.7,9.0.107,tn.esprit.spring.services:timesheet-devops@1.0,,,"['Snyk', 'Trivy']",Snyk,2,1.0,"['tn.esprit.spring.services:timesheet-devops@1.0', 'Java', 'pom.xml']",0,Unknown,,0.01991,0.79277,0,7,prod,platform,0,['internal-service'],0,0,1,0,0,timesheet-devops-app,1,0,99,[],38.7
CVE-2026-0603,org.hibernate/hibernate-core: Hibernate: Information disclosure and data deletion via second-order SQL injection,"A flaw was found in Hibernate. A remote attacker with low privileges could exploit a second-order SQL injection vulnerability by providing specially crafted, unsanitized non-alphanumeric characters in the ID column when the InlineIdsOrClauseBuilder is used. This could lead to sensitive information disclosure, such as reading system files, and allow for data manipulation or deletion within the application's database, resulting in an application level denial of service.",HIGH,org.hibernate:hibernate-core,8.3,No fix available,Java,"https://access.redhat.com/errata/RHSA-2026:4915, https://access.redhat.com/errata/RHSA-2026:4916",2026-01-23T07:15:53.66Z,['Trivy'],Trivy,1,0.8,"['Java', 'pom.xml']",0,Unknown,,0.00796,0.53991,0,7,prod,platform,0,['internal-service'],0,0,1,0,0,timesheet-devops-app,1,0,99,[],38.5
CVE-2026-22737,Directory Traversal,"## Overview
[org.springframework:spring-webmvc](https://mvnrepository.com/artifact/org.springframework/spring-webmvc) is a package that provides Model-View-Controller (MVC) architecture and ready components that can be used to develop flexible and loosely coupled web applications.

Affected versions of this package are vulnerable to Directory Traversal via the Script View Templates. An attacker can access sensitive file contents outside of the intended directories by leveraging the Java scripting engine in template rendering.

**Note:**

This is only exploitable if the application has a mapping for `""/**""` that results in view rendering, and where the view name is not explicitly specified.

## Details

A Directory Traversal attack (also known as path traversal) aims to access files and directories that are stored outside the intended folder. By manipulating files with ""dot-dot-slash (../)"" sequences and its variations, or by using absolute file paths, it may be possible to access arbitrary files and directories stored on file system, including application source code, configuration, and other critical system files.

Directory Traversal vulnerabilities can be generally divided into two types:

- **Information Disclosure**: Allows the attacker to gain information about the folder structure or read the contents of sensitive files on the system.

`st` is a module for serving static files on web pages, and contains a [vulnerability of this type](https://snyk.io/vuln/npm:st:20140206). In our example, we will serve files from the `public` route.

If an attacker requests the following URL from our server, it will in turn leak the sensitive private key of the root user.

```
curl http://localhost:8080/public/%2e%2e/%2e%2e/%2e%2e/%2e%2e/%2e%2e/root/.ssh/id_rsa
```
**Note** `%2e` is the URL encoded version of `.` (dot).

- **Writing arbitrary files**: Allows the attacker to create or replace existing files. This type of vulnerability is also known as `Zip-Slip`. 

One way to achieve this is by using a malicious `zip` archive that holds path traversal filenames. When each filename in the zip archive gets concatenated to the target extraction folder, without validation, the final path ends up outside of the target folder. If an executable or a configuration file is overwritten with a file containing malicious code, the problem can turn into an arbitrary code execution issue quite easily.

The following is an example of a `zip` archive with one benign file and one malicious file. Extracting the malicious file will result in traversing out of the target folder, ending up in `/root/.ssh/` overwriting the `authorized_keys` file:

```
2018-04-15 22:04:29 .....           19           19  good.txt
2018-04-15 22:04:42 .....           20           20  ../../../../../../root/.ssh/authorized_keys
```

## Remediation
Upgrade `org.springframework:spring-webmvc` to version 6.2.17, 7.0.6 or higher.
## References
- [GitHub Commit](https://github.com/spring-projects/spring-framework/commit/317a1f9909a2394a5a1b03e5e17deb25066fbaf6)
- [Spring Advisory](https://spring.io/security/cve-2026-22737)
",HIGH,org.springframework:spring-webmvc,8.2,6.2.17,tn.esprit.spring.services:timesheet-devops@1.0,,,['Snyk'],Snyk,1,0.8,['tn.esprit.spring.services:timesheet-devops@1.0'],0,Unknown,,0.00385,0.31566,0,7,prod,platform,0,['internal-service'],0,0,1,0,0,timesheet-devops-app,1,0,99,[],38.4
CVE-2026-22740,Incomplete Cleanup,"## Overview
[org.springframework:spring-web](https://github.com/spring-projects/spring-framework) is a package that provides a comprehensive programming and configuration model for modern Java-based enterprise applications - on any kind of deployment platform.

Affected versions of this package are vulnerable to Incomplete Cleanup via multipart request handling in WebFlux. An attacker can exhaust disk space by sending multipart requests with large parts that trigger creation of temporary files, which under certain conditions are not deleted after the request completes, leading to accumulation of temp files and denial of service.
## Remediation
Upgrade `org.springframework:spring-web` to version 6.2.18, 7.0.7 or higher.
## References
- [GitHub Commit](https://github.com/spring-projects/spring-framework/commit/b338fdd99dd87974870f90ababb39fcb8727e1b4)
- [spring Security Advisory](https://spring.io/security/cve-2026-22740)
",HIGH,org.springframework:spring-web,7.1,6.2.18,tn.esprit.spring.services:timesheet-devops@1.0,,,['Snyk'],Snyk,1,0.8,['tn.esprit.spring.services:timesheet-devops@1.0'],0,Unknown,,0.00344,0.27193,0,7,prod,platform,0,['internal-service'],0,0,1,0,0,timesheet-devops-app,1,0,99,[],38.4
CVE-2026-24880,HTTP Request Smuggling,"## Overview
[org.apache.tomcat.embed:tomcat-embed-core](https://mvnrepository.com/artifact/org.apache.tomcat.embed/tomcat-embed-core) is a Core Tomcat implementation.

Affected versions of this package are vulnerable to HTTP Request Smuggling in `ChunkedInputFilter`, when handling HTTP/1.1 requests with invalid chunk extensions. An attacker can interfere with the interpretation of HTTP requests and responses by injecting CRLF sequences and sending the payload to an application using a reverse proxy that allows those sequences.
## Remediation
Upgrade `org.apache.tomcat.embed:tomcat-embed-core` to version 9.0.116, 10.1.53, 11.0.20 or higher.
## References
- [Apache Mailing List](https://lists.apache.org/thread/2c682qnlg2tv4o5knlggqbl9yc2gb5sn)
- [GitHub Commit](https://github.com/apache/tomcat/commit/2cb06c34f661ca42f7570bbcc21e99806184bcc5)
- [GitHub Commit](https://github.com/apache/tomcat/commit/fde1a8235fb73125217bd41e162aa0a113f33552)
- [OSS Security Advisory](http://www.openwall.com/lists/oss-security/2026/04/09/20)
",HIGH,org.apache.tomcat.embed:tomcat-embed-core,8.2,9.0.116,tn.esprit.spring.services:timesheet-devops@1.0,,,['Snyk'],Snyk,1,0.8,['tn.esprit.spring.services:timesheet-devops@1.0'],0,Unknown,,0.0052,0.42183,0,7,prod,platform,0,['internal-service'],0,0,1,0,0,timesheet-devops-app,1,0,99,[],38.5
CVE-2025-41242,Relative Path Traversal,"## Overview
[org.springframework:spring-beans](https://www.baeldung.com/spring-bean) is a package that is the basis for Spring Framework's IoC container. The BeanFactory interface provides an advanced configuration mechanism capable of managing any type of object.

Affected versions of this package are vulnerable to Relative Path Traversal when deployed on non-compliant Servlet containers. An unauthenticated attacker could gain access to files and directories outside the intended web root.

**Notes:**

1) This is only exploitable if the application is deployed as a WAR or with an embedded Servlet container, the Servlet container does not reject suspicious sequences and the application serves static resources with Spring resource handling.

2) Applications deployed on Apache Tomcat or Eclipse Jetty are not vulnerable, as long as default security features are not disabled in the configuration.

3) This vulnerability was also fixed in the commercial versions 6.1.22 and 5.3.44.
## Remediation
Upgrade `org.springframework:spring-beans` to version 6.2.10 or higher.
## References
- [GitHub Commit](https://github.com/spring-projects/spring-framework/commit/3781ba223ed76823b99e9c699e0957b391e22bf9)
- [GitHub Release](https://github.com/spring-projects/spring-framework/releases/tag/v6.2.10)
- [Spring Release](https://spring.io/blog/2025/08/14/spring-framework-6-2-10-release-fixes-cve-2025-41242)
- [Vendor Advisory](https://spring.io/security/cve-2025-41242)
",HIGH,org.springframework:spring-beans,8.2,6.2.10,tn.esprit.spring.services:timesheet-devops@1.0,,,['Snyk'],Snyk,1,0.8,['tn.esprit.spring.services:timesheet-devops@1.0'],0,Unknown,,0.02054,0.79952,0,7,prod,platform,0,['internal-service'],0,0,1,0,0,timesheet-devops-app,1,0,99,[],38.8
CVE-2025-41249,Incorrect Authorization,"## Overview
[org.springframework:spring-core](http://search.maven.org/#search%7Cga%7C1%7Ca%3A%22spring-core%22) is a core package within the spring-framework that contains multiple classes and utilities.

Affected versions of this package are vulnerable to Incorrect Authorization via the `AnnotationsScanner` and `AnnotatedMethod` class. An attacker can gain unauthorized access to sensitive information by exploiting improper resolution of annotations on methods within type hierarchies that use parameterized supertypes with unbounded generics.

**Note:**
This is only exploitable if security annotations are used on methods in generic superclasses or generic interfaces and the `@EnableMethodSecurity` feature is enabled.
## Remediation
Upgrade `org.springframework:spring-core` to version 6.2.11 or higher.
## References
- [GitHub Commit](https://github.com/spring-projects/spring-framework/commit/6d710d482a6785b069e35022e81758953afc21ff)
- [GitHub Issue](https://github.com/spring-projects/spring-framework/issues/35342)
- [GitHub Release](https://github.com/spring-projects/spring-framework/releases/tag/v6.2.11)
- [Vendor Advisory](https://spring.io/security/cve-2025-41249)
",HIGH,org.springframework:spring-core,8.7,6.2.11,tn.esprit.spring.services:timesheet-devops@1.0,,,"['Snyk', 'Trivy']",Snyk,2,1.0,"['tn.esprit.spring.services:timesheet-devops@1.0', 'Java', 'pom.xml']",0,Unknown,,0.00461,0.3832,0,7,prod,platform,0,['internal-service'],0,0,1,0,0,timesheet-devops-app,1,0,99,[],38.4
CVE-2025-48988,Allocation of Resources Without Limits or Throttling,"## Overview
[org.apache.tomcat.embed:tomcat-embed-core](https://mvnrepository.com/artifact/org.apache.tomcat.embed/tomcat-embed-core) is a Core Tomcat implementation.

Affected versions of this package are vulnerable to Allocation of Resources Without Limits or Throttling due to the uniform handling of request parameters and parts in multipart requests. An attacker can craft a malicious request with a large number of parts, which can lead to a Denial of Service.
## Remediation
Upgrade `org.apache.tomcat.embed:tomcat-embed-core` to version 9.0.106, 10.1.42, 11.0.8 or higher.
## References
- [Apache Tomcat Advisory](https://tomcat.apache.org/security-10.html)
- [Apache Tomcat Advisory](https://tomcat.apache.org/security-11.html)
- [Apache Tomcat Advisory](https://tomcat.apache.org/security-9.html)
- [Apache Tomcat Thread](https://lists.apache.org/thread/nzkqsok8t42qofgqfmck536mtyzygp18)
- [GitHub Commit](https://github.com/apache/tomcat/commit/2b0ab14fb55d4edc896e5f1817f2ab76f714ae5e)
- [GitHub Commit](https://github.com/apache/tomcat/commit/cdde8e655bc1c5c60a07efd216251d77c52fd7f6)
- [GitHub Commit](https://github.com/apache/tomcat/commit/ee8042ffce4cb9324dfd79efda5984f37bbb6910)
",HIGH,org.apache.tomcat.embed:tomcat-embed-core,8.7,9.0.106,tn.esprit.spring.services:timesheet-devops@1.0,,,"['Snyk', 'Trivy']",Snyk,2,1.0,"['tn.esprit.spring.services:timesheet-devops@1.0', 'Java', 'pom.xml']",0,Unknown,,0.5696,0.98998,0,7,prod,platform,0,['internal-service'],0,0,1,0,0,timesheet-devops-app,1,0,99,[],49.7
CVE-2025-48989,Improper Resource Shutdown or Release,"## Overview
[org.apache.tomcat.embed:tomcat-embed-core](https://mvnrepository.com/artifact/org.apache.tomcat.embed/tomcat-embed-core) is a Core Tomcat implementation.

Affected versions of this package are vulnerable to Improper Resource Shutdown or Release via the HTTP/2 Handler. An attacker can cause a denial of service by sending specially crafted requests that exploit improper handling of resource shutdown.
## Remediation
Upgrade `org.apache.tomcat.embed:tomcat-embed-core` to version 9.0.108, 10.1.44, 11.0.10 or higher.
## References
- [Apache Thread](https://lists.apache.org/thread/9ydfg0xr0tchmglcprhxgwhj0hfwxlyf)
- [Apache Tomcat Advisory](https://tomcat.apache.org/security-10.html)
- [Apache Tomcat Advisory](https://tomcat.apache.org/security-11.html)
- [Apache Tomcat Advisory](https://tomcat.apache.org/security-9.html)
- [GitHub Commit](https://github.com/apache/tomcat/commit/73c04a10395774bda71a0b37802cf983662ce255)
- [GitHub Commit](https://github.com/apache/tomcat/commit/f362c8eb3b8ec5b7f312f7f5610731c0fb299a06)
- [GitHub Commit](https://github.com/apache/tomcat/commit/f36b8a4eea4ce8a0bc035079e1d259d29f5eb7bf)
",HIGH,org.apache.tomcat.embed:tomcat-embed-core,8.7,9.0.108,tn.esprit.spring.services:timesheet-devops@1.0,,,"['Snyk', 'Trivy']",Snyk,2,1.0,"['tn.esprit.spring.services:timesheet-devops@1.0', 'Java', 'pom.xml']",0,Unknown,,0.03514,0.88402,0,7,prod,platform,0,['internal-service'],0,0,1,0,0,timesheet-devops-app,1,0,99,[],39.1
CVE-2024-34750,Insufficient Session Expiration,"## Overview
[org.apache.tomcat.embed:tomcat-embed-core](https://mvnrepository.com/artifact/org.apache.tomcat.embed/tomcat-embed-core) is a Core Tomcat implementation.

Affected versions of this package are vulnerable to Insufficient Session Expiration due to an infinite timeout being assigned to an open connection improperly, in `http2/Stream.java`. An attacker can force this situation by sending an HTTP/2 stream with excessive headers, causing an out-of-memory error or exhausting `maxConnections`.
## Remediation
Upgrade `org.apache.tomcat.embed:tomcat-embed-core` to version 9.0.90, 10.1.25, 11.0.0-M21 or higher.
## References
- [Apache Mailing List](https://lists.apache.org/thread/4kqf0bc9gxymjc2x7v3p7dvplnl77y8l)
- [Apache Tomcat Advisory](https://tomcat.apache.org/security-10.html)
- [Apache Tomcat Advisory](https://tomcat.apache.org/security-11.html)
- [Apache Tomcat Advisory](https://tomcat.apache.org/security-9.html)
- [GitHub Commit](https://github.com/apache/tomcat/commit/2344a4c0d03e307ba6b8ab6dc8b894cc8bac63f2)
- [GitHub Commit](https://github.com/apache/tomcat/commit/2afae300c9ac9c0e516e2e9de580847d925365c3)
- [GitHub Commit](https://github.com/apache/tomcat/commit/9fec9a82887853402833a80b584e3762c7423f5f)
",HIGH,org.apache.tomcat.embed:tomcat-embed-core,8.7,9.0.90,tn.esprit.spring.services:timesheet-devops@1.0,,,"['Snyk', 'Trivy']",Snyk,2,1.0,"['tn.esprit.spring.services:timesheet-devops@1.0', 'Java', 'pom.xml']",0,Unknown,,0.04602,0.91021,0,7,prod,platform,0,['internal-service'],0,0,1,0,0,timesheet-devops-app,1,0,99,[],39.3
CVE-2024-38286,Allocation of Resources Without Limits or Throttling,"## Overview
[org.apache.tomcat.embed:tomcat-embed-core](https://mvnrepository.com/artifact/org.apache.tomcat.embed/tomcat-embed-core) is a Core Tomcat implementation.

Affected versions of this package are vulnerable to Allocation of Resources Without Limits or Throttling via the `unwrap()` function in `SecureNio2Channel` class, during a TLS handshake. Under certain configurations using TLS 1.3, an attacker can trigger an `OutOfMemoryError`.
## Remediation
Upgrade `org.apache.tomcat.embed:tomcat-embed-core` to version 9.0.90, 10.1.25, 11.0.0-M21 or higher.
## References
- [Apache Tomcat 10 Advisory](https://tomcat.apache.org/security-10.html#Fixed_in_Apache_Tomcat_10.1.25)
- [Apache Tomcat 11 Advisory](https://tomcat.apache.org/security-11.html#Fixed_in_Apache_Tomcat_11.0.0-M21)
- [Apache Tomcat 9 Advisory](https://tomcat.apache.org/security-9.html#Fixed_in_Apache_Tomcat_9.0.90)
- [GitHub Commit](https://github.com/apache/tomcat/commit/3197862639732e16ec1164557bcd289ebc116c93)
- [GitHub Commit](https://github.com/apache/tomcat/commit/3344c17cef094da4bb616f4186ed32039627b543)
- [GitHub Commit](https://github.com/apache/tomcat/commit/76c5cce6f0bcef14b0c21c38910371ca7d322d13)
",HIGH,org.apache.tomcat.embed:tomcat-embed-core,8.7,9.0.90,tn.esprit.spring.services:timesheet-devops@1.0,,,['Snyk'],Snyk,1,0.8,['tn.esprit.spring.services:timesheet-devops@1.0'],0,Unknown,,0.0169,0.75481,0,7,prod,platform,0,['internal-service'],0,0,1,0,0,timesheet-devops-app,1,0,99,[],38.7
CVE-2026-40973,Insecure Temporary File,"## Overview

Affected versions of this package are vulnerable to Insecure Temporary File due to the `ApplicationTemp` mechanism creating a temporary directory using a predictable name. Because the name can be easily guessed, a local attacker on the same server can maliciously pre-create this directory before the Spring Boot application starts. When the application launches, it would blindly use the existing directory without verifying if it is actually owned by the application's user or the attacker.
## Remediation
Upgrade `org.springframework.boot:spring-boot` to version 3.5.14, 4.0.6 or higher.
## References
- [GitHub Commit](https://github.com/spring-projects/spring-boot/commit/5ceb1a228932e35cc803d1c1fea68f0f984aaa90)
- [Spring Security Advisory](https://spring.io/security/cve-2026-40973)
",HIGH,org.springframework.boot:spring-boot,7.3,3.5.14,tn.esprit.spring.services:timesheet-devops@1.0,,,['Snyk'],Snyk,1,0.8,['tn.esprit.spring.services:timesheet-devops@1.0'],0,Unknown,,0.00136,0.03317,0,7,prod,platform,0,['internal-service'],0,0,1,0,0,timesheet-devops-app,1,0,99,[],38.4
CVE-2026-40972,Timing Attack,"## Overview

Affected versions of this package are vulnerable to Timing Attack in DevTool due to comparing the user-provided ""remote secret"" against the actual secret using standard string comparison logic (like `String.equals()` or `==`). Standard string comparisons are not constant-time. They evaluate character by character and exit immediately (return false) as soon as they find the first mismatch. Because the comparison stops early upon a mismatch, it takes slightly longer to reject a guess that gets the first few characters correct than a guess that is completely wrong. An attacker on the same network can measure these microsecond differences to deduce the secret character by character.
## Remediation
Upgrade `org.springframework.boot:spring-boot-devtools` to version 3.5.14, 4.0.6 or higher.
## References
- [GitHub Commit](https://github.com/spring-projects/spring-boot/commit/4b0862cc00815a47b22339d7eac7ddc3b6645bd4)
- [Spring Security Advisory](https://spring.io/security/cve-2026-40972)
",HIGH,org.springframework.boot:spring-boot-devtools,7.7,3.5.14,tn.esprit.spring.services:timesheet-devops@1.0,,,['Snyk'],Snyk,1,0.8,['tn.esprit.spring.services:timesheet-devops@1.0'],0,Unknown,,0.00262,0.17754,0,7,prod,platform,0,['internal-service'],0,0,1,0,0,timesheet-devops-app,1,0,99,[],38.4
CVE-2026-34500,Improper Authentication,"## Overview
[org.apache.tomcat.embed:tomcat-embed-core](https://mvnrepository.com/artifact/org.apache.tomcat.embed/tomcat-embed-core) is a Core Tomcat implementation.

Affected versions of this package are vulnerable to Improper Authentication in `processOCSPRequest()`, which is part of the the `CLIENT_CERT` authentication process. In some ""edge cases"", an attacker can trigger a soft-fail of OCSP checks when soft-fail is disabled.
## Remediation
Upgrade `org.apache.tomcat.embed:tomcat-embed-core` to version 9.0.117, 10.1.54, 11.0.21 or higher.
## References
- [Apache Mailing List](https://lists.apache.org/thread/7rcl4zdxryc8hy3htyfyxkbqpxjtfdl2)
- [GitHub Commit](https://github.com/apache/tomcat/commit/c13e60e732ea6d07087293a41ad1866c20848271)
- [OSS Security Advisory](http://www.openwall.com/lists/oss-security/2026/04/09/29)
",HIGH,org.apache.tomcat.embed:tomcat-embed-core,8.3,9.0.117,tn.esprit.spring.services:timesheet-devops@1.0,,,['Snyk'],Snyk,1,0.8,['tn.esprit.spring.services:timesheet-devops@1.0'],0,Unknown,,0.00469,0.3883,0,7,prod,platform,0,['internal-service'],0,0,1,0,0,timesheet-devops-app,1,0,99,[],38.4
CVE-2026-34487,Apache Tomcat: Apache Tomcat: Information disclosure via sensitive data in log files,"Insertion of Sensitive Information into Log File vulnerability in the cloud membership for clustering component of Apache Tomcat exposed the Kubernetes bearer token.

This issue affects Apache Tomcat: from 11.0.0-M1 through 11.0.20, from 10.1.0-M1 through 10.1.53, from 9.0.13 through 9.0.116.

Users are recommended to upgrade to version 11.0.21, 10.1.54 or 9.0.117, which fix the issue.",HIGH,org.apache.tomcat.embed:tomcat-embed-core,7.5,"9.0.117, 10.1.54, 11.0.21",Java,"http://www.openwall.com/lists/oss-security/2026/04/09/28, https://access.redhat.com/security/cve/CVE-2026-34487",2026-04-09T20:16:25.203Z,['Trivy'],Trivy,1,0.8,"['Java', 'pom.xml']",0,Unknown,,0.00447,0.37359,0,7,prod,platform,0,['internal-service'],0,0,1,0,0,timesheet-devops-app,1,0,99,[],38.4
CVE-2026-34483,Apache Tomcat: Apache Tomcat: Information disclosure due to improper encoding in JsonAccessLogValve,"Improper Encoding or Escaping of Output vulnerability in the JsonAccessLogValve component of Apache Tomcat.

This issue affects Apache Tomcat: from 11.0.0-M1 through 11.0.20, from 10.1.0-M1 through 10.1.53, from 9.0.40 through 9.0.116.

Users are recommended to upgrade to version 11.0.21, 10.1.54 or 9.0.117 , which fix the issue.",HIGH,org.apache.tomcat.embed:tomcat-embed-core,7.5,"9.0.116, 10.1.54, 11.0.21",Java,"http://www.openwall.com/lists/oss-security/2026/04/09/26, https://access.redhat.com/security/cve/CVE-2026-34483",2026-04-09T20:16:24.937Z,['Trivy'],Trivy,1,0.8,"['Java', 'pom.xml']",0,Unknown,,0.00461,0.3832,0,7,prod,platform,0,['internal-service'],0,0,1,0,0,timesheet-devops-app,1,0,99,[],38.4
CVE-2026-29145,Improper Authentication,"## Overview
[org.apache.tomcat.embed:tomcat-embed-core](https://mvnrepository.com/artifact/org.apache.tomcat.embed/tomcat-embed-core) is a Core Tomcat implementation.

Affected versions of this package are vulnerable to Improper Authentication in `processOCSPRequest()`, which is part of the the `CLIENT_CERT` authentication process. An attacker can trigger a soft-fail of OCSP checks when soft-fail is disabled.
## Remediation
Upgrade `org.apache.tomcat.embed:tomcat-embed-core` to version 9.0.116, 10.1.53, 11.0.20 or higher.
## References
- [Apache Mailing List](https://lists.apache.org/thread/yz5fxmhd2j43wgqykssdo7kltws57jfz)
- [GitHub Commit](https://github.com/apache/tomcat/commit/721591f7bff424c693f26adc18ae9b9abac3655b)
- [GitHub Commit](https://github.com/apache/tomcat-native/commit/a0127f7d3b68dca553261f8d7d3540bfeeafc0d2)
- [OSS Security Advisory](http://www.openwall.com/lists/oss-security/2026/04/09/23)
",HIGH,org.apache.tomcat.embed:tomcat-embed-core,8.8,9.0.116,tn.esprit.spring.services:timesheet-devops@1.0,,,['Snyk'],Snyk,1,0.8,['tn.esprit.spring.services:timesheet-devops@1.0'],0,Unknown,,0.00715,0.51273,0,7,prod,platform,0,['internal-service'],0,0,1,0,0,timesheet-devops-app,1,0,99,[],38.5
GHSA-mjmj-j48q-9wg2,SnakeYaml Constructor Deserialization Remote Code Execution,SnakeYaml Constructor Deserialization Remote Code Execution,HIGH,snakeyaml,8.3,2.0,snakeyaml v1.28,https://github.com/advisories/GHSA-mjmj-j48q-9wg2,,['Grype'],Grype,1,0.5,['snakeyaml v1.28'],0,Unknown,,0.0,0.0,0,7,prod,platform,0,['internal-service'],0,0,1,0,0,timesheet-devops-app,1,0,99,[],38.4
GHSA-cx7f-g6mp-7hqm,Path traversal vulnerability in functional web frameworks,Path traversal vulnerability in functional web frameworks,HIGH,spring-webmvc,7.5,No fix,spring-webmvc v5.3.9,https://github.com/advisories/GHSA-cx7f-g6mp-7hqm,,['Grype'],Grype,1,0.5,['spring-webmvc v5.3.9'],0,Unknown,,0.0,0.0,0,7,prod,platform,0,['internal-service'],0,0,1,0,0,timesheet-devops-app,1,0,99,[],38.4
GHSA-5j33-cvvr-w245,Apache Tomcat Time-of-check Time-of-use (TOCTOU) Race Condition vulnerability,Apache Tomcat Time-of-check Time-of-use (TOCTOU) Race Condition vulnerability,HIGH,tomcat-embed-core,9.8,9.0.98,tomcat-embed-core v9.0.52,https://github.com/advisories/GHSA-5j33-cvvr-w245,,['Grype'],Grype,1,0.5,['tomcat-embed-core v9.0.52'],0,Unknown,,0.0,0.0,0,7,prod,platform,0,['internal-service'],0,0,1,0,0,timesheet-devops-app,1,0,99,[],38.4
GHSA-g5vr-rgqm-vf78,Spring Framework Path Traversal vulnerability,Spring Framework Path Traversal vulnerability,HIGH,spring-webmvc,7.5,No fix,spring-webmvc v5.3.9,https://github.com/advisories/GHSA-g5vr-rgqm-vf78,,['Grype'],Grype,1,0.5,['spring-webmvc v5.3.9'],0,Unknown,,0.0,0.0,0,7,prod,platform,0,['internal-service'],0,0,1,0,0,timesheet-devops-app,1,0,99,[],38.4
GHSA-ccgv-vj62-xf9h,Spring Web vulnerable to Open Redirect or Server Side Request Forgery,Spring Web vulnerable to Open Redirect or Server Side Request Forgery,HIGH,spring-web,8.1,5.3.32,spring-web v5.3.9,https://github.com/advisories/GHSA-ccgv-vj62-xf9h,,['Grype'],Grype,1,0.5,['spring-web v5.3.9'],0,Unknown,,0.0,0.0,0,7,prod,platform,0,['internal-service'],0,0,1,0,0,timesheet-devops-app,1,0,99,[],38.4
GHSA-hgjh-9rj2-g67j,Spring Framework URL Parsing with Host Validation Vulnerability,Spring Framework URL Parsing with Host Validation Vulnerability,HIGH,spring-web,8.1,5.3.33,spring-web v5.3.9,https://github.com/advisories/GHSA-hgjh-9rj2-g67j,,['Grype'],Grype,1,0.5,['spring-web v5.3.9'],0,Unknown,,0.0,0.0,0,7,prod,platform,0,['internal-service'],0,0,1,0,0,timesheet-devops-app,1,0,99,[],38.4
GHSA-fccv-jmmp-qg76,Apache Tomcat Improper Input Validation vulnerability,Apache Tomcat Improper Input Validation vulnerability,HIGH,tomcat-embed-core,7.5,9.0.83,tomcat-embed-core v9.0.52,https://github.com/advisories/GHSA-fccv-jmmp-qg76,,['Grype'],Grype,1,0.5,['tomcat-embed-core v9.0.52'],0,Unknown,,0.0,0.0,0,7,prod,platform,0,['internal-service'],0,0,1,0,0,timesheet-devops-app,1,0,99,[],38.4
GHSA-g5mm-vmx4-3rg7,Improper handling of case sensitivity in Spring Framework,Improper handling of case sensitivity in Spring Framework,HIGH,spring-context,7.5,5.3.19,spring-context v5.3.9,https://github.com/advisories/GHSA-g5mm-vmx4-3rg7,,['Grype'],Grype,1,0.5,['spring-context v5.3.9'],0,Unknown,,0.0,0.0,0,7,prod,platform,0,['internal-service'],0,0,1,0,0,timesheet-devops-app,1,0,99,[],38.4
GHSA-wm9w-rjj3-j356,Apache Tomcat - Denial of Service,Apache Tomcat - Denial of Service,HIGH,tomcat-embed-core,7.5,9.0.90,tomcat-embed-core v9.0.52,https://github.com/advisories/GHSA-wm9w-rjj3-j356,,['Grype'],Grype,1,0.5,['tomcat-embed-core v9.0.52'],0,Unknown,,0.0,0.0,0,7,prod,platform,0,['internal-service'],0,0,1,0,0,timesheet-devops-app,1,0,99,[],38.4
GHSA-hfrx-6qgj-fp6c,Apache Commons FileUpload denial of service vulnerability,Apache Commons FileUpload denial of service vulnerability,HIGH,tomcat-embed-core,7.5,9.0.71,tomcat-embed-core v9.0.52,https://github.com/advisories/GHSA-hfrx-6qgj-fp6c,,['Grype'],Grype,1,0.5,['tomcat-embed-core v9.0.52'],0,Unknown,,0.0,0.0,0,7,prod,platform,0,['internal-service'],0,0,1,0,0,timesheet-devops-app,1,0,99,[],38.4
GHSA-wxqc-pxw9-g2p8,Spring Framework vulnerable to denial of service,Spring Framework vulnerable to denial of service,HIGH,spring-expression,7.5,5.3.27,spring-expression v5.3.9,https://github.com/advisories/GHSA-wxqc-pxw9-g2p8,,['Grype'],Grype,1,0.5,['spring-expression v5.3.9'],0,Unknown,,0.0,0.0,0,7,prod,platform,0,['internal-service'],0,0,1,0,0,timesheet-devops-app,1,0,99,[],38.4
GHSA-27hp-xhwr-wr2m,Apache Tomcat Time-of-check Time-of-use (TOCTOU) Race Condition vulnerability,Apache Tomcat Time-of-check Time-of-use (TOCTOU) Race Condition vulnerability,HIGH,tomcat-embed-core,7.2,9.0.98,tomcat-embed-core v9.0.52,https://github.com/advisories/GHSA-27hp-xhwr-wr2m,,['Grype'],Grype,1,0.5,['tomcat-embed-core v9.0.52'],0,Unknown,,0.0,0.0,0,7,prod,platform,0,['internal-service'],0,0,1,0,0,timesheet-devops-app,1,0,99,[],38.4
GHSA-rq2w-37h9-vg94,Apache Tomcat improperly escapes input from JsonErrorReportValve,Apache Tomcat improperly escapes input from JsonErrorReportValve,HIGH,tomcat-embed-core,7.5,9.0.69,tomcat-embed-core v9.0.52,https://github.com/advisories/GHSA-rq2w-37h9-vg94,,['Grype'],Grype,1,0.5,['tomcat-embed-core v9.0.52'],0,Unknown,,0.0,0.0,0,7,prod,platform,0,['internal-service'],0,0,1,0,0,timesheet-devops-app,1,0,99,[],38.4
GHSA-2wrp-6fg6-hmc5,Spring Framework URL Parsing with Host Validation,Spring Framework URL Parsing with Host Validation,HIGH,spring-web,8.1,5.3.34,spring-web v5.3.9,https://github.com/advisories/GHSA-2wrp-6fg6-hmc5,,['Grype'],Grype,1,0.5,['spring-web v5.3.9'],0,Unknown,,0.0,0.0,0,7,prod,platform,0,['internal-service'],0,0,1,0,0,timesheet-devops-app,1,0,99,[],38.4
GHSA-m6vm-37g8-gqvh,MySQL Connectors takeover vulnerability,MySQL Connectors takeover vulnerability,HIGH,mysql-connector-java,8.3,No fix,mysql-connector-java v8.0.26,https://github.com/advisories/GHSA-m6vm-37g8-gqvh,,['Grype'],Grype,1,0.5,['mysql-connector-java v8.0.26'],0,Unknown,,0.0,0.0,0,8,prod,platform,0,"['internal-service', 'data']",0,0,1,0,0,timesheet-devops-db,1,0,99,[],39.6
GHSA-3mc7-4q67-w48m,Uncontrolled Resource Consumption in snakeyaml,Uncontrolled Resource Consumption in snakeyaml,HIGH,snakeyaml,7.5,1.31,snakeyaml v1.28,https://github.com/advisories/GHSA-3mc7-4q67-w48m,,['Grype'],Grype,1,0.5,['snakeyaml v1.28'],0,Unknown,,0.0,0.0,0,7,prod,platform,0,['internal-service'],0,0,1,0,0,timesheet-devops-app,1,0,99,[],38.4
GHSA-jjjh-jjxp-wpff,Uncontrolled Resource Consumption in Jackson-databind,Uncontrolled Resource Consumption in Jackson-databind,HIGH,jackson-databind,7.5,2.12.7.1,jackson-databind v2.12.4,https://github.com/advisories/GHSA-jjjh-jjxp-wpff,,['Grype'],Grype,1,0.5,['jackson-databind v2.12.4'],0,Unknown,,0.0,0.0,0,7,prod,platform,0,['internal-service'],0,0,1,0,0,timesheet-devops-app,1,0,99,[],38.4
GHSA-rgv9-q543-rqg4,Uncontrolled Resource Consumption in FasterXML jackson-databind,Uncontrolled Resource Consumption in FasterXML jackson-databind,HIGH,jackson-databind,7.5,2.12.7.1,jackson-databind v2.12.4,https://github.com/advisories/GHSA-rgv9-q543-rqg4,,['Grype'],Grype,1,0.5,['jackson-databind v2.12.4'],0,Unknown,,0.0,0.0,0,7,prod,platform,0,['internal-service'],0,0,1,0,0,timesheet-devops-app,1,0,99,[],38.4
GHSA-25xr-qj8w-c4vf,Apache Tomcat Coyote vulnerable to Denial of Service via excessive HTTP/2 streams,Apache Tomcat Coyote vulnerable to Denial of Service via excessive HTTP/2 streams,HIGH,tomcat-embed-core,7.5,9.0.107,tomcat-embed-core v9.0.52,https://github.com/advisories/GHSA-25xr-qj8w-c4vf,,['Grype'],Grype,1,0.5,['tomcat-embed-core v9.0.52'],0,Unknown,,0.0,0.0,0,7,prod,platform,0,['internal-service'],0,0,1,0,0,timesheet-devops-app,1,0,99,[],38.4
GHSA-rc42-6c7j-7h5r,Spring Boot EndpointRequest.to() creates wrong matcher if actuator endpoint is not exposed,Spring Boot EndpointRequest.to() creates wrong matcher if actuator endpoint is not exposed,HIGH,spring-boot,7.3,No fix,spring-boot v2.5.4,https://github.com/advisories/GHSA-rc42-6c7j-7h5r,,['Grype'],Grype,1,0.5,['spring-boot v2.5.4'],0,Unknown,,0.0,0.0,0,7,prod,platform,0,['internal-service'],0,0,1,0,0,timesheet-devops-app,1,0,99,[],38.4
GHSA-vmq6-5m68-f53m,logback serialization vulnerability,logback serialization vulnerability,HIGH,logback-core,7.1,1.2.13,logback-core v1.2.5,https://github.com/advisories/GHSA-vmq6-5m68-f53m,,['Grype'],Grype,1,0.5,['logback-core v1.2.5'],0,Unknown,,0.0,0.0,0,7,prod,platform,0,['internal-service'],0,0,1,0,0,timesheet-devops-app,1,0,99,[],38.4
GHSA-57j2-w4cx-62h2,Deeply nested json in jackson-databind,Deeply nested json in jackson-databind,HIGH,jackson-databind,7.5,2.12.6.1,jackson-databind v2.12.4,https://github.com/advisories/GHSA-57j2-w4cx-62h2,,['Grype'],Grype,1,0.5,['jackson-databind v2.12.4'],0,Unknown,,0.0,0.0,0,7,prod,platform,0,['internal-service'],0,0,1,0,0,timesheet-devops-app,1,0,99,[],38.4
GHSA-xf96-w227-r7c4,Spring Boot Welcome Page Denial of Service,Spring Boot Welcome Page Denial of Service,HIGH,spring-boot-autoconfigure,7.5,2.5.15,spring-boot-autoconfigure v2.5.4,https://github.com/advisories/GHSA-xf96-w227-r7c4,,['Grype'],Grype,1,0.5,['spring-boot-autoconfigure v2.5.4'],0,Unknown,,0.0,0.0,0,7,prod,platform,0,['internal-service'],0,0,1,0,0,timesheet-devops-app,1,0,99,[],38.4
GHSA-vmq6-5m68-f53m,logback serialization vulnerability,logback serialization vulnerability,HIGH,logback-classic,7.1,1.2.13,logback-classic v1.2.5,https://github.com/advisories/GHSA-vmq6-5m68-f53m,,['Grype'],Grype,1,0.5,['logback-classic v1.2.5'],0,Unknown,,0.0,0.0,0,7,prod,platform,0,['internal-service'],0,0,1,0,0,timesheet-devops-app,1,0,99,[],38.4
GHSA-h3gc-qfqq-6h8f,Apache Tomcat - DoS in multipart upload,Apache Tomcat - DoS in multipart upload,HIGH,tomcat-embed-core,7.5,9.0.106,tomcat-embed-core v9.0.52,https://github.com/advisories/GHSA-h3gc-qfqq-6h8f,,['Grype'],Grype,1,0.5,['tomcat-embed-core v9.0.52'],0,Unknown,,0.0,0.0,0,7,prod,platform,0,['internal-service'],0,0,1,0,0,timesheet-devops-app,1,0,99,[],38.4
CVE-2024-24549,Denial of Service (DoS),"## Overview
[org.apache.tomcat.embed:tomcat-embed-core](https://mvnrepository.com/artifact/org.apache.tomcat.embed/tomcat-embed-core) is a Core Tomcat implementation.

Affected versions of this package are vulnerable to Denial of Service (DoS) when processing a crafted HTTP/2 request. If the request exceeded any of the configured limits for headers, the associated HTTP/2 stream was not reset until after all of the headers had been processed.

## Details

Denial of Service (DoS) describes a family of attacks, all aimed at making a system inaccessible to its intended and legitimate users.

Unlike other vulnerabilities, DoS attacks usually do not aim at breaching security. Rather, they are focused on making websites and services unavailable to genuine users resulting in downtime.

One popular Denial of Service vulnerability is DDoS (a Distributed Denial of Service), an attack that attempts to clog network pipes to the system by generating a large volume of traffic from many machines.

When it comes to open source libraries, DoS vulnerabilities allow attackers to trigger such a crash or crippling of the service by using a flaw either in the application code or from the use of open source libraries.

Two common types of DoS vulnerabilities:

* High CPU/Memory Consumption- An attacker sending crafted requests that could cause the system to take a disproportionate amount of time to process. For example, [commons-fileupload:commons-fileupload](https://security.snyk.io/vuln/SNYK-JAVA-COMMONSFILEUPLOAD-30082).

* Crash - An attacker sending crafted requests that could cause the system to crash. For Example,  [npm `ws` package](https://snyk.io/vuln/npm:ws:20171108)

## Remediation
Upgrade `org.apache.tomcat.embed:tomcat-embed-core` to version 8.5.99, 9.0.86, 10.1.19, 1.0.0-M17 or higher.
## References
- [Apache Thread](https://lists.apache.org/thread/4c50rmomhbbsdgfjsgwlb51xdwfjdcvg)
- [GitHub Commit](https://github.com/apache/tomcat/commit/810f49d5ff6d64b704af85d5b8d0aab9ec3c83f5)
- [PoC](https://github.com/Abdurahmon3236/CVE-2024-24549)
",HIGH,org.apache.tomcat.embed:tomcat-embed-core,7.5,8.5.99,tn.esprit.spring.services:timesheet-devops@1.0,,,['Snyk'],Snyk,1,0.8,['tn.esprit.spring.services:timesheet-devops@1.0'],0,Unknown,,0.23072,0.97597,0,7,prod,platform,0,['internal-service'],0,0,1,0,0,timesheet-devops-app,1,0,99,[],43.0
GHSA-wmwf-9ccg-fff5,Apache Tomcat Vulnerable to Relative Path Traversal,Apache Tomcat Vulnerable to Relative Path Traversal,HIGH,tomcat-embed-core,7.5,9.0.109,tomcat-embed-core v9.0.52,https://github.com/advisories/GHSA-wmwf-9ccg-fff5,,['Grype'],Grype,1,0.5,['tomcat-embed-core v9.0.52'],0,Unknown,,0.0,0.0,0,7,prod,platform,0,['internal-service'],0,0,1,0,0,timesheet-devops-app,1,0,99,[],38.4
SNYK-JAVA-COMFASTERXMLJACKSONCORE-7569538,Denial of Service (DoS),"## Overview
[com.fasterxml.jackson.core:jackson-core](https://github.com/FasterXML/jackson-core) is a Core Jackson abstractions, basic JSON streaming API implementation

Affected versions of this package are vulnerable to Denial of Service (DoS) due to missing input size validation when performing numeric type conversions. A remote attacker can exploit this vulnerability by causing the application to deserialize data containing certain numeric types with large values, causing the application to exhaust all available resources.

## Details

Denial of Service (DoS) describes a family of attacks, all aimed at making a system inaccessible to its intended and legitimate users.

Unlike other vulnerabilities, DoS attacks usually do not aim at breaching security. Rather, they are focused on making websites and services unavailable to genuine users resulting in downtime.

One popular Denial of Service vulnerability is DDoS (a Distributed Denial of Service), an attack that attempts to clog network pipes to the system by generating a large volume of traffic from many machines.

When it comes to open source libraries, DoS vulnerabilities allow attackers to trigger such a crash or crippling of the service by using a flaw either in the application code or from the use of open source libraries.

Two common types of DoS vulnerabilities:

* High CPU/Memory Consumption- An attacker sending crafted requests that could cause the system to take a disproportionate amount of time to process. For example, [commons-fileupload:commons-fileupload](https://security.snyk.io/vuln/SNYK-JAVA-COMMONSFILEUPLOAD-30082).

* Crash - An attacker sending crafted requests that could cause the system to crash. For Example,  [npm `ws` package](https://snyk.io/vuln/npm:ws:20171108)

## Remediation
Upgrade `com.fasterxml.jackson.core:jackson-core` to version 2.15.0-rc1 or higher.
## References
- [GitHub Commit](https://github.com/FasterXML/jackson-core/commit/3af7e3eda0076ed44414e671501da358c146c549)
- [GitHub Issue](https://github.com/FasterXML/jackson-core/issues/861)
- [GitHub PR](https://github.com/FasterXML/jackson-core/pull/827)
",HIGH,com.fasterxml.jackson.core:jackson-core,8.7,2.15.0-rc1,tn.esprit.spring.services:timesheet-devops@1.0,,,['Snyk'],Snyk,1,0.5,['tn.esprit.spring.services:timesheet-devops@1.0'],0,Unknown,,0.0,0.0,0,7,prod,platform,0,['internal-service'],0,0,1,0,0,timesheet-devops-app,1,0,99,[],38.4
SNYK-JAVA-COMFASTERXMLJACKSONCORE-15907551,Allocation of Resources Without Limits or Throttling,"## Overview
[com.fasterxml.jackson.core:jackson-core](https://github.com/FasterXML/jackson-core) is a Core Jackson abstractions, basic JSON streaming API implementation

Affected versions of this package are vulnerable to Allocation of Resources Without Limits or Throttling in the enforcement of document length constraints in blocking, async, and DataInput parser processes. An attacker can cause excessive resource consumption by submitting oversized JSON documents that bypass configured size limits.
## Remediation
Upgrade `com.fasterxml.jackson.core:jackson-core` to version 2.21.2 or higher.
## References
- [GitHub Commit](https://github.com/FasterXML/jackson-core/commit/74c9ee255d1534c179bc7d3de48941bf39a9079c)
- [GitHub Commit](https://github.com/FasterXML/jackson-core/commit/7ce3622f40e66bd821b5184d6055d8493afac5f3)
- [GitHub Issue](https://github.com/FasterXML/jackson-core/issues/1570)
- [Maintainer's Advisory](https://github.com/FasterXML/jackson-core/security/advisories/GHSA-2m67-wjpj-xhg9)
",HIGH,com.fasterxml.jackson.core:jackson-core,8.7,2.21.2,tn.esprit.spring.services:timesheet-devops@1.0,,,['Snyk'],Snyk,1,0.5,['tn.esprit.spring.services:timesheet-devops@1.0'],0,Unknown,,0.0,0.0,0,7,prod,platform,0,['internal-service'],0,0,1,0,0,timesheet-devops-app,1,0,99,[],38.4
SNYK-JAVA-COMFASTERXMLJACKSONCORE-15365924,Allocation of Resources Without Limits or Throttling,"## Overview
[com.fasterxml.jackson.core:jackson-core](https://github.com/FasterXML/jackson-core) is a Core Jackson abstractions, basic JSON streaming API implementation

Affected versions of this package are vulnerable to Allocation of Resources Without Limits or Throttling in which the non-blocking async JSON parser can be made to bypass the `maxNumberLength` constraint (default: 1000 characters) defined in `StreamReadConstraints`. An attacker can cause excessive memory allocation and CPU exhaustion by submitting JSON documents containing extremely long numeric values through the asynchronous parser interface.
## PoC
The following JUnit 5 test demonstrates the vulnerability. It shows that the async parser accepts a 5,000-digit number, whereas the limit should be 1,000.

``` js
package tools.jackson.core.unittest.dos;

import java.nio.charset.StandardCharsets;

import org.junit.jupiter.api.Test;

import tools.jackson.core.*;
import tools.jackson.core.exc.StreamConstraintsException;
import tools.jackson.core.json.JsonFactory;
import tools.jackson.core.json.async.NonBlockingByteArrayJsonParser;

import static org.junit.jupiter.api.Assertions.*;

/**
 * POC: Number Length Constraint Bypass in Non-Blocking (Async) JSON Parsers
 *
 * Authors: sprabhav7, rohan-repos
 * 
 * maxNumberLength default = 1000 characters (digits).
 * A number with more than 1000 digits should be rejected by any parser.
 *
 * BUG: The async parser never calls resetInt()/resetFloat() which is where
 * validateIntegerLength()/validateFPLength() lives. Instead it calls
 * _valueComplete() which skips all number length validation.
 *
 * CWE-770: Allocation of Resources Without Limits or Throttling
 */
class AsyncParserNumberLengthBypassTest {

    private static final int MAX_NUMBER_LENGTH = 1000;
    private static final int TEST_NUMBER_LENGTH = 5000;

    private final JsonFactory factory = new JsonFactory();

    // CONTROL: Sync parser correctly rejects a number exceeding maxNumberLength
    @Test
    void syncParserRejectsLongNumber() throws Exception {
        byte[] payload = buildPayloadWithLongInteger(TEST_NUMBER_LENGTH);
		
		// Output to console
        System.out.println(""[SYNC] Parsing "" + TEST_NUMBER_LENGTH + ""-digit number (limit: "" + MAX_NUMBER_LENGTH + "")"");
        try {
            try (JsonParser p = factory.createParser(ObjectReadContext.empty(), payload)) {
                while (p.nextToken() != null) {
                    if (p.currentToken() == JsonToken.VALUE_NUMBER_INT) {
                        System.out.println(""[SYNC] Accepted number with "" + p.getText().length() + "" digits — UNEXPECTED"");
                    }
                }
            }
            fail(""Sync parser must reject a "" + TEST_NUMBER_LENGTH + ""-digit number"");
        } catch (StreamConstraintsException e) {
            System.out.println(""[SYNC] Rejected with StreamConstraintsException: "" + e.getMessage());
        }
    }

    // VULNERABILITY: Async parser accepts the SAME number that sync rejects
    @Test
    void asyncParserAcceptsLongNumber() throws Exception {
        byte[] payload = buildPayloadWithLongInteger(TEST_NUMBER_LENGTH);

        NonBlockingByteArrayJsonParser p =
            (NonBlockingByteArrayJsonParser) factory.createNonBlockingByteArrayParser(ObjectReadContext.empty());
        p.feedInput(payload, 0, payload.length);
        p.endOfInput();

        boolean foundNumber = false;
        try {
            while (p.nextToken() != null) {
                if (p.currentToken() == JsonToken.VALUE_NUMBER_INT) {
                    foundNumber = true;
                    String numberText = p.getText();
                    assertEquals(TEST_NUMBER_LENGTH, numberText.length(),
                        ""Async parser silently accepted all "" + TEST_NUMBER_LENGTH + "" digits"");
                }
            }
            // Output to console
            System.out.println(""[ASYNC INT] Accepted number with "" + TEST_NUMBER_LENGTH + "" digits — BUG CONFIRMED"");
            assertTrue(foundNumber, ""Parser should have produced a VALUE_NUMBER_INT token"");
        } catch (StreamConstraintsException e) {
            fail(""Bug is fixed — async parser now correctly rejects long numbers: "" + e.getMessage());
        }
        p.close();
    }

    private byte[] buildPayloadWithLongInteger(int numDigits) {
        StringBuilder sb = new StringBuilder(numDigits + 10);
        sb.append(""{\""v\"":"");
        for (int i = 0; i < numDigits; i++) {
            sb.append((char) ('1' + (i % 9)));
        }
        sb.append('}');
        return sb.toString().getBytes(StandardCharsets.UTF_8);
    }
}
```

## Details

Denial of Service (DoS) describes a family of attacks, all aimed at making a system inaccessible to its intended and legitimate users.

Unlike other vulnerabilities, DoS attacks usually do not aim at breaching security. Rather, they are focused on making websites and services unavailable to genuine users resulting in downtime.

One popular Denial of Service vulnerability is DDoS (a Distributed Denial of Service), an attack that attempts to clog network pipes to the system by generating a large volume of traffic from many machines.

When it comes to open source libraries, DoS vulnerabilities allow attackers to trigger such a crash or crippling of the service by using a flaw either in the application code or from the use of open source libraries.

Two common types of DoS vulnerabilities:

* High CPU/Memory Consumption- An attacker sending crafted requests that could cause the system to take a disproportionate amount of time to process. For example, [commons-fileupload:commons-fileupload](https://security.snyk.io/vuln/SNYK-JAVA-COMMONSFILEUPLOAD-30082).

* Crash - An attacker sending crafted requests that could cause the system to crash. For Example,  [npm `ws` package](https://snyk.io/vuln/npm:ws:20171108)

## Remediation
Upgrade `com.fasterxml.jackson.core:jackson-core` to version 2.18.6, 2.21.1 or higher.
## References
- [GitHub Advisory](https://github.com/FasterXML/jackson-core/security/advisories/GHSA-72hv-8253-57qq)
- [GitHub Commit](https://github.com/FasterXML/jackson-core/commit/b0c428e6f993e1b5ece5c1c3cb2523e887cd52cf)
- [GitHub PR](https://github.com/FasterXML/jackson-core/pull/1555)
",HIGH,com.fasterxml.jackson.core:jackson-core,8.7,2.18.6,tn.esprit.spring.services:timesheet-devops@1.0,,,['Snyk'],Snyk,1,0.5,['tn.esprit.spring.services:timesheet-devops@1.0'],0,Unknown,,0.0,0.0,0,7,prod,platform,0,['internal-service'],0,0,1,0,0,timesheet-devops-app,1,0,99,[],38.4
GHSA-jmp9-x22r-554x,Spring Framework annotation detection mechanism may result in improper authorization,Spring Framework annotation detection mechanism may result in improper authorization,HIGH,spring-core,7.5,No fix,spring-core v5.3.9,https://github.com/advisories/GHSA-jmp9-x22r-554x,,['Grype'],Grype,1,0.5,['spring-core v5.3.9'],0,Unknown,,0.0,0.0,0,7,prod,platform,0,['internal-service'],0,0,1,0,0,timesheet-devops-app,1,0,99,[],38.4
GHSA-2p5w-cvg5-gc5c,Hibernate vulnerable to SQL Injection,Hibernate vulnerable to SQL Injection,HIGH,hibernate-core,8.3,No fix,hibernate-core v5.4.32.Final,https://github.com/advisories/GHSA-2p5w-cvg5-gc5c,,['Grype'],Grype,1,0.5,['hibernate-core v5.4.32.Final'],0,Unknown,,0.0,0.0,0,7,prod,platform,0,['internal-service'],0,0,1,0,0,timesheet-devops-app,1,0,99,[],38.4
GHSA-x4m4-345f-5h5g,Apache Tomcat vulnerable to Insertion of Sensitive Information into Log File,Apache Tomcat vulnerable to Insertion of Sensitive Information into Log File,HIGH,tomcat-embed-core,7.5,9.0.117,tomcat-embed-core v9.0.52,https://github.com/advisories/GHSA-x4m4-345f-5h5g,,['Grype'],Grype,1,0.5,['tomcat-embed-core v9.0.52'],0,Unknown,,0.0,0.0,0,7,prod,platform,0,['internal-service'],0,0,1,0,0,timesheet-devops-app,1,0,99,[],38.4
10038,Content Security Policy (CSP) Header Not Set,"<p>Content Security Policy (CSP) is an added layer of security that helps to detect and mitigate certain types of attacks, including Cross Site Scripting (XSS) and data injection attacks. These attacks are used for everything from data theft to site defacement or distribution of malware. CSP provides a set of standard HTTP headers that allow website owners to declare approved sources of content that browsers should be allowed to load on that page — covered types are JavaScript, CSS, HTML frames, fonts, images and embeddable objects such as Java applets, ActiveX, audio and video files.</p>",HIGH,http://app-test:8082,,"<p>Ensure that your web server, application server, load balancer, etc. is configured to set the Content-Security-Policy header.</p>",http://app-test:8082/,<p>https://developer.mozilla.org/en-US/docs/Web/HTTP/Guides/CSP</p><p>https://cheatsheetseries.owasp.org/cheatsheets/Content_Security_Policy_Cheat_Sheet.html</p><p>https://www.w3.org/TR/CSP/</p><p>htt,,['OWASP ZAP'],OWASP ZAP,1,0.5,['http://app-test:8082/'],0,Unknown,,0.0,0.0,0,7,prod,platform,0,['internal-service'],0,0,0,1,0,timesheet-devops-app,1,0,99,[],38.4
GHSA-mgvc-8q2h-5pgc,Spring Boot has an Authentication Bypass under Actuator CloudFoundry endpoints,Spring Boot has an Authentication Bypass under Actuator CloudFoundry endpoints,HIGH,spring-boot-starter-actuator,8.2,No fix,spring-boot-starter-actuator v2.5.4,https://github.com/advisories/GHSA-mgvc-8q2h-5pgc,,['Grype'],Grype,1,0.5,['spring-boot-starter-actuator v2.5.4'],0,Unknown,,0.0,0.0,0,7,prod,platform,0,['internal-service'],0,0,1,0,0,timesheet-devops-app,1,0,99,[],38.4
GHSA-rv64-5gf8-9qq8,Apache Tomcat has an Improper Encoding or Escaping of Output vulnerability in the JsonAccessLogValve,Apache Tomcat has an Improper Encoding or Escaping of Output vulnerability in the JsonAccessLogValve,HIGH,tomcat-embed-core,7.5,9.0.116,tomcat-embed-core v9.0.52,https://github.com/advisories/GHSA-rv64-5gf8-9qq8,,['Grype'],Grype,1,0.5,['tomcat-embed-core v9.0.52'],0,Unknown,,0.0,0.0,0,7,prod,platform,0,['internal-service'],0,0,1,0,0,timesheet-devops-app,1,0,99,[],38.4
GHSA-gqp3-2cvr-x8m3,Apache Tomcat Improper Resource Shutdown or Release vulnerability,Apache Tomcat Improper Resource Shutdown or Release vulnerability,HIGH,tomcat-embed-core,7.5,9.0.108,tomcat-embed-core v9.0.52,https://github.com/advisories/GHSA-gqp3-2cvr-x8m3,,['Grype'],Grype,1,0.5,['tomcat-embed-core v9.0.52'],0,Unknown,,0.0,0.0,0,7,prod,platform,0,['internal-service'],0,0,1,0,0,timesheet-devops-app,1,0,99,[],38.4
GHSA-hh26-6xwr-ggv7,Denial of service in Spring Framework,Denial of service in Spring Framework,HIGH,spring-beans,7.5,5.3.20,spring-beans v5.3.9,https://github.com/advisories/GHSA-hh26-6xwr-ggv7,,['Grype'],Grype,1,0.5,['spring-beans v5.3.9'],0,Unknown,,0.0,0.0,0,7,prod,platform,0,['internal-service'],0,0,1,0,0,timesheet-devops-app,1,0,99,[],38.4
GHSA-p22x-g9px-3945,Apache Tomcat may reject request containing invalid Content-Length header,Apache Tomcat may reject request containing invalid Content-Length header,HIGH,tomcat-embed-core,7.5,9.0.68,tomcat-embed-core v9.0.52,https://github.com/advisories/GHSA-p22x-g9px-3945,,['Grype'],Grype,1,0.5,['tomcat-embed-core v9.0.52'],0,Unknown,,0.0,0.0,0,7,prod,platform,0,['internal-service'],0,0,1,0,0,timesheet-devops-app,1,0,99,[],38.4
GHSA-wr62-c79q-cv37,Apache Tomcat Catalina is vulnerable to DoS attack through bypassing of size limits,Apache Tomcat Catalina is vulnerable to DoS attack through bypassing of size limits,HIGH,tomcat-embed-core,7.5,9.0.107,tomcat-embed-core v9.0.52,https://github.com/advisories/GHSA-wr62-c79q-cv37,,['Grype'],Grype,1,0.5,['tomcat-embed-core v9.0.52'],0,Unknown,,0.0,0.0,0,7,prod,platform,0,['internal-service'],0,0,1,0,0,timesheet-devops-app,1,0,99,[],38.4
GHSA-h46c-h94j-95f3,jackson-core can throw a StackoverflowError when processing deeply nested data,jackson-core can throw a StackoverflowError when processing deeply nested data,HIGH,jackson-core,8.7,2.15.0,jackson-core v2.12.4,https://github.com/advisories/GHSA-h46c-h94j-95f3,,['Grype'],Grype,1,0.5,['jackson-core v2.12.4'],0,Unknown,,0.0,0.0,0,7,prod,platform,0,['internal-service'],0,0,1,0,0,timesheet-devops-app,1,0,99,[],38.4
GHSA-3x8x-79m2-3w2w,jackson-databind possible Denial of Service if using JDK serialization to serialize JsonNode,jackson-databind possible Denial of Service if using JDK serialization to serialize JsonNode,HIGH,jackson-databind,7.5,2.12.6,jackson-databind v2.12.4,https://github.com/advisories/GHSA-3x8x-79m2-3w2w,,['Grype'],Grype,1,0.5,['jackson-databind v2.12.4'],0,Unknown,,0.0,0.0,0,7,prod,platform,0,['internal-service'],0,0,1,0,0,timesheet-devops-app,1,0,99,[],38.4
GHSA-v682-8vv8-vpwr,Denial of Service via incomplete cleanup vulnerability in Apache Tomcat,Denial of Service via incomplete cleanup vulnerability in Apache Tomcat,MEDIUM,tomcat-embed-websocket,6.3,9.0.86,tomcat-embed-websocket v9.0.52,https://github.com/advisories/GHSA-v682-8vv8-vpwr,,['Grype'],Grype,1,0.5,['tomcat-embed-websocket v9.0.52'],0,Unknown,,0.0,0.0,0,7,prod,platform,0,['internal-service'],0,0,1,0,0,timesheet-devops-app,1,0,99,[],30.9
GHSA-668q-qrv7-99fm,Deserialization of Untrusted Data in logback,Deserialization of Untrusted Data in logback,MEDIUM,logback-core,6.6,1.2.9,logback-core v1.2.5,https://github.com/advisories/GHSA-668q-qrv7-99fm,,['Grype'],Grype,1,0.5,['logback-core v1.2.5'],0,Unknown,,0.0,0.0,0,7,prod,platform,0,['internal-service'],0,0,1,0,0,timesheet-devops-app,1,0,99,[],30.9
GHSA-4gc7-5j7h-4qph,Spring Framework DataBinder Case Sensitive Match Exception,Spring Framework DataBinder Case Sensitive Match Exception,MEDIUM,spring-context,5.3,No fix,spring-context v5.3.9,https://github.com/advisories/GHSA-4gc7-5j7h-4qph,,['Grype'],Grype,1,0.5,['spring-context v5.3.9'],0,Unknown,,0.0,0.0,0,7,prod,platform,0,['internal-service'],0,0,1,0,0,timesheet-devops-app,1,0,99,[],30.9
GHSA-4gc7-5j7h-4qph,Spring Framework DataBinder Case Sensitive Match Exception,Spring Framework DataBinder Case Sensitive Match Exception,MEDIUM,spring-web,5.3,No fix,spring-web v5.3.9,https://github.com/advisories/GHSA-4gc7-5j7h-4qph,,['Grype'],Grype,1,0.5,['spring-web v5.3.9'],0,Unknown,,0.0,0.0,0,7,prod,platform,0,['internal-service'],0,0,1,0,0,timesheet-devops-app,1,0,99,[],30.9
GHSA-558x-2xjg-6232,Allocation of Resources Without Limits or Throttling in Spring Framework,Allocation of Resources Without Limits or Throttling in Spring Framework,MEDIUM,spring-expression,6.5,5.3.17,spring-expression v5.3.9,https://github.com/advisories/GHSA-558x-2xjg-6232,,['Grype'],Grype,1,0.5,['spring-expression v5.3.9'],0,Unknown,,0.0,0.0,0,7,prod,platform,0,['internal-service'],0,0,1,0,0,timesheet-devops-app,1,0,99,[],30.9
GHSA-q3mw-pvr8-9ggc,Apache Tomcat Open Redirect vulnerability,Apache Tomcat Open Redirect vulnerability,MEDIUM,tomcat-embed-core,6.1,9.0.80,tomcat-embed-core v9.0.52,https://github.com/advisories/GHSA-q3mw-pvr8-9ggc,,['Grype'],Grype,1,0.5,['tomcat-embed-core v9.0.52'],0,Unknown,,0.0,0.0,0,7,prod,platform,0,['internal-service'],0,0,1,0,0,timesheet-devops-app,1,0,99,[],30.9
GHSA-r6j3-px5g-cq3x,Apache Tomcat Improper Input Validation vulnerability,Apache Tomcat Improper Input Validation vulnerability,MEDIUM,tomcat-embed-core,5.3,9.0.81,tomcat-embed-core v9.0.52,https://github.com/advisories/GHSA-r6j3-px5g-cq3x,,['Grype'],Grype,1,0.5,['tomcat-embed-core v9.0.52'],0,Unknown,,0.0,0.0,0,7,prod,platform,0,['internal-service'],0,0,1,0,0,timesheet-devops-app,1,0,99,[],30.9
GHSA-w6f2-8wx4-47r5,Incorrect Authorization in MySQL Connector Java,Incorrect Authorization in MySQL Connector Java,MEDIUM,mysql-connector-java,5.9,8.0.27,mysql-connector-java v8.0.26,https://github.com/advisories/GHSA-w6f2-8wx4-47r5,,['Grype'],Grype,1,0.5,['mysql-connector-java v8.0.26'],0,Unknown,,0.0,0.0,0,8,prod,platform,0,"['internal-service', 'data']",0,0,1,0,0,timesheet-devops-db,1,0,99,[],32.1
GHSA-7w75-32cg-r6g2,Apache Tomcat Denial of Service due to improper input validation vulnerability for HTTP/2 requests,Apache Tomcat Denial of Service due to improper input validation vulnerability for HTTP/2 requests,MEDIUM,tomcat-embed-core,7.5,9.0.86,tomcat-embed-core v9.0.52,https://github.com/advisories/GHSA-7w75-32cg-r6g2,,['Grype'],Grype,1,0.5,['tomcat-embed-core v9.0.52'],0,Unknown,,0.0,0.0,0,7,prod,platform,0,['internal-service'],0,0,1,0,0,timesheet-devops-app,1,0,99,[],30.9
GHSA-qppj-fm5r-hxr3,HTTP/2 Stream Cancellation Attack,HTTP/2 Stream Cancellation Attack,MEDIUM,tomcat-embed-core,5.3,9.0.81,tomcat-embed-core v9.0.52,https://github.com/advisories/GHSA-qppj-fm5r-hxr3,,['Grype'],Grype,1,0.5,['tomcat-embed-core v9.0.52'],0,Unknown,,0.0,0.0,0,7,prod,platform,0,['internal-service'],0,0,1,0,0,timesheet-devops-app,1,0,99,[],30.9
GHSA-g8pj-r55q-5c2v,Apache Tomcat Incomplete Cleanup vulnerability,Apache Tomcat Incomplete Cleanup vulnerability,MEDIUM,tomcat-embed-core,5.3,9.0.81,tomcat-embed-core v9.0.52,https://github.com/advisories/GHSA-g8pj-r55q-5c2v,,['Grype'],Grype,1,0.5,['tomcat-embed-core v9.0.52'],0,Unknown,,0.0,0.0,0,7,prod,platform,0,['internal-service'],0,0,1,0,0,timesheet-devops-app,1,0,99,[],30.9
GHSA-564r-hj7v-mcr5,Spring Framework vulnerable to denial of service via specially crafted SpEL expression,Spring Framework vulnerable to denial of service via specially crafted SpEL expression,MEDIUM,spring-expression,6.5,5.3.26,spring-expression v5.3.9,https://github.com/advisories/GHSA-564r-hj7v-mcr5,,['Grype'],Grype,1,0.5,['spring-expression v5.3.9'],0,Unknown,,0.0,0.0,0,7,prod,platform,0,['internal-service'],0,0,1,0,0,timesheet-devops-app,1,0,99,[],30.9
GHSA-g76j-4cxx-23h9,Improper Handling of Insufficient Permissions or Privileges in MySQL Connectors Java,Improper Handling of Insufficient Permissions or Privileges in MySQL Connectors Java,MEDIUM,mysql-connector-java,6.6,8.0.28,mysql-connector-java v8.0.26,https://github.com/advisories/GHSA-g76j-4cxx-23h9,,['Grype'],Grype,1,0.5,['mysql-connector-java v8.0.26'],0,Unknown,,0.0,0.0,0,8,prod,platform,0,"['internal-service', 'data']",0,0,1,0,0,timesheet-devops-db,1,0,99,[],32.1
GHSA-c4r9-r8fh-9vj2,snakeYAML before 1.31 vulnerable to Denial of Service due to Out-of-bounds Write,snakeYAML before 1.31 vulnerable to Denial of Service due to Out-of-bounds Write,MEDIUM,snakeyaml,6.5,1.31,snakeyaml v1.28,https://github.com/advisories/GHSA-c4r9-r8fh-9vj2,,['Grype'],Grype,1,0.5,['snakeyaml v1.28'],0,Unknown,,0.0,0.0,0,7,prod,platform,0,['internal-service'],0,0,1,0,0,timesheet-devops-app,1,0,99,[],30.9
GHSA-jjfh-589g-3hjx,Spring Boot Actuator denial of service vulnerability,Spring Boot Actuator denial of service vulnerability,MEDIUM,spring-boot-actuator,5.3,2.7.18,spring-boot-actuator v2.5.4,https://github.com/advisories/GHSA-jjfh-589g-3hjx,,['Grype'],Grype,1,0.5,['spring-boot-actuator v2.5.4'],0,Unknown,,0.0,0.0,0,7,prod,platform,0,['internal-service'],0,0,1,0,0,timesheet-devops-app,1,0,99,[],30.9
GHSA-9cmq-m9j5-mvww,Spring Framework vulnerable to Denial of Service,Spring Framework vulnerable to Denial of Service,MEDIUM,spring-expression,4.3,5.3.39,spring-expression v5.3.9,https://github.com/advisories/GHSA-9cmq-m9j5-mvww,,['Grype'],Grype,1,0.5,['spring-expression v5.3.9'],0,Unknown,,0.0,0.0,0,7,prod,platform,0,['internal-service'],0,0,1,0,0,timesheet-devops-app,1,0,99,[],30.9
GHSA-pr98-23f8-jwxv,QOS.CH logback-core Expression Language Injection vulnerability,QOS.CH logback-core Expression Language Injection vulnerability,MEDIUM,logback-core,5.9,1.3.15,logback-core v1.2.5,https://github.com/advisories/GHSA-pr98-23f8-jwxv,,['Grype'],Grype,1,0.5,['logback-core v1.2.5'],0,Unknown,,0.0,0.0,0,7,prod,platform,0,['internal-service'],0,0,1,0,0,timesheet-devops-app,1,0,99,[],30.9
GHSA-2rmj-mq67-h97g,Spring Framework DoS via conditional HTTP request,Spring Framework DoS via conditional HTTP request,MEDIUM,spring-web,5.3,5.3.38,spring-web v5.3.9,https://github.com/advisories/GHSA-2rmj-mq67-h97g,,['Grype'],Grype,1,0.5,['spring-web v5.3.9'],0,Unknown,,0.0,0.0,0,7,prod,platform,0,['internal-service'],0,0,1,0,0,timesheet-devops-app,1,0,99,[],30.9
GHSA-6gf2-pvqw-37ph,Log entry injection in Spring Framework,Log entry injection in Spring Framework,MEDIUM,spring-core,4.3,5.3.14,spring-core v5.3.9,https://github.com/advisories/GHSA-6gf2-pvqw-37ph,,['Grype'],Grype,1,0.5,['spring-core v5.3.9'],0,Unknown,,0.0,0.0,0,7,prod,platform,0,['internal-service'],0,0,1,0,0,timesheet-devops-app,1,0,99,[],30.9
GHSA-rfmp-97jj-h8m6,Improper Output Neutralization for Logs in Spring Framework,Improper Output Neutralization for Logs in Spring Framework,MEDIUM,spring-core,4.3,5.3.11,spring-core v5.3.9,https://github.com/advisories/GHSA-rfmp-97jj-h8m6,,['Grype'],Grype,1,0.5,['spring-core v5.3.9'],0,Unknown,,0.0,0.0,0,7,prod,platform,0,['internal-service'],0,0,1,0,0,timesheet-devops-app,1,0,99,[],30.9
GHSA-42wg-hm62-jcwg,Apache Tomcat installer for Windows has an untrusted search path vulnerability,Apache Tomcat installer for Windows has an untrusted search path vulnerability,MEDIUM,tomcat-embed-core,4.8,9.0.106,tomcat-embed-core v9.0.52,https://github.com/advisories/GHSA-42wg-hm62-jcwg,,['Grype'],Grype,1,0.5,['tomcat-embed-core v9.0.52'],0,Unknown,,0.0,0.0,0,7,prod,platform,0,['internal-service'],0,0,1,0,0,timesheet-devops-app,1,0,99,[],30.9
GHSA-hhhw-99gj-p3c3,snakeYAML before 1.31 vulnerable to Denial of Service due to Out-of-bounds Write,snakeYAML before 1.31 vulnerable to Denial of Service due to Out-of-bounds Write,MEDIUM,snakeyaml,5.5,1.31,snakeyaml v1.28,https://github.com/advisories/GHSA-hhhw-99gj-p3c3,,['Grype'],Grype,1,0.5,['snakeyaml v1.28'],0,Unknown,,0.0,0.0,0,7,prod,platform,0,['internal-service'],0,0,1,0,0,timesheet-devops-app,1,0,99,[],30.9
GHSA-9w3m-gqgf-c4p9,snakeYAML before 1.32 vulnerable to Denial of Service due to Out-of-bounds Write,snakeYAML before 1.32 vulnerable to Denial of Service due to Out-of-bounds Write,MEDIUM,snakeyaml,6.5,1.32,snakeyaml v1.28,https://github.com/advisories/GHSA-9w3m-gqgf-c4p9,,['Grype'],Grype,1,0.5,['snakeyaml v1.28'],0,Unknown,,0.0,0.0,0,7,prod,platform,0,['internal-service'],0,0,1,0,0,timesheet-devops-app,1,0,99,[],30.9
GHSA-98wm-3w3q-mw94,snakeYAML before 1.31 vulnerable to Denial of Service due to Out-of-bounds Write,snakeYAML before 1.31 vulnerable to Denial of Service due to Out-of-bounds Write,MEDIUM,snakeyaml,6.5,1.31,snakeyaml v1.28,https://github.com/advisories/GHSA-98wm-3w3q-mw94,,['Grype'],Grype,1,0.5,['snakeyaml v1.28'],0,Unknown,,0.0,0.0,0,7,prod,platform,0,['internal-service'],0,0,1,0,0,timesheet-devops-app,1,0,99,[],30.9
GHSA-wc4r-xq3c-5cf3,Apache Tomcat - Security constraint bypass for pre/post-resources,Apache Tomcat - Security constraint bypass for pre/post-resources,MEDIUM,tomcat-embed-core,6.3,9.0.106,tomcat-embed-core v9.0.52,https://github.com/advisories/GHSA-wc4r-xq3c-5cf3,,['Grype'],Grype,1,0.5,['tomcat-embed-core v9.0.52'],0,Unknown,,0.0,0.0,0,7,prod,platform,0,['internal-service'],0,0,1,0,0,timesheet-devops-app,1,0,99,[],30.9
GHSA-fpj8-gq4v-p354,Apache Tomcat - Client certificate verification bypass,Apache Tomcat - Client certificate verification bypass,MEDIUM,tomcat-embed-core,9.1,9.0.113,tomcat-embed-core v9.0.52,https://github.com/advisories/GHSA-fpj8-gq4v-p354,,['Grype'],Grype,1,0.5,['tomcat-embed-core v9.0.52'],0,Unknown,,0.0,0.0,0,7,prod,platform,0,['internal-service'],0,0,1,0,0,timesheet-devops-app,1,0,99,[],30.9
GHSA-9m3c-qcxr-9x87,Apache Tomcat has an Open Redirect vulnerability,Apache Tomcat has an Open Redirect vulnerability,MEDIUM,tomcat-embed-core,6.1,9.0.116,tomcat-embed-core v9.0.52,https://github.com/advisories/GHSA-9m3c-qcxr-9x87,,['Grype'],Grype,1,0.5,['tomcat-embed-core v9.0.52'],0,Unknown,,0.0,0.0,0,7,prod,platform,0,['internal-service'],0,0,1,0,0,timesheet-devops-app,1,0,99,[],30.9
GHSA-25qh-j22f-pwp8,QOS.CH logback-core is vulnerable to Arbitrary Code Execution through file processing,QOS.CH logback-core is vulnerable to Arbitrary Code Execution through file processing,MEDIUM,logback-core,5.9,1.3.16,logback-core v1.2.5,https://github.com/advisories/GHSA-25qh-j22f-pwp8,,['Grype'],Grype,1,0.5,['logback-core v1.2.5'],0,Unknown,,0.0,0.0,0,7,prod,platform,0,['internal-service'],0,0,1,0,0,timesheet-devops-app,1,0,99,[],30.9
GHSA-4773-3jfm-qmx3,Spring Framework Improper Path Limitation with Script View Templates,Spring Framework Improper Path Limitation with Script View Templates,MEDIUM,spring-webmvc,5.9,No fix,spring-webmvc v5.3.9,https://github.com/advisories/GHSA-4773-3jfm-qmx3,,['Grype'],Grype,1,0.5,['spring-webmvc v5.3.9'],0,Unknown,,0.0,0.0,0,7,prod,platform,0,['internal-service'],0,0,1,0,0,timesheet-devops-app,1,0,99,[],30.9
GHSA-w37g-rhq8-7m4j,Snakeyaml vulnerable to Stack overflow leading to denial of service,Snakeyaml vulnerable to Stack overflow leading to denial of service,MEDIUM,snakeyaml,6.5,1.32,snakeyaml v1.28,https://github.com/advisories/GHSA-w37g-rhq8-7m4j,,['Grype'],Grype,1,0.5,['snakeyaml v1.28'],0,Unknown,,0.0,0.0,0,7,prod,platform,0,['internal-service'],0,0,1,0,0,timesheet-devops-app,1,0,99,[],30.9
GHSA-r936-gwx5-v52f,Spring Framework MVC Applications Path Traversal Vulnerability,Spring Framework MVC Applications Path Traversal Vulnerability,MEDIUM,spring-webmvc,5.9,No fix,spring-webmvc v5.3.9,https://github.com/advisories/GHSA-r936-gwx5-v52f,,['Grype'],Grype,1,0.5,['spring-webmvc v5.3.9'],0,Unknown,,0.0,0.0,0,7,prod,platform,0,['internal-service'],0,0,1,0,0,timesheet-devops-app,1,0,99,[],30.9
GHSA-w3c8-7r8f-9jp8,Spring MVC controller vulnerable to a DoS attack,Spring MVC controller vulnerable to a DoS attack,MEDIUM,spring-webmvc,5.3,5.3.42,spring-webmvc v5.3.9,https://github.com/advisories/GHSA-w3c8-7r8f-9jp8,,['Grype'],Grype,1,0.5,['spring-webmvc v5.3.9'],0,Unknown,,0.0,0.0,0,7,prod,platform,0,['internal-service'],0,0,1,0,0,timesheet-devops-app,1,0,99,[],30.9
VAULT-STATUS,Vault Status: vault_unavailable,HashiCorp Vault reported status: vault_unavailable at 2026-04-30T18:24:25Z,MEDIUM,Secret Management,,Ensure Vault is initialized and unsealed,,https://www.vaultproject.io/docs,,['HashiCorp Vault'],HashiCorp Vault,1,0.5,['N/A'],0,Unknown,,0.0,0.0,0,7,prod,platform,0,['internal-service'],0,0,0,0,0,timesheet-devops-app,1,0,99,[],30.9
10063,Permissions Policy Header Not Set,"<p>Permissions Policy Header is an added layer of security that helps to restrict from unauthorized access or usage of browser/client features by web resources. This policy ensures the user privacy by limiting or specifying the features of the browsers can be used by the web resources. Permissions Policy provides a set of standard HTTP headers that allow website owners to limit which features of browsers can be used by the page such as camera, microphone, location, full screen etc.</p>",MEDIUM,http://app-test:8082,,"<p>Ensure that your web server, application server, load balancer, etc. is configured to set the Permissions-Policy header.</p>",http://app-test:8082/,<p>https://developer.mozilla.org/en-US/docs/Web/HTTP/Reference/Headers/Permissions-Policy</p><p>https://developer.chrome.com/blog/feature-policy/</p><p>https://scotthelme.co.uk/a-new-security-header-f,,['OWASP ZAP'],OWASP ZAP,1,0.5,['http://app-test:8082/'],0,Unknown,,0.0,0.0,0,7,prod,platform,0,['internal-service'],0,0,0,1,0,timesheet-devops-app,1,0,99,[],30.9
NIKTO-FINDING,+ Target Host: localhost,+ Target Host: localhost,MEDIUM,Web Server,,Review server configuration,Web Application,https://owasp.org,,['Nikto'],Nikto,1,0.5,['Web Application'],0,Unknown,,0.0,0.0,0,7,prod,platform,0,['internal-service'],0,0,0,1,0,timesheet-devops-app,1,0,99,[],30.9
java.spring.security.audit.spring-actuator-non-health-enabled.spring-actuator-dangerous-endpoints-enabled,java.spring.security.audit.spring-actuator-non-health-enabled.spring-actuator-dangerous-endpoints-enabled,"Spring Boot Actuators ""health,info"" are enabled. Depending on the actuators, this can pose a significant security risk. Please double-check if the actuators are needed and properly secured.",MEDIUM,src/main/resources/application.properties,,Code fix required,src/main/resources/application.properties:L33,https://docs.spring.io/spring-boot/docs/current/reference/html/production-ready-features.html#production-ready-endpoints-exposing-endpoints,,['Semgrep SAST'],Semgrep SAST,1,0.5,['src/main/resources/application.properties:L33'],0,Unknown,,0.0,0.0,0,7,prod,platform,0,['internal-service'],0,0,0,0,0,timesheet-devops-app,1,0,99,[],30.9
GHSA-wf8f-6423-gfxg,Jackson-core Vulnerable to Memory Disclosure via Source Snippet in JsonLocation,Jackson-core Vulnerable to Memory Disclosure via Source Snippet in JsonLocation,MEDIUM,jackson-core,4.0,2.13.0,jackson-core v2.12.4,https://github.com/advisories/GHSA-wf8f-6423-gfxg,,['Grype'],Grype,1,0.5,['jackson-core v2.12.4'],0,Unknown,,0.0,0.0,0,7,prod,platform,0,['internal-service'],0,0,1,0,0,timesheet-devops-app,1,0,99,[],30.9
GHSA-72hv-8253-57qq,jackson-core: Number Length Constraint Bypass in Async Parser Leads to Potential DoS Condition,jackson-core: Number Length Constraint Bypass in Async Parser Leads to Potential DoS Condition,MEDIUM,jackson-core,6.9,2.18.6,jackson-core v2.12.4,https://github.com/advisories/GHSA-72hv-8253-57qq,,['Grype'],Grype,1,0.5,['jackson-core v2.12.4'],0,Unknown,,0.0,0.0,0,7,prod,platform,0,['internal-service'],0,0,1,0,0,timesheet-devops-app,1,0,99,[],30.9
GHSA-qq5r-98hh-rxc9,Apache Tomcat - Security constraint bypass with HTTP/0.9,Apache Tomcat - Security constraint bypass with HTTP/0.9,LOW,tomcat-embed-core,2.7,9.0.113,tomcat-embed-core v9.0.52,https://github.com/advisories/GHSA-qq5r-98hh-rxc9,,['Grype'],Grype,1,0.5,['tomcat-embed-core v9.0.52'],0,Unknown,,0.0,0.0,0,7,prod,platform,0,['internal-service'],0,0,1,0,0,timesheet-devops-app,1,0,99,[],24.6
GHSA-vfww-5hm6-hx2j,"Apache Tomcat Vulnerable to Improper Neutralization of Escape, Meta, or Control Sequences","Apache Tomcat Vulnerable to Improper Neutralization of Escape, Meta, or Control Sequences",LOW,tomcat-embed-core,9.6,9.0.109,tomcat-embed-core v9.0.52,https://github.com/advisories/GHSA-vfww-5hm6-hx2j,,['Grype'],Grype,1,0.5,['tomcat-embed-core v9.0.52'],0,Unknown,,0.0,0.0,0,7,prod,platform,0,['internal-service'],0,0,1,0,0,timesheet-devops-app,1,0,99,[],24.6
GHSA-4wp7-92pw-q264,Spring Framework DataBinder Case Sensitive Match Exception,Spring Framework DataBinder Case Sensitive Match Exception,LOW,spring-context,3.1,No fix,spring-context v5.3.9,https://github.com/advisories/GHSA-4wp7-92pw-q264,,['Grype'],Grype,1,0.5,['spring-context v5.3.9'],0,Unknown,,0.0,0.0,0,7,prod,platform,0,['internal-service'],0,0,1,0,0,timesheet-devops-app,1,0,99,[],24.6
GHSA-6hcq-hmm3-jj3c,Spring MVC and WebFlux has Server Sent Event stream corruption,Spring MVC and WebFlux has Server Sent Event stream corruption,LOW,spring-webmvc,2.6,No fix,spring-webmvc v5.3.9,https://github.com/advisories/GHSA-6hcq-hmm3-jj3c,,['Grype'],Grype,1,0.5,['spring-webmvc v5.3.9'],0,Unknown,,0.0,0.0,0,7,prod,platform,0,['internal-service'],0,0,1,0,0,timesheet-devops-app,1,0,99,[],24.6
GHSA-h2fw-rfh5-95r3,Apache Tomcat - CGI security constraint bypass,Apache Tomcat - CGI security constraint bypass,LOW,tomcat-embed-core,1.7,9.0.105,tomcat-embed-core v9.0.52,https://github.com/advisories/GHSA-h2fw-rfh5-95r3,,['Grype'],Grype,1,0.5,['tomcat-embed-core v9.0.52'],0,Unknown,,0.0,0.0,0,7,prod,platform,0,['internal-service'],0,0,1,0,0,timesheet-devops-app,1,0,99,[],24.6
GHSA-hgrr-935x-pq79,Apache Tomcat Vulnerable to Improper Resource Shutdown or Release,Apache Tomcat Vulnerable to Improper Resource Shutdown or Release,LOW,tomcat-embed-core,2.3,9.0.110,tomcat-embed-core v9.0.52,https://github.com/advisories/GHSA-hgrr-935x-pq79,,['Grype'],Grype,1,0.5,['tomcat-embed-core v9.0.52'],0,Unknown,,0.0,0.0,0,7,prod,platform,0,['internal-service'],0,0,1,0,0,timesheet-devops-app,1,0,99,[],24.6
GHSA-qqpg-mvqg-649v,Logback allows an attacker to instantiate classes already present on the class path,Logback allows an attacker to instantiate classes already present on the class path,LOW,logback-core,1.8,1.5.25,logback-core v1.2.5,https://github.com/advisories/GHSA-qqpg-mvqg-649v,,['Grype'],Grype,1,0.5,['logback-core v1.2.5'],0,Unknown,,0.0,0.0,0,7,prod,platform,0,['internal-service'],0,0,1,0,0,timesheet-devops-app,1,0,99,[],24.6
GHSA-6v67-2wr5-gvf4,QOS.CH logback-core Server-Side Request Forgery vulnerability,QOS.CH logback-core Server-Side Request Forgery vulnerability,LOW,logback-core,2.4,1.3.15,logback-core v1.2.5,https://github.com/advisories/GHSA-6v67-2wr5-gvf4,,['Grype'],Grype,1,0.5,['logback-core v1.2.5'],0,Unknown,,0.0,0.0,0,7,prod,platform,0,['internal-service'],0,0,1,0,0,timesheet-devops-app,1,0,99,[],24.6
10049,Non-Storable Content,"<p>The response contents are not storable by caching components such as proxy servers. If the response does not contain sensitive, personal or user-specific information, it may benefit from being stored and cached, to improve performance.</p>",LOW,http://app-test:8082,,"<p>The content may be marked as storable by ensuring that the following conditions are satisfied:</p><p>The request method must be understood by the cache and defined as being cacheable (""GET"", ""HEAD"", and ""POST"" are currently defined as cacheable)</p><p>The response status code must be understood by the cache (one of the 1XX, 2XX, 3XX, 4XX, or 5XX response classes are generally understood)</p><p>The ""no-store"" cache directive must not appear in the request or response header fields</p><p>For caching by ""shared"" caches such as ""proxy"" caches, the ""private"" response directive must not appear in the response</p><p>For caching by ""shared"" caches such as ""proxy"" caches, the ""Authorization"" header field must not appear in the request, unless the response explicitly allows it (using one of the ""must-revalidate"", ""public"", or ""s-maxage"" Cache-Control response directives)</p><p>In addition to the conditions above, at least one of the following conditions must also be satisfied by the response:</p><p>It must contain an ""Expires"" header field</p><p>It must contain a ""max-age"" response directive</p><p>For ""shared"" caches such as ""proxy"" caches, it must contain a ""s-maxage"" response directive</p><p>It must contain a ""Cache Control Extension"" that allows it to be cached</p><p>It must have a status code that is defined as cacheable by default (200, 203, 204, 206, 300, 301, 404, 405, 410, 414, 501).</p>",http://app-test:8082/timesheet-devops,<p>https://datatracker.ietf.org/doc/html/rfc7234</p><p>https://datatracker.ietf.org/doc/html/rfc7231</p><p>https://www.w3.org/Protocols/rfc2616/rfc2616-sec13.html</p>,,['OWASP ZAP'],OWASP ZAP,1,0.5,['http://app-test:8082/timesheet-devops'],0,Unknown,,0.0,0.0,0,7,prod,platform,0,['internal-service'],0,0,0,1,0,timesheet-devops-app,1,0,99,[],24.6
10049,Storable and Cacheable Content,"<p>The response contents are storable by caching components such as proxy servers, and may be retrieved directly from the cache, rather than from the origin server by the caching servers, in response to similar requests from other users. If the response data is sensitive, personal or user-specific, this may result in sensitive information being leaked. In some cases, this may even result in a user gaining complete control of the session of another user, depending on the configuration of the caching components in use in their environment. This is primarily an issue where ""shared"" caching servers such as ""proxy"" caches are configured on the local network. This configuration is typically found in corporate or educational environments, for instance.</p>",LOW,http://app-test:8082,,"<p>Validate that the response does not contain sensitive, personal or user-specific information. If it does, consider the use of the following HTTP response headers, to limit, or prevent the content being stored and retrieved from the cache by another user:</p><p>Cache-Control: no-cache, no-store, must-revalidate, private</p><p>Pragma: no-cache</p><p>Expires: 0</p><p>This configuration directs both HTTP 1.0 and HTTP 1.1 compliant caching servers to not store the response, and to not retrieve the response (without validation) from the cache, in response to a similar request.</p>",http://app-test:8082/,<p>https://datatracker.ietf.org/doc/html/rfc7234</p><p>https://datatracker.ietf.org/doc/html/rfc7231</p><p>https://www.w3.org/Protocols/rfc2616/rfc2616-sec13.html</p>,,['OWASP ZAP'],OWASP ZAP,1,0.5,['http://app-test:8082/'],0,Unknown,,0.0,0.0,0,7,prod,platform,0,['internal-service'],0,0,0,1,0,timesheet-devops-app,1,0,99,[],24.6
