id,schema_version,category,version,fixed_version,cve,file,line,repo,commit,title,description,severity,package,cvss_score,fix_version,target,reference,published_date,detected_by,tool,tool_count,confidence_score,confidence_score_version,affected_assets,identity_kind,identity_key,merged_from_tools,merged_from_sources,in_kev,kev_ransomware,kev_due_date,epss_score,epss_percentile,has_exploit,sbom_component,sbom_purl,sbom_version,sbom_cpe,sbom_match_method,image,image_digest,build_commit,build_number,asset_id,asset_resolution_method,asset_resolution_confidence,internet_facing_state,internet_facing_evidence,internet_facing,internet_facing_unknown,internet_facing_false,asset_criticality,asset_env,asset_owner,asset_namespace,asset_tags,pci_scope,gdpr_scope,requires_auth,network_exposed,blast_radius_count,blast_radius_assets,critical_assets_reachable,nearest_critical_asset_hops,blast_radius_evidence,blast_radius_valid,blast_radius_uncertain,in_blast_radius,source_asset,affected_asset_count,crown_jewel_reachable,shortest_attack_path,blast_radius_score,blast_radius_measurable,asset_type,analyst_score,severity_score,cvss_numeric,epss_numeric,time_decay_factor,rule_score,topology_hops_score,ml_risk_score_oof,xgb_score_oof,lgb_score_oof,ml_oof_fold,xgb_score,lgb_score,ml_risk_score,model_uncertainty,graph_boost,risk_score,risk_score_oof,risk_probability_calibrated,calibration_bucket,top_shap_drivers,priority,priority_for_review,is_false_positive,fp_reason
CVE-2016-1000027,finding/v7.1,vulnerability,5.3.9,6.0.0,CVE-2016-1000027,,,,,spring: HttpInvokerServiceExporter readRemoteInvocation method untrusted java deserialization,"Pivotal Spring Framework through 5.3.16 suffers from a potential remote code execution (RCE) issue if used for Java deserialization of untrusted data. Depending on how the library is implemented within a product, this issue may or not occur, and authentication may be required. NOTE: the vendor's position is that untrusted data is not an intended use case. The product's behavior will not be changed because some users rely on deserialization of trusted data.",CRITICAL,org.springframework:spring-web,9.8,6.0.0,Java,"https://access.redhat.com/security/cve/CVE-2016-1000027, https://bugzilla.redhat.com/show_bug.cgi?id=CVE-2016-1000027",2020-01-02T23:15:11.857Z,['Trivy'],Trivy,1,0.4,scanner_consensus_v1,"['Java', 'pom.xml']",cve,CVE-2016-1000027,['Trivy'],,0,Unknown,,0.32257,0.98222,0,spring-web,pkg:maven/org.springframework/spring-web@5.3.39?type=jar,5.3.39,,name_suffix,farahh448/timesheet-devops,sha256:7b0272947968067c8962590fa528cd14c1110e7c62c0023979032d2e3affeae4,,,timesheet-devops,image_digest,1.0,FALSE,"[""no Ingress"", ""no LoadBalancer/NodePort externe confirme"", ""Service/timesheet-devops type=ClusterIP""]",0,0,1,7,prod,platform,default,['internal-service'],0,0,1,0,0,[],[],99,[],True,False,0.0,timesheet-devops,0,0,[],45.5,1,deployment,0.0,90,9.8,0.32257,0.25,24.192,0.01,32.21576875488623,4.016895294189453,60.41464221558301,0,0.00014388085,41.252139097349,20.626141489101503,41.251995216499004,0,22.1,29.0,0.0,VERY_LOW,"[{""feature"": ""time_decay_factor"", ""impact"": -37.859, ""feature_value"": 0.25, ""direction"": ""lowers_risk""}, {""feature"": ""cvss_numeric"", ""impact"": -5.967, ""feature_value"": 9.8, ""direction"": ""lowers_risk""}, {""feature"": ""epss_numeric"", ""impact"": -4.731, ""feature_value"": 0.3226, ""direction"": ""lowers_risk""}, {""feature"": ""severity_score"", ""impact"": 4.287, ""feature_value"": 90.0, ""direction"": ""raises_risk""}, {""feature"": ""confidence_score"", ""impact"": -0.196, ""feature_value"": 0.4, ""direction"": ""lowers_risk""}]",P5_BACKLOG,26.813840054979952,0,
CVE-2022-22965,finding/v7.1,vulnerability,5.3.9,5.2.20,CVE-2022-22965,,,,,Remote Code Execution (RCE),"## Overview
[org.springframework:spring-beans](https://www.baeldung.com/spring-bean) is a package that is the basis for Spring Framework's IoC container. The BeanFactory interface provides an advanced configuration mechanism capable of managing any type of object.

Affected versions of this package are vulnerable to Remote Code Execution (RCE) via manipulation of `ClassLoader` that is achievable with a POST HTTP request. This could allow an attacker to execute a webshell on a victim's application (TomCat), or download arbitrary files from the server (Payara/Glassfish).

**Note:** 
* Current public exploits require victim applications to be built with JRE version 9 (or above) and to be deployed on either Tomcat, Payara, or Glassfish. 

* However, we have confirmed that it is technically possible for additional exploits to work under additional application configurations as well. 

* As such, while we recommend users prioritize first remediating against the configuration described above, for full protection, we also recommend upgrading all vulnerable versions to the fixed `spring-beans` version regardless of the application configuration.

### Update Log 
* **31/03/2022 -** Severity was raised from 8.1 to 9.8
* **08/04/2022 -** Advisory was updated to reflect that Snyk's security research team was able to author a working PoC of this vulnerability against applications that are deployed on Payara (which is based on Glassfish). 


## PoC
```java
1/ docker run -p 8888:8080 --rm --interactive --tty --name vm1 tomcat:9.0
2/ ./mvnw install
3/ docker cp target/handling-form-submission-complete.war vm1:/usr/local/tomcat/webapps
4/ curl -X POST \
  -H ""pre:<%"" \
  -H ""post:;%>"" \
  -F 'class.module.classLoader.resources.context.parent.pipeline.first.pattern=%{pre}iSystem.out.println(123)%{post}i' \
  -F 'class.module.classLoader.resources.context.parent.pipeline.first.suffix=.jsp' \
  -F 'class.module.classLoader.resources.context.parent.pipeline.first.directory=webapps/handling-form-submission-complete' \
  -F 'class.module.classLoader.resources.context.parent.pipeline.first.prefix=rce' \
  -F 'class.module.classLoader.resources.context.parent.pipeline.first.fileDateFormat=' \
  http://localhost:8888/handling-form-submission-complete/greeting
5/ curl http://localhost:8888/handling-form-submission-complete/rce.jsp
```
## Remediation
Upgrade `org.springframework:spring-beans` to version 5.2.20, 5.3.18 or higher.
## References
- [CyberKendra Post](https://www.cyberkendra.com/2022/03/springshell-rce-0-day-vulnerability.html)
- [GitHub Commit](https://github.com/spring-projects/spring-framework/commit/002546b3e4b8d791ea6acccb81eb3168f51abb15)
- [LunaSec Blog](https://www.lunasec.io/docs/blog/spring-rce-vulnerabilities/)
- [Payara Blogpost](https://blog.payara.fish/payara-and-spring4shell)
- [Payara PoC](https://github.com/CalumHutton/CVE-2022-22965-PoC_Payara)
- [Snyk Blog - Technical Breakdown](https://snyk.io/blog/spring4shell-zero-day-rce-spring-framework-explained/)
- [Snyk PoC](https://github.com/Kirill89/CVE-2022-22965-PoC)
- [Spring Security Announcement](https://spring.io/blog/2022/03/31/spring-framework-rce-early-announcement)
- [Spring Tomcat Mitigation Advice](https://spring.io/blog/2022/04/01/spring-framework-rce-mitigation-alternative)
- [CISA - Known Exploited Vulnerabilities](https://www.cisa.gov/known-exploited-vulnerabilities-catalog)
- [Nuclei Templates](https://github.com/projectdiscovery/nuclei-templates/blob/main/dast/cves/2022/CVE-2022-22965.yaml)
- [PoC in GitHub](https://github.com/wjl110/CVE-2022-22965_Spring_Core_RCE)
",CRITICAL,org.springframework:spring-beans,9.8,5.2.20,tn.esprit.spring.services:timesheet-devops@1.0,,,['Snyk'],Snyk,1,0.6,scanner_consensus_v1,"['tn.esprit.spring.services:timesheet-devops@1.0', 'Java', 'pom.xml']",cve,CVE-2022-22965,['Snyk'],,1,Unknown,2022-04-25,0.99638,0.99948,1,spring-beans,pkg:maven/org.springframework/spring-beans@5.3.39?type=jar,5.3.39,,name_suffix,farahh448/timesheet-devops,sha256:7b0272947968067c8962590fa528cd14c1110e7c62c0023979032d2e3affeae4,,,timesheet-devops,image_digest,1.0,FALSE,"[""no Ingress"", ""no LoadBalancer/NodePort externe confirme"", ""Service/timesheet-devops type=ClusterIP""]",0,0,1,7,prod,platform,default,['internal-service'],0,0,1,0,0,[],[],99,[],True,False,0.0,timesheet-devops,0,0,[],78.9,1,deployment,29.0,90,9.8,0.99638,0.8,100.0,0.01,76.99375255424924,85.0154800415039,68.97202506699458,4,29.002207,64.13216089298018,46.56718384767417,35.12995389298018,0,67.9,86.2,0.722,HIGH,"[{""feature"": ""cvss_numeric"", ""impact"": -13.425, ""feature_value"": 9.8, ""direction"": ""lowers_risk""}, {""feature"": ""epss_numeric"", ""impact"": -13.254, ""feature_value"": 0.9964, ""direction"": ""lowers_risk""}, {""feature"": ""time_decay_factor"", ""impact"": 6.633, ""feature_value"": 0.8, ""direction"": ""raises_risk""}, {""feature"": ""severity_score"", ""impact"": 4.886, ""feature_value"": 90.0, ""direction"": ""raises_risk""}, {""feature"": ""confidence_score"", ""impact"": -0.302, ""feature_value"": 0.6, ""direction"": ""lowers_risk""}]",P1_24H,61.53513210079234,0,
GHSA-36p3-wjmg-h94x,finding/v7.1,vulnerability,5.3.9,5.3.18,,,,,,Remote Code Execution in Spring Framework,Remote Code Execution in Spring Framework,CRITICAL,spring-beans,9.8,5.3.18,spring-beans v5.3.9,https://github.com/advisories/GHSA-36p3-wjmg-h94x,,['Grype'],Grype,1,0.4,scanner_consensus_v1,['spring-beans v5.3.9'],pkg_version,spring-beans@5.3.9::GHSA-36P3-WJMG-H94X,['Grype'],,0,Unknown,,0.0,0.0,0,spring-beans,pkg:maven/org.springframework/spring-beans@5.3.39?type=jar,5.3.39,,name,farahh448/timesheet-devops,sha256:7b0272947968067c8962590fa528cd14c1110e7c62c0023979032d2e3affeae4,,,timesheet-devops,image_digest,1.0,FALSE,"[""no Ingress"", ""no LoadBalancer/NodePort externe confirme"", ""Service/timesheet-devops type=ClusterIP""]",0,0,1,7,prod,platform,default,['internal-service'],0,0,1,0,0,[],[],99,[],True,False,0.0,timesheet-devops,0,0,[],39.0,1,deployment,30.0,90,9.8,0.0,0.8,77.41439999999999,0.01,49.88122751132979,52.50028610229492,47.26216892036466,4,56.499275,47.27675522587585,51.888015216697696,9.222519774124144,0,62.1,60.9,0.722,HIGH,"[{""feature"": ""severity_score"", ""impact"": 9.982, ""feature_value"": 90.0, ""direction"": ""raises_risk""}, {""feature"": ""time_decay_factor"", ""impact"": 5.793, ""feature_value"": 0.8, ""direction"": ""raises_risk""}, {""feature"": ""epss_numeric"", ""impact"": -1.773, ""feature_value"": 0.0, ""direction"": ""lowers_risk""}, {""feature"": ""cvss_numeric"", ""impact"": -1.759, ""feature_value"": 9.8, ""direction"": ""lowers_risk""}, {""feature"": ""confidence_score"", ""impact"": -0.208, ""feature_value"": 0.4, ""direction"": ""lowers_risk""}]",P3_7D,20.17766445207138,0,
GHSA-g5h3-w546-pj7f,finding/v7.1,vulnerability,2.5.4,2.5.15,,,,,,Spring Boot Security Bypass with Wildcard Pattern Matching on Cloud Foundry,Spring Boot Security Bypass with Wildcard Pattern Matching on Cloud Foundry,CRITICAL,spring-boot-actuator-autoconfigure,9.8,2.5.15,spring-boot-actuator-autoconfigure v2.5.4,https://github.com/advisories/GHSA-g5h3-w546-pj7f,,['Grype'],Grype,1,0.4,scanner_consensus_v1,['spring-boot-actuator-autoconfigure v2.5.4'],pkg_version,spring-boot-actuator-autoconfigure@2.5.4::GHSA-G5H3-W546-PJ7F,['Grype'],,0,Unknown,,0.0,0.0,0,spring-boot-actuator-autoconfigure,pkg:maven/org.springframework.boot/spring-boot-actuator-autoconfigure@2.5.4?type=jar,2.5.4,,name_version,farahh448/timesheet-devops,sha256:7b0272947968067c8962590fa528cd14c1110e7c62c0023979032d2e3affeae4,,,timesheet-devops,image_digest,1.0,FALSE,"[""no Ingress"", ""no LoadBalancer/NodePort externe confirme"", ""Service/timesheet-devops type=ClusterIP""]",0,0,1,7,prod,platform,default,['internal-service'],0,0,1,0,0,[],[],99,[],True,False,0.0,timesheet-devops,0,0,[],39.0,1,deployment,70.0,90,9.8,0.0,0.8,77.41439999999999,0.01,50.810331287694495,52.00013732910156,49.62052524628742,2,56.499275,47.27675522587585,51.888015216697696,9.222519774124144,0,62.1,61.5,0.722,HIGH,"[{""feature"": ""severity_score"", ""impact"": 9.982, ""feature_value"": 90.0, ""direction"": ""raises_risk""}, {""feature"": ""time_decay_factor"", ""impact"": 5.793, ""feature_value"": 0.8, ""direction"": ""raises_risk""}, {""feature"": ""epss_numeric"", ""impact"": -1.773, ""feature_value"": 0.0, ""direction"": ""lowers_risk""}, {""feature"": ""cvss_numeric"", ""impact"": -1.759, ""feature_value"": 9.8, ""direction"": ""lowers_risk""}, {""feature"": ""confidence_score"", ""impact"": -0.208, ""feature_value"": 0.4, ""direction"": ""lowers_risk""}]",P3_7D,20.17766445207138,0,
GHSA-7phw-cxx7-q9vq,finding/v7.1,vulnerability,5.3.9,5.3.26,,,,,,Spring Framework is vulnerable to security bypass via mvcRequestMatcher pattern mismatch,Spring Framework is vulnerable to security bypass via mvcRequestMatcher pattern mismatch,CRITICAL,spring-webmvc,9.1,5.3.26,spring-webmvc v5.3.9,https://github.com/advisories/GHSA-7phw-cxx7-q9vq,,['Grype'],Grype,1,0.4,scanner_consensus_v1,['spring-webmvc v5.3.9'],pkg_version,spring-webmvc@5.3.9::GHSA-7PHW-CXX7-Q9VQ,['Grype'],,0,Unknown,,0.0,0.0,0,spring-webmvc,pkg:maven/org.springframework/spring-webmvc@5.3.39?type=jar,5.3.39,,name,farahh448/timesheet-devops,sha256:7b0272947968067c8962590fa528cd14c1110e7c62c0023979032d2e3affeae4,,,timesheet-devops,image_digest,1.0,FALSE,"[""no Ingress"", ""no LoadBalancer/NodePort externe confirme"", ""Service/timesheet-devops type=ClusterIP""]",0,0,1,7,prod,platform,default,['internal-service'],0,0,1,0,0,[],[],99,[],True,False,0.0,timesheet-devops,0,0,[],39.0,1,deployment,67.0,90,9.1,0.0,0.8,77.41439999999999,0.01,58.6372554842748,68.08666229248047,49.18784867606913,0,67.003365,47.27675522587585,57.14005989443207,19.72660977412415,0,65.2,66.1,0.836,VERY_HIGH,"[{""feature"": ""severity_score"", ""impact"": 11.017, ""feature_value"": 90.0, ""direction"": ""raises_risk""}, {""feature"": ""cvss_numeric"", ""impact"": 9.594, ""feature_value"": 9.1, ""direction"": ""raises_risk""}, {""feature"": ""time_decay_factor"", ""impact"": 6.885, ""feature_value"": 0.8, ""direction"": ""raises_risk""}, {""feature"": ""epss_numeric"", ""impact"": -4.04, ""feature_value"": 0.0, ""direction"": ""lowers_risk""}, {""feature"": ""confidence_score"", ""impact"": -0.917, ""feature_value"": 0.4, ""direction"": ""lowers_risk""}]",P3_7D,27.005322855391697,0,
GHSA-4wrc-f8pq-fpqp,finding/v7.1,vulnerability,5.3.9,6.0.0,,,,,,Pivotal Spring Framework contains unsafe Java deserialization methods,Pivotal Spring Framework contains unsafe Java deserialization methods,CRITICAL,spring-web,9.8,6.0.0,spring-web v5.3.9,https://github.com/advisories/GHSA-4wrc-f8pq-fpqp,,['Grype'],Grype,1,0.4,scanner_consensus_v1,['spring-web v5.3.9'],pkg_version,spring-web@5.3.9::GHSA-4WRC-F8PQ-FPQP,['Grype'],,0,Unknown,,0.0,0.0,0,spring-web,pkg:maven/org.springframework/spring-web@5.3.39?type=jar,5.3.39,,name,farahh448/timesheet-devops,sha256:7b0272947968067c8962590fa528cd14c1110e7c62c0023979032d2e3affeae4,,,timesheet-devops,image_digest,1.0,FALSE,"[""no Ingress"", ""no LoadBalancer/NodePort externe confirme"", ""Service/timesheet-devops type=ClusterIP""]",0,0,1,7,prod,platform,default,['internal-service'],0,0,1,0,0,[],[],99,[],True,False,0.0,timesheet-devops,0,0,[],39.0,1,deployment,35.0,90,9.8,0.0,0.8,77.41439999999999,0.01,56.42713242214101,63.66641616821289,49.18784867606913,0,56.499275,47.27675522587585,51.888015216697696,9.222519774124144,0,62.1,64.8,0.722,HIGH,"[{""feature"": ""severity_score"", ""impact"": 9.982, ""feature_value"": 90.0, ""direction"": ""raises_risk""}, {""feature"": ""time_decay_factor"", ""impact"": 5.793, ""feature_value"": 0.8, ""direction"": ""raises_risk""}, {""feature"": ""epss_numeric"", ""impact"": -1.773, ""feature_value"": 0.0, ""direction"": ""lowers_risk""}, {""feature"": ""cvss_numeric"", ""impact"": -1.759, ""feature_value"": 9.8, ""direction"": ""lowers_risk""}, {""feature"": ""confidence_score"", ""impact"": -0.208, ""feature_value"": 0.4, ""direction"": ""lowers_risk""}]",P3_7D,20.17766445207138,0,
CVE-2023-20873,finding/v7.1,vulnerability,2.5.4,2.5.15,CVE-2023-20873,,,,,spring-boot: Security Bypass With Wildcard Pattern Matching on Cloud Foundry,"In Spring Boot versions 3.0.0 - 3.0.5, 2.7.0 - 2.7.10, and older unsupported versions, an application that is deployed to Cloud Foundry could be susceptible to a security bypass. Users of affected versions should apply the following mitigation: 3.0.x users should upgrade to 3.0.6+. 2.7.x users should upgrade to 2.7.11+. Users of older, unsupported versions should upgrade to 3.0.6+ or 2.7.11+.",CRITICAL,org.springframework.boot:spring-boot-actuator-autoconfigure,9.8,2.5.15,tn.esprit.spring.services:timesheet-devops@1.0,"https://access.redhat.com/security/cve/CVE-2023-20873, https://github.com/advisories/GHSA-g5h3-w546-pj7f",2023-04-20T21:15:08.717Z,['Snyk'],Snyk,1,0.6,scanner_consensus_v1,"['tn.esprit.spring.services:timesheet-devops@1.0', 'Java', 'pom.xml']",cve,CVE-2023-20873,['Snyk'],,0,Unknown,,0.01122,0.64356,0,spring-boot-actuator-autoconfigure,pkg:maven/org.springframework.boot/spring-boot-actuator-autoconfigure@2.5.4?type=jar,2.5.4,,name_suffix,farahh448/timesheet-devops,sha256:7b0272947968067c8962590fa528cd14c1110e7c62c0023979032d2e3affeae4,,,timesheet-devops,image_digest,1.0,FALSE,"[""no Ingress"", ""no LoadBalancer/NodePort externe confirme"", ""Service/timesheet-devops type=ClusterIP""]",0,0,1,7,prod,platform,default,['internal-service'],0,0,1,0,0,[],[],99,[],True,False,0.0,timesheet-devops,0,0,[],39.2,1,deployment,0.0,90,9.8,0.01122,0.25,26.207999999999995,0.01,43.7360486073748,24.101869583129883,63.37022763161971,2,-3.6661324e-05,59.86738003800165,29.93367168833884,59.86741669932565,0,28.4,36.7,0.0,VERY_LOW,"[{""feature"": ""time_decay_factor"", ""impact"": -34.924, ""feature_value"": 0.25, ""direction"": ""lowers_risk""}, {""feature"": ""cvss_numeric"", ""impact"": -7.863, ""feature_value"": 9.8, ""direction"": ""lowers_risk""}, {""feature"": ""epss_numeric"", ""impact"": -5.57, ""feature_value"": 0.0112, ""direction"": ""lowers_risk""}, {""feature"": ""severity_score"", ""impact"": 4.08, ""feature_value"": 90.0, ""direction"": ""raises_risk""}, {""feature"": ""confidence_score"", ""impact"": -0.189, ""feature_value"": 0.6, ""direction"": ""lowers_risk""}]",P5_BACKLOG,38.91380985616448,0,
CVE-2023-20860,finding/v7.1,vulnerability,5.3.9,5.3.26,CVE-2023-20860,,,,,Improper Access Control,"## Overview
[org.springframework:spring-webmvc](https://mvnrepository.com/artifact/org.springframework/spring-webmvc) is a package that provides Model-View-Controller (MVC) architecture and ready components that can be used to develop flexible and loosely coupled web applications.

Affected versions of this package are vulnerable to Improper Access Control when using an un-prefixed double wildcard pattern (`""**""`) in the Spring Security configuration with the `mvcRequestMatcher`. This configuration creates a pattern-matching discrepancy between Spring Security and Spring MVC, potentially allowing unauthorized access.

**Note:**
The Spring security team have published information about an existing PoC, but have not shared the PoC itself publicly, therefore we don't currently have the ability to verify it.
## Remediation
Upgrade `org.springframework:spring-webmvc` to version 5.3.26, 6.0.7 or higher.
## References
- [GitHub Commit](https://github.com/spring-projects/spring-framework/commit/202fa5cdb3a3d0cfe6967e85fa167d978244f28a)
- [Spring Blog](https://spring.io/blog/2023/03/20/spring-framework-6-0-7-and-5-3-26-fix-cve-2023-20860-and-cve-2023-20861)
- [Spring Security Advisory](https://spring.io/security/cve-2023-20860)
",CRITICAL,org.springframework:spring-webmvc,9.1,5.3.26,tn.esprit.spring.services:timesheet-devops@1.0,,,['Snyk'],Snyk,1,0.6,scanner_consensus_v1,"['tn.esprit.spring.services:timesheet-devops@1.0', 'Java', 'pom.xml']",cve,CVE-2023-20860,['Snyk'],,0,Unknown,,0.03514,0.88539,0,spring-webmvc,pkg:maven/org.springframework/spring-webmvc@5.3.39?type=jar,5.3.39,,name_suffix,farahh448/timesheet-devops,sha256:7b0272947968067c8962590fa528cd14c1110e7c62c0023979032d2e3affeae4,,,timesheet-devops,image_digest,1.0,FALSE,"[""no Ingress"", ""no LoadBalancer/NodePort externe confirme"", ""Service/timesheet-devops type=ClusterIP""]",0,0,1,7,prod,platform,default,['internal-service'],0,0,1,0,0,[],[],99,[],True,False,0.0,timesheet-devops,0,0,[],39.7,1,deployment,79.0,90,9.1,0.03514,0.8,83.86559999999999,0.01,68.65125783489412,72.51921844482422,64.78329722496404,1,78.99817,64.13216089298018,71.56516491914634,14.86600910701982,0,76.5,74.7,0.95,VERY_HIGH,"[{""feature"": ""severity_score"", ""impact"": 11.939, ""feature_value"": 90.0, ""direction"": ""raises_risk""}, {""feature"": ""cvss_numeric"", ""impact"": 11.428, ""feature_value"": 9.1, ""direction"": ""raises_risk""}, {""feature"": ""time_decay_factor"", ""impact"": 9.814, ""feature_value"": 0.8, ""direction"": ""raises_risk""}, {""feature"": ""confidence_score"", ""impact"": 1.46, ""feature_value"": 0.6, ""direction"": ""raises_risk""}, {""feature"": ""epss_numeric"", ""impact"": -0.108, ""feature_value"": 0.0351, ""direction"": ""lowers_risk""}]",P2_72H,28.90255402925381,0,
SOC-IMAGEPKG-37059ea8ca1f,finding/v7.1,k8s_best_practice,,Ajuster le manifeste Kubernetes,,,,,,Container CPU Requests Equal Limits,Makes sure that all pods have the same CPU requests as limits set. | Skipped because container-cpu-requests-equal-limits is ignored,CRITICAL,Deployment/apps/v1//timesheet-devops-mysql,,Ajuster le manifeste Kubernetes,Deployment/Deployment/apps/v1//timesheet-devops-mysql,https://kube-score.com/,,['kube-score'],kube-score,1,0.4,scanner_consensus_v1,['Deployment/Deployment/apps/v1//timesheet-devops-mysql'],image_pkg,deployment/deployment/apps/v1//timesheet-devops-mysql::deployment/apps/v1//timesheet-devops-mysql::container-cpu-requests-equal-limits,['kube-score'],,0,Unknown,,0.0,0.0,0,,,,,unmatched,,,,,timesheet-devops-mysql,k8s_workload_target,0.7,FALSE,"[""no Ingress"", ""no LoadBalancer/NodePort externe confirme"", ""Service/timesheet-devops-mysql type=ClusterIP""]",0,0,1,8,prod,platform,default,"['internal-service', 'data']",0,0,1,0,0,[],[],99,[],True,False,0.0,timesheet-devops-mysql,0,0,[],41.0,1,deployment,,90,5.0,0.0,0.8,81.5616,0.01,,,,-1,40.506332,28.80290282398244,34.65461761072169,11.703429176017561,0,53.4,,0.133,VERY_LOW,"[{""feature"": ""cvss_numeric"", ""impact"": -14.158, ""feature_value"": 5.0, ""direction"": ""lowers_risk""}, {""feature"": ""severity_score"", ""impact"": 11.498, ""feature_value"": 90.0, ""direction"": ""raises_risk""}, {""feature"": ""time_decay_factor"", ""impact"": 4.447, ""feature_value"": 0.8, ""direction"": ""raises_risk""}, {""feature"": ""epss_numeric"", ""impact"": -4.298, ""feature_value"": 0.0, ""direction"": ""lowers_risk""}, {""feature"": ""confidence_score"", ""impact"": -1.447, ""feature_value"": 0.4, ""direction"": ""lowers_risk""}]",P3_7D,16.248099871225286,0,
SOC-IMAGEPKG-966d4808300a,finding/v7.1,k8s_best_practice,,Ajuster le manifeste Kubernetes,,,,,,Container Ephemeral Storage Request and Limit,Makes sure all pods have ephemeral-storage requests and limits set | Ephemeral Storage limit is not set; Ephemeral Storage request is not set,CRITICAL,Deployment/apps/v1//timesheet-devops,,Ajuster le manifeste Kubernetes,Deployment/Deployment/apps/v1//timesheet-devops,https://kube-score.com/,,['kube-score'],kube-score,1,0.4,scanner_consensus_v1,['Deployment/Deployment/apps/v1//timesheet-devops'],image_pkg,deployment/deployment/apps/v1//timesheet-devops::deployment/apps/v1//timesheet-devops::container-ephemeral-storage-request-and-limit,['kube-score'],,0,Unknown,,0.0,0.0,0,,,,,unmatched,,,,,timesheet-devops,k8s_workload_target,0.85,FALSE,"[""no Ingress"", ""no LoadBalancer/NodePort externe confirme"", ""Service/timesheet-devops type=ClusterIP""]",0,0,1,7,prod,platform,default,['internal-service'],0,0,1,0,0,[],[],99,[],True,False,0.0,timesheet-devops,0,0,[],39.0,1,deployment,,90,5.0,0.0,0.8,77.41439999999999,0.01,,,,-1,40.506332,28.80290282398244,34.65461761072169,11.703429176017561,0,51.8,,0.133,VERY_LOW,"[{""feature"": ""cvss_numeric"", ""impact"": -14.158, ""feature_value"": 5.0, ""direction"": ""lowers_risk""}, {""feature"": ""severity_score"", ""impact"": 11.498, ""feature_value"": 90.0, ""direction"": ""raises_risk""}, {""feature"": ""time_decay_factor"", ""impact"": 4.447, ""feature_value"": 0.8, ""direction"": ""raises_risk""}, {""feature"": ""epss_numeric"", ""impact"": -4.298, ""feature_value"": 0.0, ""direction"": ""lowers_risk""}, {""feature"": ""confidence_score"", ""impact"": -1.447, ""feature_value"": 0.4, ""direction"": ""lowers_risk""}]",P3_7D,16.248099871225286,0,
SOC-IMAGEPKG-503f8c0530c4,finding/v7.1,k8s_best_practice,,Ajuster le manifeste Kubernetes,,,,,,Container Security Context ReadOnlyRootFilesystem,Makes sure that all pods have a security context with read only filesystem set | The pod has a container with a writable root filesystem,CRITICAL,Deployment/apps/v1//timesheet-devops,,Ajuster le manifeste Kubernetes,Deployment/Deployment/apps/v1//timesheet-devops,https://kube-score.com/,,['kube-score'],kube-score,1,0.4,scanner_consensus_v1,['Deployment/Deployment/apps/v1//timesheet-devops'],image_pkg,deployment/deployment/apps/v1//timesheet-devops::deployment/apps/v1//timesheet-devops::container-security-context-readonlyrootfilesystem,['kube-score'],,0,Unknown,,0.0,0.0,0,,,,,unmatched,,,,,timesheet-devops,k8s_workload_target,0.85,FALSE,"[""no Ingress"", ""no LoadBalancer/NodePort externe confirme"", ""Service/timesheet-devops type=ClusterIP""]",0,0,1,7,prod,platform,default,['internal-service'],0,0,1,0,0,[],[],99,[],True,False,0.0,timesheet-devops,0,0,[],39.0,1,deployment,,90,5.0,0.0,0.8,77.41439999999999,0.01,,,,-1,40.506332,28.80290282398244,34.65461761072169,11.703429176017561,0,51.8,,0.133,VERY_LOW,"[{""feature"": ""cvss_numeric"", ""impact"": -14.158, ""feature_value"": 5.0, ""direction"": ""lowers_risk""}, {""feature"": ""severity_score"", ""impact"": 11.498, ""feature_value"": 90.0, ""direction"": ""raises_risk""}, {""feature"": ""time_decay_factor"", ""impact"": 4.447, ""feature_value"": 0.8, ""direction"": ""raises_risk""}, {""feature"": ""epss_numeric"", ""impact"": -4.298, ""feature_value"": 0.0, ""direction"": ""lowers_risk""}, {""feature"": ""confidence_score"", ""impact"": -1.447, ""feature_value"": 0.4, ""direction"": ""lowers_risk""}]",P3_7D,16.248099871225286,0,
SOC-IMAGEPKG-6b0c5c065e72,finding/v7.1,k8s_best_practice,,Ajuster le manifeste Kubernetes,,,,,,Container Image Pull Policy,Makes sure that the pullPolicy is set to Always. This makes sure that imagePullSecrets are always validated. | ImagePullPolicy is not set to Always; ImagePullPolicy is not set to Always,CRITICAL,Deployment/apps/v1//timesheet-devops,,Ajuster le manifeste Kubernetes,Deployment/Deployment/apps/v1//timesheet-devops,https://kube-score.com/,,['kube-score'],kube-score,1,0.4,scanner_consensus_v1,['Deployment/Deployment/apps/v1//timesheet-devops'],image_pkg,deployment/deployment/apps/v1//timesheet-devops::deployment/apps/v1//timesheet-devops::container-image-pull-policy,['kube-score'],,0,Unknown,,0.0,0.0,0,,,,,unmatched,,,,,timesheet-devops,k8s_workload_target,0.85,FALSE,"[""no Ingress"", ""no LoadBalancer/NodePort externe confirme"", ""Service/timesheet-devops type=ClusterIP""]",0,0,1,7,prod,platform,default,['internal-service'],0,0,1,0,0,[],[],99,[],True,False,0.0,timesheet-devops,0,0,[],39.0,1,deployment,,90,5.0,0.0,0.8,77.41439999999999,0.01,,,,-1,40.506332,28.80290282398244,34.65461761072169,11.703429176017561,0,51.8,,0.133,VERY_LOW,"[{""feature"": ""cvss_numeric"", ""impact"": -14.158, ""feature_value"": 5.0, ""direction"": ""lowers_risk""}, {""feature"": ""severity_score"", ""impact"": 11.498, ""feature_value"": 90.0, ""direction"": ""raises_risk""}, {""feature"": ""time_decay_factor"", ""impact"": 4.447, ""feature_value"": 0.8, ""direction"": ""raises_risk""}, {""feature"": ""epss_numeric"", ""impact"": -4.298, ""feature_value"": 0.0, ""direction"": ""lowers_risk""}, {""feature"": ""confidence_score"", ""impact"": -1.447, ""feature_value"": 0.4, ""direction"": ""lowers_risk""}]",P3_7D,16.248099871225286,0,
SOC-IMAGEPKG-c8a8632de4cc,finding/v7.1,k8s_best_practice,,Ajuster le manifeste Kubernetes,,,,,,Container Resource Requests Equal Limits,Makes sure that all pods have the same requests as limits on resources set. | Skipped because container-resource-requests-equal-limits is ignored,CRITICAL,Deployment/apps/v1//timesheet-devops-mysql,,Ajuster le manifeste Kubernetes,Deployment/Deployment/apps/v1//timesheet-devops-mysql,https://kube-score.com/,,['kube-score'],kube-score,1,0.4,scanner_consensus_v1,['Deployment/Deployment/apps/v1//timesheet-devops-mysql'],image_pkg,deployment/deployment/apps/v1//timesheet-devops-mysql::deployment/apps/v1//timesheet-devops-mysql::container-resource-requests-equal-limits,['kube-score'],,0,Unknown,,0.0,0.0,0,,,,,unmatched,,,,,timesheet-devops-mysql,k8s_workload_target,0.7,FALSE,"[""no Ingress"", ""no LoadBalancer/NodePort externe confirme"", ""Service/timesheet-devops-mysql type=ClusterIP""]",0,0,1,8,prod,platform,default,"['internal-service', 'data']",0,0,1,0,0,[],[],99,[],True,False,0.0,timesheet-devops-mysql,0,0,[],41.0,1,deployment,,90,5.0,0.0,0.8,81.5616,0.01,,,,-1,40.506332,28.80290282398244,34.65461761072169,11.703429176017561,0,53.4,,0.133,VERY_LOW,"[{""feature"": ""cvss_numeric"", ""impact"": -14.158, ""feature_value"": 5.0, ""direction"": ""lowers_risk""}, {""feature"": ""severity_score"", ""impact"": 11.498, ""feature_value"": 90.0, ""direction"": ""raises_risk""}, {""feature"": ""time_decay_factor"", ""impact"": 4.447, ""feature_value"": 0.8, ""direction"": ""raises_risk""}, {""feature"": ""epss_numeric"", ""impact"": -4.298, ""feature_value"": 0.0, ""direction"": ""lowers_risk""}, {""feature"": ""confidence_score"", ""impact"": -1.447, ""feature_value"": 0.4, ""direction"": ""lowers_risk""}]",P3_7D,16.248099871225286,0,
SOC-IMAGEPKG-aa72d8ffd23e,finding/v7.1,k8s_best_practice,,Ajuster le manifeste Kubernetes,,,,,,Container CPU Requests Equal Limits,Makes sure that all pods have the same CPU requests as limits set. | Skipped because container-cpu-requests-equal-limits is ignored,CRITICAL,Deployment/apps/v1//timesheet-devops,,Ajuster le manifeste Kubernetes,Deployment/Deployment/apps/v1//timesheet-devops,https://kube-score.com/,,['kube-score'],kube-score,1,0.4,scanner_consensus_v1,['Deployment/Deployment/apps/v1//timesheet-devops'],image_pkg,deployment/deployment/apps/v1//timesheet-devops::deployment/apps/v1//timesheet-devops::container-cpu-requests-equal-limits,['kube-score'],,0,Unknown,,0.0,0.0,0,,,,,unmatched,,,,,timesheet-devops,k8s_workload_target,0.85,FALSE,"[""no Ingress"", ""no LoadBalancer/NodePort externe confirme"", ""Service/timesheet-devops type=ClusterIP""]",0,0,1,7,prod,platform,default,['internal-service'],0,0,1,0,0,[],[],99,[],True,False,0.0,timesheet-devops,0,0,[],39.0,1,deployment,,90,5.0,0.0,0.8,77.41439999999999,0.01,,,,-1,40.506332,28.80290282398244,34.65461761072169,11.703429176017561,0,51.8,,0.133,VERY_LOW,"[{""feature"": ""cvss_numeric"", ""impact"": -14.158, ""feature_value"": 5.0, ""direction"": ""lowers_risk""}, {""feature"": ""severity_score"", ""impact"": 11.498, ""feature_value"": 90.0, ""direction"": ""raises_risk""}, {""feature"": ""time_decay_factor"", ""impact"": 4.447, ""feature_value"": 0.8, ""direction"": ""raises_risk""}, {""feature"": ""epss_numeric"", ""impact"": -4.298, ""feature_value"": 0.0, ""direction"": ""lowers_risk""}, {""feature"": ""confidence_score"", ""impact"": -1.447, ""feature_value"": 0.4, ""direction"": ""lowers_risk""}]",P3_7D,16.248099871225286,0,
SOC-IMAGEPKG-a302c31efaac,finding/v7.1,k8s_best_practice,,Ajuster le manifeste Kubernetes,,,,,,Container Security Context User Group ID,Makes sure that all pods have a security context with valid UID and GID set  | The container is running with a low user ID; The container running with a low group ID,CRITICAL,Deployment/apps/v1//timesheet-devops-mysql,,Ajuster le manifeste Kubernetes,Deployment/Deployment/apps/v1//timesheet-devops-mysql,https://kube-score.com/,,['kube-score'],kube-score,1,0.4,scanner_consensus_v1,['Deployment/Deployment/apps/v1//timesheet-devops-mysql'],image_pkg,deployment/deployment/apps/v1//timesheet-devops-mysql::deployment/apps/v1//timesheet-devops-mysql::container-security-context-user-group-id,['kube-score'],,0,Unknown,,0.0,0.0,0,,,,,unmatched,,,,,timesheet-devops-mysql,k8s_workload_target,0.7,FALSE,"[""no Ingress"", ""no LoadBalancer/NodePort externe confirme"", ""Service/timesheet-devops-mysql type=ClusterIP""]",0,0,1,8,prod,platform,default,"['internal-service', 'data']",0,0,1,0,0,[],[],99,[],True,False,0.0,timesheet-devops-mysql,0,0,[],41.0,1,deployment,,90,5.0,0.0,0.8,81.5616,0.01,,,,-1,40.506332,28.80290282398244,34.65461761072169,11.703429176017561,0,53.4,,0.133,VERY_LOW,"[{""feature"": ""cvss_numeric"", ""impact"": -14.158, ""feature_value"": 5.0, ""direction"": ""lowers_risk""}, {""feature"": ""severity_score"", ""impact"": 11.498, ""feature_value"": 90.0, ""direction"": ""raises_risk""}, {""feature"": ""time_decay_factor"", ""impact"": 4.447, ""feature_value"": 0.8, ""direction"": ""raises_risk""}, {""feature"": ""epss_numeric"", ""impact"": -4.298, ""feature_value"": 0.0, ""direction"": ""lowers_risk""}, {""feature"": ""confidence_score"", ""impact"": -1.447, ""feature_value"": 0.4, ""direction"": ""lowers_risk""}]",P3_7D,16.248099871225286,0,
CVE-2025-24813,finding/v7.1,vulnerability,9.0.52,9.0.99,CVE-2025-24813,,,,,tomcat: Potential RCE and/or information disclosure and/or information corruption with partial PUT,"Path Equivalence: 'file.Name' (Internal Dot) leading to Remote Code Execution and/or Information disclosure and/or malicious content added to uploaded files via write enabled Default Servlet in Apache Tomcat.

This issue affects Apache Tomcat: from 11.0.0-M1 through 11.0.2, from 10.1.0-M1 through 10.1.34, from 9.0.0.M1 through 9.0.98.
The following versions were EOL at the time the CVE was created but are 
known to be affected: 8.5.0 though 8.5.100. Other, older, EOL versions 
may also be affected.


If all of the following were true, a malicious user was able to view       security sensitive files and/or inject content into those files:
- writes enabled for the default servlet (disabled by default)
- support for partial PUT (enabled by default)
- a target URL for security sensitive uploads that was a sub-directory of a target URL for public uploads
- attacker knowledge of the names of security sensitive files being uploaded
- the security sensitive files also being uploaded via partial PUT

If all of the following were true, a malicious user was able to       perform remote code execution:
- writes enabled for the default servlet (disabled by default)
- support for partial PUT (enabled by default)
- application was using Tomcat's file based session persistence with the default storage location
- application included a library that may be leveraged in a deserialization attack

Users are recommended to upgrade to version 11.0.3, 10.1.35 or 9.0.99, which fixes the issue.",CRITICAL,org.apache.tomcat.embed:tomcat-embed-core,9.8,9.0.99,tn.esprit.spring.services:timesheet-devops@1.0,"http://www.openwall.com/lists/oss-security/2025/03/10/5, https://access.redhat.com/errata/RHSA-2025:3645",2025-03-10T17:15:35.067Z,['Snyk'],Snyk,1,0.6,scanner_consensus_v1,"['tn.esprit.spring.services:timesheet-devops@1.0', 'Java', 'pom.xml']",cve,CVE-2025-24813,['Snyk'],,1,Unknown,2025-04-22,0.99927,0.99968,1,tomcat-embed-core,pkg:maven/org.apache.tomcat.embed/tomcat-embed-core@9.0.113?type=jar,9.0.113,,name_suffix,farahh448/timesheet-devops,sha256:7b0272947968067c8962590fa528cd14c1110e7c62c0023979032d2e3affeae4,,,timesheet-devops,image_digest,1.0,FALSE,"[""no Ingress"", ""no LoadBalancer/NodePort externe confirme"", ""Service/timesheet-devops type=ClusterIP""]",0,0,1,7,prod,platform,default,['internal-service'],0,0,1,0,0,[],[],99,[],True,False,0.0,timesheet-devops,0,0,[],79.0,1,deployment,91.0,90,9.8,0.99927,0.4339041095890411,70.75761095890411,0.01,30.57484154090128,0.5043576955795288,60.64532538622303,2,90.99879,64.13216089298018,77.56547390962486,26.86662910701982,0,74.8,46.6,0.95,VERY_HIGH,"[{""feature"": ""time_decay_factor"", ""impact"": 20.991, ""feature_value"": 0.4339, ""direction"": ""raises_risk""}, {""feature"": ""epss_numeric"", ""impact"": 11.588, ""feature_value"": 0.9993, ""direction"": ""raises_risk""}, {""feature"": ""severity_score"", ""impact"": 11.363, ""feature_value"": 90.0, ""direction"": ""raises_risk""}, {""feature"": ""confidence_score"", ""impact"": 1.903, ""feature_value"": 0.6, ""direction"": ""raises_risk""}, {""feature"": ""cvss_numeric"", ""impact"": 0.688, ""feature_value"": 9.8, ""direction"": ""raises_risk""}]",P1_24H,66.70295672639736,0,
CVE-2025-66614,finding/v7.1,vulnerability,9.0.52,9.0.113,CVE-2025-66614,,,,,Improper Certificate Validation,"## Overview
[org.apache.tomcat.embed:tomcat-embed-core](https://mvnrepository.com/artifact/org.apache.tomcat.embed/tomcat-embed-core) is a Core Tomcat implementation.

Affected versions of this package are vulnerable to Improper Certificate Validation in the SNI extension, when client certificate authentication relies exclusively on the Connector (and is not enforced in the web application). The hostname provided via the SNI extension may be different from the hostname in the HTTP host header field.
## Remediation
Upgrade `org.apache.tomcat.embed:tomcat-embed-core` to version 9.0.113, 10.1.50, 11.0.15 or higher.
## References
- [Apache Mailing List](https://lists.apache.org/thread/vw6lxtlh2qbqwpb61wd3sv1flm2nttw7)
- [GitHub Commit](https://github.com/apache/tomcat/commit/258a591b61f8cf5c22109e21e5a2a38b63454fd2)
",CRITICAL,org.apache.tomcat.embed:tomcat-embed-core,9.1,9.0.113,tn.esprit.spring.services:timesheet-devops@1.0,,,['Snyk'],Snyk,1,0.4,scanner_consensus_v1,['tn.esprit.spring.services:timesheet-devops@1.0'],cve,CVE-2025-66614,['Snyk'],,0,Unknown,,0.00235,0.14577,0,tomcat-embed-core,pkg:maven/org.apache.tomcat.embed/tomcat-embed-core@9.0.113?type=jar,9.0.113,,name_suffix,farahh448/timesheet-devops,sha256:7b0272947968067c8962590fa528cd14c1110e7c62c0023979032d2e3affeae4,,,timesheet-devops,image_digest,1.0,FALSE,"[""no Ingress"", ""no LoadBalancer/NodePort externe confirme"", ""Service/timesheet-devops type=ClusterIP""]",0,0,1,7,prod,platform,default,['internal-service'],0,0,1,0,0,[],[],99,[],True,False,0.0,timesheet-devops,0,0,[],39.0,1,deployment,76.0,90,9.1,0.00235,0.8,77.41439999999999,0.01,65.90250477074626,68.08666229248047,63.71834724901205,0,75.99881,57.42115827686767,66.70998404566039,18.577651723132334,0,71.0,70.5,0.95,VERY_HIGH,"[{""feature"": ""cvss_numeric"", ""impact"": 12.797, ""feature_value"": 9.1, ""direction"": ""raises_risk""}, {""feature"": ""severity_score"", ""impact"": 11.838, ""feature_value"": 90.0, ""direction"": ""raises_risk""}, {""feature"": ""time_decay_factor"", ""impact"": 7.436, ""feature_value"": 0.8, ""direction"": ""raises_risk""}, {""feature"": ""confidence_score"", ""impact"": -0.888, ""feature_value"": 0.4, ""direction"": ""lowers_risk""}, {""feature"": ""epss_numeric"", ""impact"": 0.352, ""feature_value"": 0.0024, ""direction"": ""raises_risk""}]",P2_72H,29.301821075264282,0,
CVE-2026-22733,finding/v7.1,vulnerability,2.5.4,3.5.12,CVE-2026-22733,,,,,Authentication Bypass Using an Alternate Path or Channel,"## Overview

Affected versions of this package are vulnerable to Authentication Bypass Using an Alternate Path or Channel via the Actuator CloudFoundry endpoints. An attacker can gain unauthorized access to protected endpoints by sending requests to application endpoints declared under the CloudFoundry Actuator path.

**Note:**

This is only exploitable if all of the following conditions are met:

- the application is a web application

- the application contributes an application endpoint that requires authentication under a subpath, like `""/cloudfoundryapplication/admin""`
## Remediation
Upgrade `org.springframework.boot:spring-boot-actuator-autoconfigure` to version 3.5.12, 4.0.4 or higher.
## References
- [GitHub Commit](https://github.com/spring-projects/spring-boot/commit/01fbede2b27237616e215fe0df7c294ae47bdd73)
- [Spring Advisory](https://spring.io/security/cve-2026-22733)
",CRITICAL,org.springframework.boot:spring-boot-actuator-autoconfigure,9.2,3.5.12,tn.esprit.spring.services:timesheet-devops@1.0,,,['Snyk'],Snyk,1,0.6,scanner_consensus_v1,"['tn.esprit.spring.services:timesheet-devops@1.0', 'pom.xml']",cve,CVE-2026-22733,['Snyk'],,0,Unknown,,0.0036,0.29403,0,spring-boot-actuator-autoconfigure,pkg:maven/org.springframework.boot/spring-boot-actuator-autoconfigure@2.5.4?type=jar,2.5.4,,name_suffix,farahh448/timesheet-devops,sha256:7b0272947968067c8962590fa528cd14c1110e7c62c0023979032d2e3affeae4,,,timesheet-devops,image_digest,1.0,FALSE,"[""no Ingress"", ""no LoadBalancer/NodePort externe confirme"", ""Service/timesheet-devops type=ClusterIP""]",0,0,1,7,prod,platform,default,['internal-service'],0,0,1,0,0,[],[],99,[],True,False,0.0,timesheet-devops,0,0,[],39.1,1,deployment,78.0,90,9.2,0.0036,0.8,83.86559999999999,0.01,68.10154804467204,72.48474884033203,63.71834724901205,0,78.00026,77.95666017497318,77.97845978719363,0.04359982502681703,0,80.3,74.4,0.95,VERY_HIGH,"[{""feature"": ""cvss_numeric"", ""impact"": 12.795, ""feature_value"": 9.2, ""direction"": ""raises_risk""}, {""feature"": ""severity_score"", ""impact"": 11.549, ""feature_value"": 90.0, ""direction"": ""raises_risk""}, {""feature"": ""time_decay_factor"", ""impact"": 7.514, ""feature_value"": 0.8, ""direction"": ""raises_risk""}, {""feature"": ""confidence_score"", ""impact"": 1.341, ""feature_value"": 0.6, ""direction"": ""raises_risk""}, {""feature"": ""epss_numeric"", ""impact"": 0.338, ""feature_value"": 0.0036, ""direction"": ""raises_risk""}]",P2_72H,23.415337848671495,0,
CVE-2024-50379,finding/v7.1,vulnerability,9.0.52,9.0.98,CVE-2024-50379,,,,,Time-of-check Time-of-use (TOCTOU) Race Condition,"## Overview
[org.apache.tomcat.embed:tomcat-embed-core](https://mvnrepository.com/artifact/org.apache.tomcat.embed/tomcat-embed-core) is a Core Tomcat implementation.

Affected versions of this package are vulnerable to Time-of-check Time-of-use (TOCTOU) Race Condition. On case insensitive file systems, when the default servlet is write-enabled, an attacker can upload a malicious file containing executable code and bypass case sensitivity checks, causing it to be treated as a JSP and executed.

This vector has been observed when the application is under load and read and upload operations are performed on the same file simultaneously.

**Note:**

The default `readonly` initialization parameter value of `true` is not vulnerable.

This is related to [CVE-2024-56337](https://security.snyk.io/vuln/SNYK-JAVA-ORGAPACHETOMCAT-8547998) where additional configurations are defined to fully mitigate this issue as upgrading to the fixed version doesn't fully mitigate this vulnerability;

In addition to upgrading to the fixed version, users are advised to apply the following mitigations, depending on which version of Java they are using with Tomcat :

1) running on Java 8 or Java 11: the system property `sun.io.useCanonCaches` must be explicitly set to false (it defaults
to true)

2) running on Java 17: the system property `sun.io.useCanonCaches`, if set, must be set to false (it defaults to false)

3) running on Java 21 onwards: no further configuration is required (the system property and the problematic cache have been removed)
## Remediation
Upgrade `org.apache.tomcat.embed:tomcat-embed-core` to version 9.0.98, 10.1.34, 11.0.2 or higher.
## References
- [Apache Advisory](https://lists.apache.org/thread/y6lj6q1xnp822g6ro70tn19sgtjmr80r)
- [Apache Tomcat Advisory](https://tomcat.apache.org/security-10.html#Fixed_in_Apache_Tomcat_10.1.34)
- [Apache Tomcat Advisory](https://tomcat.apache.org/security-11.html#Fixed_in_Apache_Tomcat_11.0.2)
- [Apache Tomcat Advisory](https://tomcat.apache.org/security-9.html#Fixed_in_Apache_Tomcat_9.0.98)
- [Blog Post](https://medium.com/@patelvidhi4288/deep-dive-poc-of-cve-2024-50379-exploit-tomcat-vulnerability-9-8-severity-776cfcfcf3ed)
- [GitHub Commit](https://github.com/apache/tomcat/commit/05ddeeaa54df1e2dc427d0164bedd6b79f78d81f)
- [GitHub Commit](https://github.com/apache/tomcat/commit/43b507ebac9d268b1ea3d908e296cc6e46795c00)
- [GitHub Commit](https://github.com/apache/tomcat/commit/631500b0c9b2a2a2abb707e3de2e10a5936e5d41)
- [GitHub Commit](https://github.com/apache/tomcat/commit/684247ae85fa633b9197b32391de59fc54703842)
- [GitHub Commit](https://github.com/apache/tomcat/commit/8554f6b1722b33a2ce8b0a3fad37825f3a75f2d2)
- [GitHub Commit](https://github.com/apache/tomcat/commit/cc7a98b57c6dc1df21979fcff94a36e068f4456c)
- [PoC in GitHub](https://github.com/iSee857/CVE-2024-50379-PoC)
",CRITICAL,org.apache.tomcat.embed:tomcat-embed-core,9.2,9.0.98,tn.esprit.spring.services:timesheet-devops@1.0,,,['Snyk'],Snyk,1,0.6,scanner_consensus_v1,"['tn.esprit.spring.services:timesheet-devops@1.0', 'Java', 'pom.xml']",cve,CVE-2024-50379,['Snyk'],,0,Unknown,,0.44312,0.98683,0,tomcat-embed-core,pkg:maven/org.apache.tomcat.embed/tomcat-embed-core@9.0.113?type=jar,9.0.113,,name_suffix,farahh448/timesheet-devops,sha256:7b0272947968067c8962590fa528cd14c1110e7c62c0023979032d2e3affeae4,,,timesheet-devops,image_digest,1.0,FALSE,"[""no Ingress"", ""no LoadBalancer/NodePort externe confirme"", ""Service/timesheet-devops type=ClusterIP""]",0,0,1,7,prod,platform,default,['internal-service'],0,0,1,0,0,[],[],99,[],True,False,0.0,timesheet-devops,0,0,[],47.9,1,deployment,82.0,90,9.2,0.44312,0.8,83.86559999999999,0.01,72.84530809397565,80.67827606201172,65.01234012593957,3,82.00023,64.13216089298018,73.06619488740806,17.86806910701982,0,77.4,77.3,0.95,VERY_HIGH,"[{""feature"": ""severity_score"", ""impact"": 11.58, ""feature_value"": 90.0, ""direction"": ""raises_risk""}, {""feature"": ""cvss_numeric"", ""impact"": 10.533, ""feature_value"": 9.2, ""direction"": ""raises_risk""}, {""feature"": ""time_decay_factor"", ""impact"": 10.372, ""feature_value"": 0.8, ""direction"": ""raises_risk""}, {""feature"": ""epss_numeric"", ""impact"": 3.54, ""feature_value"": 0.4431, ""direction"": ""raises_risk""}, {""feature"": ""confidence_score"", ""impact"": 1.509, ""feature_value"": 0.6, ""direction"": ""raises_risk""}]",P2_72H,30.85389301973233,0,
CVE-2024-52316,finding/v7.1,vulnerability,9.0.52,9.0.96,CVE-2024-52316,,,,,Uncaught Exception,"## Overview
[org.apache.tomcat.embed:tomcat-embed-core](https://mvnrepository.com/artifact/org.apache.tomcat.embed/tomcat-embed-core) is a Core Tomcat implementation.

Affected versions of this package are vulnerable to Uncaught Exception due to the custom Jakarta Authentication `ServerAuthContext` component which may throw an exception during the authentication process without setting an HTTP status to indicate failure. An attacker can gain unauthorized access by exploiting this unchecked error condition.

**Note:**

This is only exploitable if Tomcat is configured to use a custom Jakarta Authentication
`ServerAuthContext` component that behaves in this way. According to the maintainers, no such cases are known.
## PoC
```python
import requests

# Target server configuration
TARGET_URL = ""http://example.com/login""  # Replace with your target's authentication URL
TEST_HEADERS = {
    ""Content-Type"": ""application/json""
}
TEST_PAYLOAD = {
    ""username"": ""test_user"",  # Sample username
    ""password"": ""invalid_password""  # Invalid password for testing
}

def check_cve_2024_52316(target_url):
    """"""
    Test for CVE-2024-52316 vulnerability by sending crafted authentication requests.

    Args:
        target_url (str): The URL of the authentication endpoint to test.
    """"""
    try:
        print(f""[*] Sending test request to {target_url}"")
        # Send a POST request with the test payload
        response = requests.post(target_url, json=TEST_PAYLOAD, headers=TEST_HEADERS, timeout=5)
        
        # Analyze the server's response
        if response.status_code in [401, 403]:
            print(f""[SAFE] The server returned an expected HTTP status code: {response.status_code}"")
        elif response.status_code == 200:
            print(f""[VULNERABLE] Potential CVE-2024-52316 detected! Server returned status code: {response.status_code}"")
        else:
            print(f""[INFO] Unexpected HTTP status code: {response.status_code}"")
            print(""Response content:"", response.text)
    except requests.exceptions.RequestException as e:
        print(f""[ERROR] Failed to connect to the target: {e}"")

if __name__ == ""__main__"":
    print(""[START] CVE-2024-52316 Detection Script"")
    check_cve_2024_52316(TARGET_URL)
```
## Remediation
Upgrade `org.apache.tomcat.embed:tomcat-embed-core` to version 9.0.96, 10.1.31, 11.0.0 or higher.
## References
- [Apache Advisory](https://lists.apache.org/thread/lopzlqh91jj9n334g02om08sbysdb928)
- [GitHub Commit](https://github.com/apache/tomcat/commit/6d097a66746635df6880fe7662a792156b0eca14)
- [GitHub Commit](https://github.com/apache/tomcat/commit/7532f9dc4a8c37ec958f79dc82c4924a6c539223)
- [GitHub Commit](https://github.com/apache/tomcat/commit/acc2f01395f895980f5d8a64573fcc1bade13369)
- [PoC](http://github.com/TAM-K592/CVE-2024-52316)
",CRITICAL,org.apache.tomcat.embed:tomcat-embed-core,9.2,9.0.96,tn.esprit.spring.services:timesheet-devops@1.0,,,['Snyk'],Snyk,1,0.4,scanner_consensus_v1,['tn.esprit.spring.services:timesheet-devops@1.0'],cve,CVE-2024-52316,['Snyk'],,0,Unknown,,0.06246,0.93149,0,tomcat-embed-core,pkg:maven/org.apache.tomcat.embed/tomcat-embed-core@9.0.113?type=jar,9.0.113,,name_suffix,farahh448/timesheet-devops,sha256:7b0272947968067c8962590fa528cd14c1110e7c62c0023979032d2e3affeae4,,,timesheet-devops,image_digest,1.0,FALSE,"[""no Ingress"", ""no LoadBalancer/NodePort externe confirme"", ""Service/timesheet-devops type=ClusterIP""]",0,0,1,7,prod,platform,default,['internal-service'],0,0,1,0,0,[],[],99,[],True,False,0.0,timesheet-devops,0,0,[],40.2,1,deployment,78.0,90,9.2,0.06246,0.8,77.41439999999999,0.01,63.93211358826025,67.4495849609375,60.41464221558301,0,78.00059,41.252139097349,59.626363280363954,36.748450902651,0,66.7,69.3,0.95,VERY_HIGH,"[{""feature"": ""severity_score"", ""impact"": 12.393, ""feature_value"": 90.0, ""direction"": ""raises_risk""}, {""feature"": ""cvss_numeric"", ""impact"": 11.06, ""feature_value"": 9.2, ""direction"": ""raises_risk""}, {""feature"": ""time_decay_factor"", ""impact"": 10.089, ""feature_value"": 0.8, ""direction"": ""raises_risk""}, {""feature"": ""confidence_score"", ""impact"": -0.717, ""feature_value"": 0.4, ""direction"": ""lowers_risk""}, {""feature"": ""epss_numeric"", ""impact"": 0.711, ""feature_value"": 0.0625, ""direction"": ""raises_risk""}]",P3_7D,36.26213443543469,0,
CVE-2024-56337,finding/v7.1,vulnerability,9.0.52,9.0.98,CVE-2024-56337,,,,,Time-of-check Time-of-use (TOCTOU) Race Condition,"## Overview
[org.apache.tomcat.embed:tomcat-embed-core](https://mvnrepository.com/artifact/org.apache.tomcat.embed/tomcat-embed-core) is a Core Tomcat implementation.

Affected versions of this package are vulnerable to Time-of-check Time-of-use (TOCTOU) Race Condition due to imcomplete mitigation advice associated with [CVE-2024-50379](https://security.snyk.io/vuln/SNYK-JAVA-ORGAPACHETOMCAT-8523184) in the file-handling process with servlet write enabled.

In addition to upgrading to the fixed version, users are advised to apply the following mitigations, depending on which version of Java they are using with Tomcat :

1) running on Java 8 or Java 11: the system property `sun.io.useCanonCaches` must be explicitly set to false (it defaults to true)

2) running on Java 17: the system property `sun.io.useCanonCaches`, if set, must be set to false (it defaults to false)

3) running on Java 21 onwards: no further configuration is required (the system property and the problematic cache have been removed)
## Remediation
Upgrade `org.apache.tomcat.embed:tomcat-embed-core` to version 9.0.98, 10.1.34, 11.0.2 or higher.
## References
- [Additional Protection](https://github.com/apache/tomcat/commit/0c75cd1e3ac85944fb8ecbcf88cc38e9fa1fe4d5)
- [Apache Thread](https://lists.apache.org/thread/b2b9qrgjrz1kvo4ym8y2wkfdvwoq6qbp)
- [Apache Tomcat Advisory](https://tomcat.apache.org/security-10.html#Fixed_in_Apache_Tomcat_10.1.34)
- [Apache Tomcat Advisory](https://tomcat.apache.org/security-11.html#Fixed_in_Apache_Tomcat_11.0.2)
- [Apache Tomcat Advisory](https://tomcat.apache.org/security-9.html#Fixed_in_Apache_Tomcat_9.0.98)
- [Follow-up PR](https://github.com/apache/tomcat/pull/858)
- [GitHub Commit](https://github.com/apache/tomcat/commit/43b507ebac9d268b1ea3d908e296cc6e46795c00)
- [GitHub Commit](https://github.com/apache/tomcat/commit/631500b0c9b2a2a2abb707e3de2e10a5936e5d41)
- [PoC](https://github.com/SleepingBag945/CVE-2024-50379)
",CRITICAL,org.apache.tomcat.embed:tomcat-embed-core,9.2,9.0.98,tn.esprit.spring.services:timesheet-devops@1.0,,,['Snyk'],Snyk,1,0.6,scanner_consensus_v1,"['tn.esprit.spring.services:timesheet-devops@1.0', 'Java', 'pom.xml']",cve,CVE-2024-56337,['Snyk'],,0,Unknown,,0.09028,0.94976,0,tomcat-embed-core,pkg:maven/org.apache.tomcat.embed/tomcat-embed-core@9.0.113?type=jar,9.0.113,,name_suffix,farahh448/timesheet-devops,sha256:7b0272947968067c8962590fa528cd14c1110e7c62c0023979032d2e3affeae4,,,timesheet-devops,image_digest,1.0,FALSE,"[""no Ingress"", ""no LoadBalancer/NodePort externe confirme"", ""Service/timesheet-devops type=ClusterIP""]",0,0,1,7,prod,platform,default,['internal-service'],0,0,1,0,0,[],[],99,[],True,False,0.0,timesheet-devops,0,0,[],40.8,1,deployment,79.0,90,9.2,0.09028,0.8,83.86559999999999,0.01,69.15549884423456,77.6656723022461,60.64532538622303,2,78.99821,64.13216089298018,71.56518399263267,14.866049107019819,0,76.5,75.0,0.95,VERY_HIGH,"[{""feature"": ""severity_score"", ""impact"": 11.959, ""feature_value"": 90.0, ""direction"": ""raises_risk""}, {""feature"": ""cvss_numeric"", ""impact"": 11.089, ""feature_value"": 9.2, ""direction"": ""raises_risk""}, {""feature"": ""time_decay_factor"", ""impact"": 10.086, ""feature_value"": 0.8, ""direction"": ""raises_risk""}, {""feature"": ""confidence_score"", ""impact"": 0.977, ""feature_value"": 0.6, ""direction"": ""raises_risk""}, {""feature"": ""epss_numeric"", ""impact"": 0.422, ""feature_value"": 0.0903, ""direction"": ""raises_risk""}]",P2_72H,28.902579751299708,0,
SOC-IMAGEPKG-3c0e9eb54e08,finding/v7.1,k8s_best_practice,,Ajuster le manifeste Kubernetes,,,,,,Container Memory Requests Equal Limits,Makes sure that all pods have the same memory requests as limits set. | Skipped because container-memory-requests-equal-limits is ignored,CRITICAL,Deployment/apps/v1//timesheet-devops,,Ajuster le manifeste Kubernetes,Deployment/Deployment/apps/v1//timesheet-devops,https://kube-score.com/,,['kube-score'],kube-score,1,0.4,scanner_consensus_v1,['Deployment/Deployment/apps/v1//timesheet-devops'],image_pkg,deployment/deployment/apps/v1//timesheet-devops::deployment/apps/v1//timesheet-devops::container-memory-requests-equal-limits,['kube-score'],,0,Unknown,,0.0,0.0,0,,,,,unmatched,,,,,timesheet-devops,k8s_workload_target,0.85,FALSE,"[""no Ingress"", ""no LoadBalancer/NodePort externe confirme"", ""Service/timesheet-devops type=ClusterIP""]",0,0,1,7,prod,platform,default,['internal-service'],0,0,1,0,0,[],[],99,[],True,False,0.0,timesheet-devops,0,0,[],39.0,1,deployment,,90,5.0,0.0,0.8,77.41439999999999,0.01,,,,-1,40.506332,28.80290282398244,34.65461761072169,11.703429176017561,0,51.8,,0.133,VERY_LOW,"[{""feature"": ""cvss_numeric"", ""impact"": -14.158, ""feature_value"": 5.0, ""direction"": ""lowers_risk""}, {""feature"": ""severity_score"", ""impact"": 11.498, ""feature_value"": 90.0, ""direction"": ""raises_risk""}, {""feature"": ""time_decay_factor"", ""impact"": 4.447, ""feature_value"": 0.8, ""direction"": ""raises_risk""}, {""feature"": ""epss_numeric"", ""impact"": -4.298, ""feature_value"": 0.0, ""direction"": ""lowers_risk""}, {""feature"": ""confidence_score"", ""impact"": -1.447, ""feature_value"": 0.4, ""direction"": ""lowers_risk""}]",P3_7D,16.248099871225286,0,
SOC-IMAGEPKG-417ca14a83cd,finding/v7.1,k8s_best_practice,,Ajuster le manifeste Kubernetes,,,,,,Container Resources,Makes sure that all pods have resource limits and requests set. The --ignore-container-cpu-limit flag can be used to disable the requirement of having a CPU limit | CPU limit is not set; Memory limit is not set; CPU request is not set; Memory request is not set,CRITICAL,Deployment/apps/v1//timesheet-devops,,Ajuster le manifeste Kubernetes,Deployment/Deployment/apps/v1//timesheet-devops,https://kube-score.com/,,['kube-score'],kube-score,1,0.4,scanner_consensus_v1,['Deployment/Deployment/apps/v1//timesheet-devops'],image_pkg,deployment/deployment/apps/v1//timesheet-devops::deployment/apps/v1//timesheet-devops::container-resources,['kube-score'],,0,Unknown,,0.0,0.0,0,,,,,unmatched,,,,,timesheet-devops,k8s_workload_target,0.85,FALSE,"[""no Ingress"", ""no LoadBalancer/NodePort externe confirme"", ""Service/timesheet-devops type=ClusterIP""]",0,0,1,7,prod,platform,default,['internal-service'],0,0,1,0,0,[],[],99,[],True,False,0.0,timesheet-devops,0,0,[],39.0,1,deployment,,90,5.0,0.0,0.8,77.41439999999999,0.01,,,,-1,40.506332,28.80290282398244,34.65461761072169,11.703429176017561,0,51.8,,0.133,VERY_LOW,"[{""feature"": ""cvss_numeric"", ""impact"": -14.158, ""feature_value"": 5.0, ""direction"": ""lowers_risk""}, {""feature"": ""severity_score"", ""impact"": 11.498, ""feature_value"": 90.0, ""direction"": ""raises_risk""}, {""feature"": ""time_decay_factor"", ""impact"": 4.447, ""feature_value"": 0.8, ""direction"": ""raises_risk""}, {""feature"": ""epss_numeric"", ""impact"": -4.298, ""feature_value"": 0.0, ""direction"": ""lowers_risk""}, {""feature"": ""confidence_score"", ""impact"": -1.447, ""feature_value"": 0.4, ""direction"": ""lowers_risk""}]",P3_7D,16.248099871225286,0,
SOC-IMAGEPKG-c888f344596a,finding/v7.1,k8s_best_practice,,Ajuster le manifeste Kubernetes,,,,,,Container Ephemeral Storage Request Equals Limit,Make sure all pods have matching ephemeral-storage requests and limits | Skipped because container-ephemeral-storage-request-equals-limit is ignored,CRITICAL,Deployment/apps/v1//timesheet-devops,,Ajuster le manifeste Kubernetes,Deployment/Deployment/apps/v1//timesheet-devops,https://kube-score.com/,,['kube-score'],kube-score,1,0.4,scanner_consensus_v1,['Deployment/Deployment/apps/v1//timesheet-devops'],image_pkg,deployment/deployment/apps/v1//timesheet-devops::deployment/apps/v1//timesheet-devops::container-ephemeral-storage-request-equals-limit,['kube-score'],,0,Unknown,,0.0,0.0,0,,,,,unmatched,,,,,timesheet-devops,k8s_workload_target,0.85,FALSE,"[""no Ingress"", ""no LoadBalancer/NodePort externe confirme"", ""Service/timesheet-devops type=ClusterIP""]",0,0,1,7,prod,platform,default,['internal-service'],0,0,1,0,0,[],[],99,[],True,False,0.0,timesheet-devops,0,0,[],39.0,1,deployment,,90,5.0,0.0,0.8,77.41439999999999,0.01,,,,-1,40.506332,28.80290282398244,34.65461761072169,11.703429176017561,0,51.8,,0.133,VERY_LOW,"[{""feature"": ""cvss_numeric"", ""impact"": -14.158, ""feature_value"": 5.0, ""direction"": ""lowers_risk""}, {""feature"": ""severity_score"", ""impact"": 11.498, ""feature_value"": 90.0, ""direction"": ""raises_risk""}, {""feature"": ""time_decay_factor"", ""impact"": 4.447, ""feature_value"": 0.8, ""direction"": ""raises_risk""}, {""feature"": ""epss_numeric"", ""impact"": -4.298, ""feature_value"": 0.0, ""direction"": ""lowers_risk""}, {""feature"": ""confidence_score"", ""impact"": -1.447, ""feature_value"": 0.4, ""direction"": ""lowers_risk""}]",P3_7D,16.248099871225286,0,
SOC-IMAGEPKG-a5e5a2eb7d41,finding/v7.1,k8s_best_practice,,Ajuster le manifeste Kubernetes,,,,,,Container Resource Requests Equal Limits,Makes sure that all pods have the same requests as limits on resources set. | Skipped because container-resource-requests-equal-limits is ignored,CRITICAL,Deployment/apps/v1//timesheet-devops,,Ajuster le manifeste Kubernetes,Deployment/Deployment/apps/v1//timesheet-devops,https://kube-score.com/,,['kube-score'],kube-score,1,0.4,scanner_consensus_v1,['Deployment/Deployment/apps/v1//timesheet-devops'],image_pkg,deployment/deployment/apps/v1//timesheet-devops::deployment/apps/v1//timesheet-devops::container-resource-requests-equal-limits,['kube-score'],,0,Unknown,,0.0,0.0,0,,,,,unmatched,,,,,timesheet-devops,k8s_workload_target,0.85,FALSE,"[""no Ingress"", ""no LoadBalancer/NodePort externe confirme"", ""Service/timesheet-devops type=ClusterIP""]",0,0,1,7,prod,platform,default,['internal-service'],0,0,1,0,0,[],[],99,[],True,False,0.0,timesheet-devops,0,0,[],39.0,1,deployment,,90,5.0,0.0,0.8,77.41439999999999,0.01,,,,-1,40.506332,28.80290282398244,34.65461761072169,11.703429176017561,0,51.8,,0.133,VERY_LOW,"[{""feature"": ""cvss_numeric"", ""impact"": -14.158, ""feature_value"": 5.0, ""direction"": ""lowers_risk""}, {""feature"": ""severity_score"", ""impact"": 11.498, ""feature_value"": 90.0, ""direction"": ""raises_risk""}, {""feature"": ""time_decay_factor"", ""impact"": 4.447, ""feature_value"": 0.8, ""direction"": ""raises_risk""}, {""feature"": ""epss_numeric"", ""impact"": -4.298, ""feature_value"": 0.0, ""direction"": ""lowers_risk""}, {""feature"": ""confidence_score"", ""impact"": -1.447, ""feature_value"": 0.4, ""direction"": ""lowers_risk""}]",P3_7D,16.248099871225286,0,
SOC-IMAGEPKG-39548c69364b,finding/v7.1,k8s_best_practice,,Ajuster le manifeste Kubernetes,,,,,,Container Memory Requests Equal Limits,Makes sure that all pods have the same memory requests as limits set. | Skipped because container-memory-requests-equal-limits is ignored,CRITICAL,Deployment/apps/v1//timesheet-devops-mysql,,Ajuster le manifeste Kubernetes,Deployment/Deployment/apps/v1//timesheet-devops-mysql,https://kube-score.com/,,['kube-score'],kube-score,1,0.4,scanner_consensus_v1,['Deployment/Deployment/apps/v1//timesheet-devops-mysql'],image_pkg,deployment/deployment/apps/v1//timesheet-devops-mysql::deployment/apps/v1//timesheet-devops-mysql::container-memory-requests-equal-limits,['kube-score'],,0,Unknown,,0.0,0.0,0,,,,,unmatched,,,,,timesheet-devops-mysql,k8s_workload_target,0.7,FALSE,"[""no Ingress"", ""no LoadBalancer/NodePort externe confirme"", ""Service/timesheet-devops-mysql type=ClusterIP""]",0,0,1,8,prod,platform,default,"['internal-service', 'data']",0,0,1,0,0,[],[],99,[],True,False,0.0,timesheet-devops-mysql,0,0,[],41.0,1,deployment,,90,5.0,0.0,0.8,81.5616,0.01,,,,-1,40.506332,28.80290282398244,34.65461761072169,11.703429176017561,0,53.4,,0.133,VERY_LOW,"[{""feature"": ""cvss_numeric"", ""impact"": -14.158, ""feature_value"": 5.0, ""direction"": ""lowers_risk""}, {""feature"": ""severity_score"", ""impact"": 11.498, ""feature_value"": 90.0, ""direction"": ""raises_risk""}, {""feature"": ""time_decay_factor"", ""impact"": 4.447, ""feature_value"": 0.8, ""direction"": ""raises_risk""}, {""feature"": ""epss_numeric"", ""impact"": -4.298, ""feature_value"": 0.0, ""direction"": ""lowers_risk""}, {""feature"": ""confidence_score"", ""impact"": -1.447, ""feature_value"": 0.4, ""direction"": ""lowers_risk""}]",P3_7D,16.248099871225286,0,
SOC-IMAGEPKG-ee3062b33490,finding/v7.1,k8s_best_practice,,Ajuster le manifeste Kubernetes,,,,,,Container Image Pull Policy,Makes sure that the pullPolicy is set to Always. This makes sure that imagePullSecrets are always validated. | ImagePullPolicy is not set to Always,CRITICAL,Deployment/apps/v1//timesheet-devops-mysql,,Ajuster le manifeste Kubernetes,Deployment/Deployment/apps/v1//timesheet-devops-mysql,https://kube-score.com/,,['kube-score'],kube-score,1,0.4,scanner_consensus_v1,['Deployment/Deployment/apps/v1//timesheet-devops-mysql'],image_pkg,deployment/deployment/apps/v1//timesheet-devops-mysql::deployment/apps/v1//timesheet-devops-mysql::container-image-pull-policy,['kube-score'],,0,Unknown,,0.0,0.0,0,,,,,unmatched,,,,,timesheet-devops-mysql,k8s_workload_target,0.7,FALSE,"[""no Ingress"", ""no LoadBalancer/NodePort externe confirme"", ""Service/timesheet-devops-mysql type=ClusterIP""]",0,0,1,8,prod,platform,default,"['internal-service', 'data']",0,0,1,0,0,[],[],99,[],True,False,0.0,timesheet-devops-mysql,0,0,[],41.0,1,deployment,,90,5.0,0.0,0.8,81.5616,0.01,,,,-1,40.506332,28.80290282398244,34.65461761072169,11.703429176017561,0,53.4,,0.133,VERY_LOW,"[{""feature"": ""cvss_numeric"", ""impact"": -14.158, ""feature_value"": 5.0, ""direction"": ""lowers_risk""}, {""feature"": ""severity_score"", ""impact"": 11.498, ""feature_value"": 90.0, ""direction"": ""raises_risk""}, {""feature"": ""time_decay_factor"", ""impact"": 4.447, ""feature_value"": 0.8, ""direction"": ""raises_risk""}, {""feature"": ""epss_numeric"", ""impact"": -4.298, ""feature_value"": 0.0, ""direction"": ""lowers_risk""}, {""feature"": ""confidence_score"", ""impact"": -1.447, ""feature_value"": 0.4, ""direction"": ""lowers_risk""}]",P3_7D,16.248099871225286,0,
SOC-IMAGEPKG-91f698a8bb3d,finding/v7.1,k8s_best_practice,,Ajuster le manifeste Kubernetes,,,,,,Container Security Context ReadOnlyRootFilesystem,Makes sure that all pods have a security context with read only filesystem set | The pod has a container with a writable root filesystem,CRITICAL,Deployment/apps/v1//timesheet-devops-mysql,,Ajuster le manifeste Kubernetes,Deployment/Deployment/apps/v1//timesheet-devops-mysql,https://kube-score.com/,,['kube-score'],kube-score,1,0.4,scanner_consensus_v1,['Deployment/Deployment/apps/v1//timesheet-devops-mysql'],image_pkg,deployment/deployment/apps/v1//timesheet-devops-mysql::deployment/apps/v1//timesheet-devops-mysql::container-security-context-readonlyrootfilesystem,['kube-score'],,0,Unknown,,0.0,0.0,0,,,,,unmatched,,,,,timesheet-devops-mysql,k8s_workload_target,0.7,FALSE,"[""no Ingress"", ""no LoadBalancer/NodePort externe confirme"", ""Service/timesheet-devops-mysql type=ClusterIP""]",0,0,1,8,prod,platform,default,"['internal-service', 'data']",0,0,1,0,0,[],[],99,[],True,False,0.0,timesheet-devops-mysql,0,0,[],41.0,1,deployment,,90,5.0,0.0,0.8,81.5616,0.01,,,,-1,40.506332,28.80290282398244,34.65461761072169,11.703429176017561,0,53.4,,0.133,VERY_LOW,"[{""feature"": ""cvss_numeric"", ""impact"": -14.158, ""feature_value"": 5.0, ""direction"": ""lowers_risk""}, {""feature"": ""severity_score"", ""impact"": 11.498, ""feature_value"": 90.0, ""direction"": ""raises_risk""}, {""feature"": ""time_decay_factor"", ""impact"": 4.447, ""feature_value"": 0.8, ""direction"": ""raises_risk""}, {""feature"": ""epss_numeric"", ""impact"": -4.298, ""feature_value"": 0.0, ""direction"": ""lowers_risk""}, {""feature"": ""confidence_score"", ""impact"": -1.447, ""feature_value"": 0.4, ""direction"": ""lowers_risk""}]",P3_7D,16.248099871225286,0,
SOC-IMAGEPKG-b75fb9915a30,finding/v7.1,k8s_best_practice,,Ajuster le manifeste Kubernetes,,,,,,Container Ephemeral Storage Request and Limit,Makes sure all pods have ephemeral-storage requests and limits set | Ephemeral Storage limit is not set; Ephemeral Storage request is not set,CRITICAL,Deployment/apps/v1//timesheet-devops-mysql,,Ajuster le manifeste Kubernetes,Deployment/Deployment/apps/v1//timesheet-devops-mysql,https://kube-score.com/,,['kube-score'],kube-score,1,0.4,scanner_consensus_v1,['Deployment/Deployment/apps/v1//timesheet-devops-mysql'],image_pkg,deployment/deployment/apps/v1//timesheet-devops-mysql::deployment/apps/v1//timesheet-devops-mysql::container-ephemeral-storage-request-and-limit,['kube-score'],,0,Unknown,,0.0,0.0,0,,,,,unmatched,,,,,timesheet-devops-mysql,k8s_workload_target,0.7,FALSE,"[""no Ingress"", ""no LoadBalancer/NodePort externe confirme"", ""Service/timesheet-devops-mysql type=ClusterIP""]",0,0,1,8,prod,platform,default,"['internal-service', 'data']",0,0,1,0,0,[],[],99,[],True,False,0.0,timesheet-devops-mysql,0,0,[],41.0,1,deployment,,90,5.0,0.0,0.8,81.5616,0.01,,,,-1,40.506332,28.80290282398244,34.65461761072169,11.703429176017561,0,53.4,,0.133,VERY_LOW,"[{""feature"": ""cvss_numeric"", ""impact"": -14.158, ""feature_value"": 5.0, ""direction"": ""lowers_risk""}, {""feature"": ""severity_score"", ""impact"": 11.498, ""feature_value"": 90.0, ""direction"": ""raises_risk""}, {""feature"": ""time_decay_factor"", ""impact"": 4.447, ""feature_value"": 0.8, ""direction"": ""raises_risk""}, {""feature"": ""epss_numeric"", ""impact"": -4.298, ""feature_value"": 0.0, ""direction"": ""lowers_risk""}, {""feature"": ""confidence_score"", ""impact"": -1.447, ""feature_value"": 0.4, ""direction"": ""lowers_risk""}]",P3_7D,16.248099871225286,0,
GHSA-83qj-6fr2-vhqg,finding/v7.1,vulnerability,9.0.52,9.0.99,,,,,,Apache Tomcat: Potential RCE and/or information disclosure and/or information corruption with partia,Apache Tomcat: Potential RCE and/or information disclosure and/or information corruption with partial PUT,CRITICAL,tomcat-embed-core,9.8,9.0.99,tomcat-embed-core v9.0.52,https://github.com/advisories/GHSA-83qj-6fr2-vhqg,,['Grype'],Grype,1,0.4,scanner_consensus_v1,['tomcat-embed-core v9.0.52'],pkg_version,tomcat-embed-core@9.0.52::GHSA-83QJ-6FR2-VHQG,['Grype'],,0,Unknown,,0.0,0.0,0,tomcat-embed-core,pkg:maven/org.apache.tomcat.embed/tomcat-embed-core@9.0.113?type=jar,9.0.113,,name,farahh448/timesheet-devops,sha256:7b0272947968067c8962590fa528cd14c1110e7c62c0023979032d2e3affeae4,,,timesheet-devops,image_digest,1.0,FALSE,"[""no Ingress"", ""no LoadBalancer/NodePort externe confirme"", ""Service/timesheet-devops type=ClusterIP""]",0,0,1,7,prod,platform,default,['internal-service'],0,0,1,0,0,[],[],99,[],True,False,0.0,timesheet-devops,0,0,[],39.0,1,deployment,91.0,90,9.8,0.0,0.8,77.41439999999999,0.01,49.88122751132979,52.50028610229492,47.26216892036466,4,56.499275,47.27675522587585,51.888015216697696,9.222519774124144,0,62.1,60.9,0.722,HIGH,"[{""feature"": ""severity_score"", ""impact"": 9.982, ""feature_value"": 90.0, ""direction"": ""raises_risk""}, {""feature"": ""time_decay_factor"", ""impact"": 5.793, ""feature_value"": 0.8, ""direction"": ""raises_risk""}, {""feature"": ""epss_numeric"", ""impact"": -1.773, ""feature_value"": 0.0, ""direction"": ""lowers_risk""}, {""feature"": ""cvss_numeric"", ""impact"": -1.759, ""feature_value"": 9.8, ""direction"": ""lowers_risk""}, {""feature"": ""confidence_score"", ""impact"": -0.208, ""feature_value"": 0.4, ""direction"": ""lowers_risk""}]",P3_7D,20.17766445207138,0,
GHSA-36p3-wjmg-h94x#1b3bb3,finding/v7.1,vulnerability,5.3.9,5.3.18,,,,,,Remote Code Execution in Spring Framework,Remote Code Execution in Spring Framework,CRITICAL,spring-webmvc,9.8,5.3.18,spring-webmvc v5.3.9,https://github.com/advisories/GHSA-36p3-wjmg-h94x,,['Grype'],Grype,1,0.4,scanner_consensus_v1,['spring-webmvc v5.3.9'],pkg_version,spring-webmvc@5.3.9::GHSA-36P3-WJMG-H94X,['Grype'],,0,Unknown,,0.0,0.0,0,spring-webmvc,pkg:maven/org.springframework/spring-webmvc@5.3.39?type=jar,5.3.39,,name,farahh448/timesheet-devops,sha256:7b0272947968067c8962590fa528cd14c1110e7c62c0023979032d2e3affeae4,,,timesheet-devops,image_digest,1.0,FALSE,"[""no Ingress"", ""no LoadBalancer/NodePort externe confirme"", ""Service/timesheet-devops type=ClusterIP""]",0,0,1,7,prod,platform,default,['internal-service'],0,0,1,0,0,[],[],99,[],True,False,0.0,timesheet-devops,0,0,[],39.0,1,deployment,,90,9.8,0.0,0.8,77.41439999999999,0.01,,,,-1,56.499275,47.27675522587585,51.888015216697696,9.222519774124144,0,62.1,,0.722,HIGH,"[{""feature"": ""severity_score"", ""impact"": 9.982, ""feature_value"": 90.0, ""direction"": ""raises_risk""}, {""feature"": ""time_decay_factor"", ""impact"": 5.793, ""feature_value"": 0.8, ""direction"": ""raises_risk""}, {""feature"": ""epss_numeric"", ""impact"": -1.773, ""feature_value"": 0.0, ""direction"": ""lowers_risk""}, {""feature"": ""cvss_numeric"", ""impact"": -1.759, ""feature_value"": 9.8, ""direction"": ""lowers_risk""}, {""feature"": ""confidence_score"", ""impact"": -0.208, ""feature_value"": 0.4, ""direction"": ""lowers_risk""}]",P3_7D,20.17766445207138,0,
SOC-IMAGEPKG-3f2c2a26a9e8,finding/v7.1,k8s_best_practice,,Ajuster le manifeste Kubernetes,,,,,,Pod NetworkPolicy,Makes sure that all Pods are targeted by a NetworkPolicy | The pod does not have a matching NetworkPolicy,CRITICAL,Deployment/apps/v1//timesheet-devops-mysql,,Ajuster le manifeste Kubernetes,Deployment/Deployment/apps/v1//timesheet-devops-mysql,https://kube-score.com/,,['kube-score'],kube-score,1,0.4,scanner_consensus_v1,['Deployment/Deployment/apps/v1//timesheet-devops-mysql'],image_pkg,deployment/deployment/apps/v1//timesheet-devops-mysql::deployment/apps/v1//timesheet-devops-mysql::pod-networkpolicy,['kube-score'],,0,Unknown,,0.0,0.0,0,,,,,unmatched,,,,,timesheet-devops-mysql,k8s_workload_target,0.7,FALSE,"[""no Ingress"", ""no LoadBalancer/NodePort externe confirme"", ""Service/timesheet-devops-mysql type=ClusterIP""]",0,0,1,8,prod,platform,default,"['internal-service', 'data']",0,0,1,0,0,[],[],99,[],True,False,0.0,timesheet-devops-mysql,0,0,[],41.0,1,deployment,,90,5.0,0.0,0.8,81.5616,0.01,,,,-1,40.506332,28.80290282398244,34.65461761072169,11.703429176017561,0,53.4,,0.133,VERY_LOW,"[{""feature"": ""cvss_numeric"", ""impact"": -14.158, ""feature_value"": 5.0, ""direction"": ""lowers_risk""}, {""feature"": ""severity_score"", ""impact"": 11.498, ""feature_value"": 90.0, ""direction"": ""raises_risk""}, {""feature"": ""time_decay_factor"", ""impact"": 4.447, ""feature_value"": 0.8, ""direction"": ""raises_risk""}, {""feature"": ""epss_numeric"", ""impact"": -4.298, ""feature_value"": 0.0, ""direction"": ""lowers_risk""}, {""feature"": ""confidence_score"", ""impact"": -1.447, ""feature_value"": 0.4, ""direction"": ""lowers_risk""}]",P3_7D,16.248099871225286,0,
GHSA-36p3-wjmg-h94x#851dc3,finding/v7.1,vulnerability,2.5.4,2.5.12,,,,,,Remote Code Execution in Spring Framework,Remote Code Execution in Spring Framework,CRITICAL,spring-boot-starter-web,9.8,2.5.12,spring-boot-starter-web v2.5.4,https://github.com/advisories/GHSA-36p3-wjmg-h94x,,['Grype'],Grype,1,0.4,scanner_consensus_v1,['spring-boot-starter-web v2.5.4'],pkg_version,spring-boot-starter-web@2.5.4::GHSA-36P3-WJMG-H94X,['Grype'],,0,Unknown,,0.0,0.0,0,spring-boot-starter-web,pkg:maven/org.springframework.boot/spring-boot-starter-web@2.5.4?type=jar,2.5.4,,name_version,farahh448/timesheet-devops,sha256:7b0272947968067c8962590fa528cd14c1110e7c62c0023979032d2e3affeae4,,,timesheet-devops,image_digest,1.0,FALSE,"[""no Ingress"", ""no LoadBalancer/NodePort externe confirme"", ""Service/timesheet-devops type=ClusterIP""]",0,0,1,7,prod,platform,default,['internal-service'],0,0,1,0,0,[],[],99,[],True,False,0.0,timesheet-devops,0,0,[],39.0,1,deployment,,90,9.8,0.0,0.8,77.41439999999999,0.01,,,,-1,56.499275,47.27675522587585,51.888015216697696,9.222519774124144,0,62.1,,0.722,HIGH,"[{""feature"": ""severity_score"", ""impact"": 9.982, ""feature_value"": 90.0, ""direction"": ""raises_risk""}, {""feature"": ""time_decay_factor"", ""impact"": 5.793, ""feature_value"": 0.8, ""direction"": ""raises_risk""}, {""feature"": ""epss_numeric"", ""impact"": -1.773, ""feature_value"": 0.0, ""direction"": ""lowers_risk""}, {""feature"": ""cvss_numeric"", ""impact"": -1.759, ""feature_value"": 9.8, ""direction"": ""lowers_risk""}, {""feature"": ""confidence_score"", ""impact"": -0.208, ""feature_value"": 0.4, ""direction"": ""lowers_risk""}]",P3_7D,20.17766445207138,0,
CVE-2022-22968,finding/v7.1,vulnerability,5.3.9,"5.3.19, 5.2.21.RELEASE",CVE-2022-22968,,,,,Framework: Data Binding Rules Vulnerability,"In Spring Framework versions 5.3.0 - 5.3.18, 5.2.0 - 5.2.20, and older unsupported versions, the patterns for disallowedFields on a DataBinder are case sensitive which means a field is not effectively protected unless it is listed with both upper and lower case for the first character of the field, including upper and lower case for the first character of all nested fields within the property path.",HIGH,org.springframework:spring-context,5.3,"5.3.19, 5.2.21.RELEASE",Java,"https://access.redhat.com/security/cve/CVE-2022-22968, https://github.com/spring-projects/spring-framework",2022-04-14T21:15:08.643Z,['Trivy'],Trivy,1,0.4,scanner_consensus_v1,"['Java', 'pom.xml']",cve,CVE-2022-22968,['Trivy'],,0,Unknown,,0.05666,0.92541,0,spring-context,pkg:maven/org.springframework/spring-context@5.3.39?type=jar,5.3.39,,name_suffix,farahh448/timesheet-devops,sha256:7b0272947968067c8962590fa528cd14c1110e7c62c0023979032d2e3affeae4,,,timesheet-devops,image_digest,1.0,FALSE,"[""no Ingress"", ""no LoadBalancer/NodePort externe confirme"", ""Service/timesheet-devops type=ClusterIP""]",0,0,1,7,prod,platform,default,['internal-service'],0,0,1,0,0,[],[],99,[],True,False,0.0,timesheet-devops,0,0,[],33.9,1,deployment,23.0,70,5.3,0.05666,0.25,18.816,0.01,31.673078121204803,24.09164428710937,39.25451195530023,3,22.999691,26.424908576195826,24.71229979285865,3.425217576195827,0,22.4,26.5,0.0,VERY_LOW,"[{""feature"": ""time_decay_factor"", ""impact"": -30.882, ""feature_value"": 0.25, ""direction"": ""lowers_risk""}, {""feature"": ""cvss_numeric"", ""impact"": 8.587, ""feature_value"": 5.3, ""direction"": ""raises_risk""}, {""feature"": ""severity_score"", ""impact"": 3.095, ""feature_value"": 70.0, ""direction"": ""raises_risk""}, {""feature"": ""epss_numeric"", ""impact"": -1.767, ""feature_value"": 0.0567, ""direction"": ""lowers_risk""}, {""feature"": ""confidence_score"", ""impact"": -0.498, ""feature_value"": 0.4, ""direction"": ""lowers_risk""}]",P5_BACKLOG,9.126298725955508,0,
CVE-2022-22970,finding/v7.1,vulnerability,5.3.9,"5.2.22.RELEASE, 5.3.20",CVE-2022-22970,,,,,springframework: DoS via data binding to multipartFile or servlet part,"In spring framework versions prior to 5.3.20+ , 5.2.22+ and old unsupported versions, applications that handle file uploads are vulnerable to DoS attack if they rely on data binding to set a MultipartFile or javax.servlet.Part to a field in a model object.",HIGH,org.springframework:spring-beans,5.3,"5.2.22.RELEASE, 5.3.20",Java,"https://access.redhat.com/security/cve/CVE-2022-22970, https://github.com/spring-projects/spring-framework",2022-05-12T20:15:15.037Z,['Trivy'],Trivy,1,0.4,scanner_consensus_v1,"['Java', 'pom.xml']",cve,CVE-2022-22970,['Trivy'],,0,Unknown,,0.01962,0.79198,0,spring-beans,pkg:maven/org.springframework/spring-beans@5.3.39?type=jar,5.3.39,,name_suffix,farahh448/timesheet-devops,sha256:7b0272947968067c8962590fa528cd14c1110e7c62c0023979032d2e3affeae4,,,timesheet-devops,image_digest,1.0,FALSE,"[""no Ingress"", ""no LoadBalancer/NodePort externe confirme"", ""Service/timesheet-devops type=ClusterIP""]",0,0,1,7,prod,platform,default,['internal-service'],0,0,1,0,0,[],[],99,[],True,False,0.0,timesheet-devops,0,0,[],33.1,1,deployment,23.0,70,5.3,0.01962,0.25,18.816,0.01,25.68532341839649,22.993072509765625,28.37757432702736,1,23.001453,29.92862764550824,26.46504052258322,6.927174645508238,0,23.4,22.9,0.0,VERY_LOW,"[{""feature"": ""time_decay_factor"", ""impact"": -28.284, ""feature_value"": 0.25, ""direction"": ""lowers_risk""}, {""feature"": ""cvss_numeric"", ""impact"": 3.376, ""feature_value"": 5.3, ""direction"": ""raises_risk""}, {""feature"": ""severity_score"", ""impact"": 3.109, ""feature_value"": 70.0, ""direction"": ""raises_risk""}, {""feature"": ""epss_numeric"", ""impact"": 0.975, ""feature_value"": 0.0196, ""direction"": ""raises_risk""}, {""feature"": ""confidence_score"", ""impact"": -0.64, ""feature_value"": 0.4, ""direction"": ""lowers_risk""}]",P5_BACKLOG,11.403099479529084,0,
CVE-2021-46877,finding/v7.1,vulnerability,2.12.4,"2.12.6, 2.13.1",CVE-2021-46877,,,,,jackson-databind: Possible DoS if using JDK serialization to serialize JsonNode,jackson-databind 2.10.x through 2.12.x before 2.12.6 and 2.13.x before 2.13.1 allows attackers to cause a denial of service (2 GB transient heap usage per read) in uncommon situations involving JsonNode JDK serialization.,HIGH,com.fasterxml.jackson.core:jackson-databind,7.5,"2.12.6, 2.13.1",Java,"https://access.redhat.com/security/cve/CVE-2021-46877, https://github.com/FasterXML/jackson-databind",2023-03-18T22:15:11.357Z,['Trivy'],Trivy,1,0.4,scanner_consensus_v1,"['Java', 'pom.xml']",cve,CVE-2021-46877,['Trivy'],,0,Unknown,,0.01124,0.64402,0,jackson-databind,pkg:maven/com.fasterxml.jackson.core/jackson-databind@2.18.8?type=jar,2.18.8,,name_suffix,farahh448/timesheet-devops,sha256:7b0272947968067c8962590fa528cd14c1110e7c62c0023979032d2e3affeae4,,,timesheet-devops,image_digest,1.0,FALSE,"[""no Ingress"", ""no LoadBalancer/NodePort externe confirme"", ""Service/timesheet-devops type=ClusterIP""]",0,0,1,7,prod,platform,default,['internal-service'],0,0,1,0,0,[],[],99,[],True,False,0.0,timesheet-devops,0,0,[],33.0,1,deployment,0.0,70,7.5,0.01124,0.25,18.816,0.01,33.315771597475646,25.878456115722656,40.75308707922864,2,0.0021635408,25.01703708326784,12.509600312036296,25.01487354246784,0,15.0,27.5,0.0,VERY_LOW,"[{""feature"": ""time_decay_factor"", ""impact"": -37.274, ""feature_value"": 0.25, ""direction"": ""lowers_risk""}, {""feature"": ""epss_numeric"", ""impact"": -5.332, ""feature_value"": 0.0112, ""direction"": ""lowers_risk""}, {""feature"": ""cvss_numeric"", ""impact"": -4.298, ""feature_value"": 7.5, ""direction"": ""lowers_risk""}, {""feature"": ""severity_score"", ""impact"": 3.054, ""feature_value"": 70.0, ""direction"": ""raises_risk""}, {""feature"": ""confidence_score"", ""impact"": -0.613, ""feature_value"": 0.4, ""direction"": ""lowers_risk""}]",P5_BACKLOG,16.260316864844807,0,
SOC-URLVULN-ff825b7d7c54,finding/v7.1,vulnerability,,"<p>Ensure that your web server, application server, load balancer, etc. is configured to set the Content-Security-Policy header.</p>",,,,,,Content Security Policy (CSP) Header Not Set,"<p>Content Security Policy (CSP) is an added layer of security that helps to detect and mitigate certain types of attacks, including Cross Site Scripting (XSS) and data injection attacks. These attacks are used for everything from data theft to site defacement or distribution of malware. CSP provides a set of standard HTTP headers that allow website owners to declare approved sources of content that browsers should be allowed to load on that page — covered types are JavaScript, CSS, HTML frames, fonts, images and embeddable objects such as Java applets, ActiveX, audio and video files.</p>",HIGH,http://app-test:8082,,"<p>Ensure that your web server, application server, load balancer, etc. is configured to set the Content-Security-Policy header.</p>",http://app-test:8082/,<p>https://developer.mozilla.org/en-US/docs/Web/HTTP/Guides/CSP</p><p>https://cheatsheetseries.owasp.org/cheatsheets/Content_Security_Policy_Cheat_Sheet.html</p><p>https://www.w3.org/TR/CSP/</p><p>htt,,['OWASP ZAP'],OWASP ZAP,1,0.4,scanner_consensus_v1,['http://app-test:8082/'],url_vuln,http://app-test:8082/::10038,['OWASP ZAP'],,0,Unknown,,0.0,0.0,0,,,,,unmatched,,,,,app-test,k8s_workload_target,0.85,TRUE,"[""scanner_target_is_public_url""]",1,0,0,5,unknown,unknown,,[],0,0,0,1,0,[],[],99,[],True,False,1.0,app-test,0,0,[],28.8,1,discovered_host,,70,5.0,0.0,0.8,65.28,0.01,,,,-1,37.868465,28.80290282398244,33.33568412378321,9.065562176017561,5,51.1,,0.133,VERY_LOW,"[{""feature"": ""cvss_numeric"", ""impact"": -12.457, ""feature_value"": 5.0, ""direction"": ""lowers_risk""}, {""feature"": ""severity_score"", ""impact"": 8.191, ""feature_value"": 70.0, ""direction"": ""raises_risk""}, {""feature"": ""epss_numeric"", ""impact"": -4.712, ""feature_value"": 0.0, ""direction"": ""lowers_risk""}, {""feature"": ""time_decay_factor"", ""impact"": 4.086, ""feature_value"": 0.8, ""direction"": ""raises_risk""}, {""feature"": ""confidence_score"", ""impact"": -1.705, ""feature_value"": 0.4, ""direction"": ""lowers_risk""}]",P3_7D,14.533486325143743,0,
CVE-2020-36518,finding/v7.1,vulnerability,2.12.4,2.12.6.1,CVE-2020-36518,,,,,Denial of Service (DoS),"## Overview
[com.fasterxml.jackson.core:jackson-databind](https://github.com/FasterXML/jackson-databind) is a library which contains the general-purpose data-binding functionality and tree-model for Jackson Data Processor.

Affected versions of this package are vulnerable to Denial of Service (DoS) via a large depth of nested objects.

## Details

Denial of Service (DoS) describes a family of attacks, all aimed at making a system inaccessible to its intended and legitimate users.

Unlike other vulnerabilities, DoS attacks usually do not aim at breaching security. Rather, they are focused on making websites and services unavailable to genuine users resulting in downtime.

One popular Denial of Service vulnerability is DDoS (a Distributed Denial of Service), an attack that attempts to clog network pipes to the system by generating a large volume of traffic from many machines.

When it comes to open source libraries, DoS vulnerabilities allow attackers to trigger such a crash or crippling of the service by using a flaw either in the application code or from the use of open source libraries.

Two common types of DoS vulnerabilities:

* High CPU/Memory Consumption- An attacker sending crafted requests that could cause the system to take a disproportionate amount of time to process. For example, [commons-fileupload:commons-fileupload](https://security.snyk.io/vuln/SNYK-JAVA-COMMONSFILEUPLOAD-30082).

* Crash - An attacker sending crafted requests that could cause the system to crash. For Example,  [npm `ws` package](https://snyk.io/vuln/npm:ws:20171108)

## Remediation
Upgrade `com.fasterxml.jackson.core:jackson-databind` to version 2.12.6.1, 2.13.2.1 or higher.
## References
- [GitHub Commit](https://github.com/FasterXML/jackson-databind/commit/8238ab41d0350fb915797c89d46777b4496b74fd)
- [GitHub Commit](https://github.com/FasterXML/jackson-databind/commit/fcfc4998ec23f0b1f7f8a9521c2b317b6c25892b)
- [GitHub Issue](https://github.com/FasterXML/jackson-databind/issues/2816)
- [GitHub PR](https://github.com/FasterXML/jackson-databind/pull/3416)
",HIGH,com.fasterxml.jackson.core:jackson-databind,7.5,2.12.6.1,tn.esprit.spring.services:timesheet-devops@1.0,,,['Snyk'],Snyk,1,0.6,scanner_consensus_v1,"['tn.esprit.spring.services:timesheet-devops@1.0', 'Java', 'pom.xml']",cve,CVE-2020-36518,['Snyk'],,0,Unknown,,0.0486,0.9153,0,jackson-databind,pkg:maven/com.fasterxml.jackson.core/jackson-databind@2.18.8?type=jar,2.18.8,,name_suffix,farahh448/timesheet-devops,sha256:7b0272947968067c8962590fa528cd14c1110e7c62c0023979032d2e3affeae4,,,timesheet-devops,image_digest,1.0,FALSE,"[""no Ingress"", ""no LoadBalancer/NodePort externe confirme"", ""Service/timesheet-devops type=ClusterIP""]",0,0,1,7,prod,platform,default,['internal-service'],0,0,1,0,0,[],[],99,[],True,False,0.0,timesheet-devops,0,0,[],33.7,1,deployment,55.0,70,7.5,0.0486,0.8,65.2288,0.01,47.85818034388761,58.58528518676758,37.13107550100764,0,54.99956,52.161839733877656,53.580700521846055,2.8377202661223464,0,58.2,54.8,0.722,HIGH,"[{""feature"": ""time_decay_factor"", ""impact"": 7.919, ""feature_value"": 0.8, ""direction"": ""raises_risk""}, {""feature"": ""severity_score"", ""impact"": 6.352, ""feature_value"": 70.0, ""direction"": ""raises_risk""}, {""feature"": ""epss_numeric"", ""impact"": -3.883, ""feature_value"": 0.0486, ""direction"": ""lowers_risk""}, {""feature"": ""confidence_score"", ""impact"": 1.478, ""feature_value"": 0.6, ""direction"": ""raises_risk""}, {""feature"": ""cvss_numeric"", ""impact"": -1.332, ""feature_value"": 7.5, ""direction"": ""lowers_risk""}]",P3_7D,17.493070289614987,0,
CVE-2022-1471,finding/v7.1,vulnerability,1.28,2.0,CVE-2022-1471,,,,,SnakeYaml: Constructor Deserialization Remote Code Execution,SnakeYaml's Constructor() class does not restrict types which can be instantiated during deserialization. Deserializing yaml content provided by an attacker can lead to remote code execution. We recommend using SnakeYaml's SafeConsturctor when parsing untrusted content to restrict deserialization. We recommend upgrading to version 2.0 and beyond.,HIGH,org.yaml:snakeyaml,9.8,2.0,Java,"http://packetstormsecurity.com/files/175095/PyTorch-Model-Server-Registration-Deserialization-Remote-Code-Execution.html, http://www.openwall.com/lists/oss-security/2023/11/19/1",2022-12-01T11:15:10.553Z,['Trivy'],Trivy,1,0.4,scanner_consensus_v1,"['Java', 'pom.xml']",cve,CVE-2022-1471,['Trivy'],,0,Unknown,,0.99569,0.99945,1,snakeyaml,pkg:maven/org.yaml/snakeyaml@1.28?type=jar,1.28,,name_suffix,farahh448/timesheet-devops,sha256:7b0272947968067c8962590fa528cd14c1110e7c62c0023979032d2e3affeae4,,,timesheet-devops,image_digest,1.0,FALSE,"[""no Ingress"", ""no LoadBalancer/NodePort externe confirme"", ""Service/timesheet-devops type=ClusterIP""]",0,0,1,7,prod,platform,default,['internal-service'],0,0,1,0,0,[],[],99,[],True,False,0.0,timesheet-devops,0,0,[],52.7,1,deployment,0.0,70,9.8,0.99569,0.25,25.536,0.01,30.32266269311152,0.0,60.64532538622303,2,-4.916369e-05,41.252139097349,20.62604496682988,41.252188261039,0,22.6,28.4,0.0,VERY_LOW,"[{""feature"": ""time_decay_factor"", ""impact"": -34.114, ""feature_value"": 0.25, ""direction"": ""lowers_risk""}, {""feature"": ""cvss_numeric"", ""impact"": -6.563, ""feature_value"": 9.8, ""direction"": ""lowers_risk""}, {""feature"": ""epss_numeric"", ""impact"": -6.335, ""feature_value"": 0.9957, ""direction"": ""lowers_risk""}, {""feature"": ""severity_score"", ""impact"": 2.674, ""feature_value"": 70.0, ""direction"": ""raises_risk""}, {""feature"": ""confidence_score"", ""impact"": -0.126, ""feature_value"": 0.4, ""direction"": ""lowers_risk""}]",P5_BACKLOG,26.813907620568465,0,
CVE-2022-38749,finding/v7.1,vulnerability,1.28,1.31,CVE-2022-38749,,,,,Denial of Service (DoS),"## Overview
[org.yaml:snakeyaml](https://code.google.com/p/snakeyaml/source/browse/) is a YAML 1.1 parser and emitter for Java.

Affected versions of this package are vulnerable to Denial of Service (DoS) due to missing nested depth limitation for collections.


 **NOTE:** This vulnerability has also been identified as: [CVE-2022-25857](https://security.snyk.io/vuln/SNYK-JAVA-ORGYAML-2806360)


## Details

Denial of Service (DoS) describes a family of attacks, all aimed at making a system inaccessible to its intended and legitimate users.

Unlike other vulnerabilities, DoS attacks usually do not aim at breaching security. Rather, they are focused on making websites and services unavailable to genuine users resulting in downtime.

One popular Denial of Service vulnerability is DDoS (a Distributed Denial of Service), an attack that attempts to clog network pipes to the system by generating a large volume of traffic from many machines.

When it comes to open source libraries, DoS vulnerabilities allow attackers to trigger such a crash or crippling of the service by using a flaw either in the application code or from the use of open source libraries.

Two common types of DoS vulnerabilities:

* High CPU/Memory Consumption- An attacker sending crafted requests that could cause the system to take a disproportionate amount of time to process. For example, [commons-fileupload:commons-fileupload](https://security.snyk.io/vuln/SNYK-JAVA-COMMONSFILEUPLOAD-30082).

* Crash - An attacker sending crafted requests that could cause the system to crash. For Example,  [npm `ws` package](https://snyk.io/vuln/npm:ws:20171108)

## Remediation
Upgrade `org.yaml:snakeyaml` to version 1.31 or higher.
## References
- [Bitbucket Commit](https://bitbucket.org/snakeyaml/snakeyaml/commits/fc300780da21f4bb92c148bc90257201220cf174)
- [BitBucket Issues](https://bitbucket.org/snakeyaml/snakeyaml/issues/525)
- [GitHub Commit](https://github.com/snakeyaml/snakeyaml/commit/fc300780da21f4bb92c148bc90257201220cf174)
",HIGH,org.yaml:snakeyaml,7.5,1.31,tn.esprit.spring.services:timesheet-devops@1.0,,,['Snyk'],Snyk,1,0.4,scanner_consensus_v1,['tn.esprit.spring.services:timesheet-devops@1.0'],cve,CVE-2022-38749,['Snyk'],,0,Unknown,,0.02061,0.80255,0,snakeyaml,pkg:maven/org.yaml/snakeyaml@1.28?type=jar,1.28,,name_suffix,farahh448/timesheet-devops,sha256:7b0272947968067c8962590fa528cd14c1110e7c62c0023979032d2e3affeae4,,,timesheet-devops,image_digest,1.0,FALSE,"[""no Ingress"", ""no LoadBalancer/NodePort externe confirme"", ""Service/timesheet-devops type=ClusterIP""]",0,0,1,7,prod,platform,default,['internal-service'],0,0,1,0,0,[],[],99,[],True,False,0.0,timesheet-devops,0,0,[],33.2,1,deployment,54.0,70,7.5,0.02061,0.8,60.211200000000005,0.01,41.02539633768055,59.20400619506836,22.84678648029273,4,53.99725,36.459847977926856,45.22854879059917,17.537402022073145,0,51.2,48.7,0.722,HIGH,"[{""feature"": ""time_decay_factor"", ""impact"": 7.679, ""feature_value"": 0.8, ""direction"": ""raises_risk""}, {""feature"": ""severity_score"", ""impact"": 6.19, ""feature_value"": 70.0, ""direction"": ""raises_risk""}, {""feature"": ""cvss_numeric"", ""impact"": -2.124, ""feature_value"": 7.5, ""direction"": ""lowers_risk""}, {""feature"": ""confidence_score"", ""impact"": -1.68, ""feature_value"": 0.4, ""direction"": ""lowers_risk""}, {""feature"": ""epss_numeric"", ""impact"": -0.532, ""feature_value"": 0.0206, ""direction"": ""lowers_risk""}]",P3_7D,22.337265648216324,0,
GHSA-wmwf-9ccg-fff5,finding/v7.1,vulnerability,9.0.52,9.0.109,,,,,,Apache Tomcat Vulnerable to Relative Path Traversal,Apache Tomcat Vulnerable to Relative Path Traversal,HIGH,tomcat-embed-core,7.5,9.0.109,tomcat-embed-core v9.0.52,https://github.com/advisories/GHSA-wmwf-9ccg-fff5,,['Grype'],Grype,1,0.4,scanner_consensus_v1,['tomcat-embed-core v9.0.52'],pkg_version,tomcat-embed-core@9.0.52::GHSA-WMWF-9CCG-FFF5,['Grype'],,0,Unknown,,0.0,0.0,0,tomcat-embed-core,pkg:maven/org.apache.tomcat.embed/tomcat-embed-core@9.0.113?type=jar,9.0.113,,name,farahh448/timesheet-devops,sha256:7b0272947968067c8962590fa528cd14c1110e7c62c0023979032d2e3affeae4,,,timesheet-devops,image_digest,1.0,FALSE,"[""no Ingress"", ""no LoadBalancer/NodePort externe confirme"", ""Service/timesheet-devops type=ClusterIP""]",0,0,1,7,prod,platform,default,['internal-service'],0,0,1,0,0,[],[],99,[],True,False,0.0,timesheet-devops,0,0,[],32.8,1,deployment,,70,7.5,0.0,0.8,60.211200000000005,0.01,,,,-1,47.559147,35.334123156401105,41.44663501875231,12.225023843598898,0,49.0,,0.5,MEDIUM,"[{""feature"": ""severity_score"", ""impact"": 4.989, ""feature_value"": 70.0, ""direction"": ""raises_risk""}, {""feature"": ""time_decay_factor"", ""impact"": 4.985, ""feature_value"": 0.8, ""direction"": ""raises_risk""}, {""feature"": ""epss_numeric"", ""impact"": -3.743, ""feature_value"": 0.0, ""direction"": ""lowers_risk""}, {""feature"": ""cvss_numeric"", ""impact"": -1.608, ""feature_value"": 7.5, ""direction"": ""lowers_risk""}, {""feature"": ""confidence_score"", ""impact"": -1.528, ""feature_value"": 0.4, ""direction"": ""lowers_risk""}]",P4_30D,18.54650242742514,0,
GHSA-jmp9-x22r-554x,finding/v7.1,vulnerability,5.3.9,No fix,,,,,,Spring Framework annotation detection mechanism may result in improper authorization,Spring Framework annotation detection mechanism may result in improper authorization,HIGH,spring-core,7.5,No fix,spring-core v5.3.9,https://github.com/advisories/GHSA-jmp9-x22r-554x,,['Grype'],Grype,1,0.4,scanner_consensus_v1,['spring-core v5.3.9'],pkg_version,spring-core@5.3.9::GHSA-JMP9-X22R-554X,['Grype'],,0,Unknown,,0.0,0.0,0,spring-core,pkg:maven/org.springframework/spring-core@5.3.39?type=jar,5.3.39,,name,farahh448/timesheet-devops,sha256:7b0272947968067c8962590fa528cd14c1110e7c62c0023979032d2e3affeae4,,,timesheet-devops,image_digest,1.0,FALSE,"[""no Ingress"", ""no LoadBalancer/NodePort externe confirme"", ""Service/timesheet-devops type=ClusterIP""]",0,0,1,7,prod,platform,default,['internal-service'],0,0,1,0,0,[],[],99,[],True,False,0.0,timesheet-devops,0,0,[],32.8,1,deployment,,70,7.5,0.0,0.8,60.211200000000005,0.01,,,,-1,47.559147,35.334123156401105,41.44663501875231,12.225023843598898,0,49.0,,0.5,MEDIUM,"[{""feature"": ""severity_score"", ""impact"": 4.989, ""feature_value"": 70.0, ""direction"": ""raises_risk""}, {""feature"": ""time_decay_factor"", ""impact"": 4.985, ""feature_value"": 0.8, ""direction"": ""raises_risk""}, {""feature"": ""epss_numeric"", ""impact"": -3.743, ""feature_value"": 0.0, ""direction"": ""lowers_risk""}, {""feature"": ""cvss_numeric"", ""impact"": -1.608, ""feature_value"": 7.5, ""direction"": ""lowers_risk""}, {""feature"": ""confidence_score"", ""impact"": -1.528, ""feature_value"": 0.4, ""direction"": ""lowers_risk""}]",P4_30D,18.54650242742514,0,
GHSA-x4m4-345f-5h5g,finding/v7.1,vulnerability,9.0.52,9.0.117,,,,,,Apache Tomcat vulnerable to Insertion of Sensitive Information into Log File,Apache Tomcat vulnerable to Insertion of Sensitive Information into Log File,HIGH,tomcat-embed-core,7.5,9.0.117,tomcat-embed-core v9.0.52,https://github.com/advisories/GHSA-x4m4-345f-5h5g,,['Grype'],Grype,1,0.4,scanner_consensus_v1,['tomcat-embed-core v9.0.52'],pkg_version,tomcat-embed-core@9.0.52::GHSA-X4M4-345F-5H5G,['Grype'],,0,Unknown,,0.0,0.0,0,tomcat-embed-core,pkg:maven/org.apache.tomcat.embed/tomcat-embed-core@9.0.113?type=jar,9.0.113,,name,farahh448/timesheet-devops,sha256:7b0272947968067c8962590fa528cd14c1110e7c62c0023979032d2e3affeae4,,,timesheet-devops,image_digest,1.0,FALSE,"[""no Ingress"", ""no LoadBalancer/NodePort externe confirme"", ""Service/timesheet-devops type=ClusterIP""]",0,0,1,7,prod,platform,default,['internal-service'],0,0,1,0,0,[],[],99,[],True,False,0.0,timesheet-devops,0,0,[],32.8,1,deployment,,70,7.5,0.0,0.8,60.211200000000005,0.01,,,,-1,47.559147,35.334123156401105,41.44663501875231,12.225023843598898,0,49.0,,0.5,MEDIUM,"[{""feature"": ""severity_score"", ""impact"": 4.989, ""feature_value"": 70.0, ""direction"": ""raises_risk""}, {""feature"": ""time_decay_factor"", ""impact"": 4.985, ""feature_value"": 0.8, ""direction"": ""raises_risk""}, {""feature"": ""epss_numeric"", ""impact"": -3.743, ""feature_value"": 0.0, ""direction"": ""lowers_risk""}, {""feature"": ""cvss_numeric"", ""impact"": -1.608, ""feature_value"": 7.5, ""direction"": ""lowers_risk""}, {""feature"": ""confidence_score"", ""impact"": -1.528, ""feature_value"": 0.4, ""direction"": ""lowers_risk""}]",P4_30D,18.54650242742514,0,
GHSA-rv64-5gf8-9qq8,finding/v7.1,vulnerability,9.0.52,9.0.116,,,,,,Apache Tomcat has an Improper Encoding or Escaping of Output vulnerability in the JsonAccessLogValve,Apache Tomcat has an Improper Encoding or Escaping of Output vulnerability in the JsonAccessLogValve,HIGH,tomcat-embed-core,7.5,9.0.116,tomcat-embed-core v9.0.52,https://github.com/advisories/GHSA-rv64-5gf8-9qq8,,['Grype'],Grype,1,0.4,scanner_consensus_v1,['tomcat-embed-core v9.0.52'],pkg_version,tomcat-embed-core@9.0.52::GHSA-RV64-5GF8-9QQ8,['Grype'],,0,Unknown,,0.0,0.0,0,tomcat-embed-core,pkg:maven/org.apache.tomcat.embed/tomcat-embed-core@9.0.113?type=jar,9.0.113,,name,farahh448/timesheet-devops,sha256:7b0272947968067c8962590fa528cd14c1110e7c62c0023979032d2e3affeae4,,,timesheet-devops,image_digest,1.0,FALSE,"[""no Ingress"", ""no LoadBalancer/NodePort externe confirme"", ""Service/timesheet-devops type=ClusterIP""]",0,0,1,7,prod,platform,default,['internal-service'],0,0,1,0,0,[],[],99,[],True,False,0.0,timesheet-devops,0,0,[],32.8,1,deployment,,70,7.5,0.0,0.8,60.211200000000005,0.01,,,,-1,47.559147,35.334123156401105,41.44663501875231,12.225023843598898,0,49.0,,0.5,MEDIUM,"[{""feature"": ""severity_score"", ""impact"": 4.989, ""feature_value"": 70.0, ""direction"": ""raises_risk""}, {""feature"": ""time_decay_factor"", ""impact"": 4.985, ""feature_value"": 0.8, ""direction"": ""raises_risk""}, {""feature"": ""epss_numeric"", ""impact"": -3.743, ""feature_value"": 0.0, ""direction"": ""lowers_risk""}, {""feature"": ""cvss_numeric"", ""impact"": -1.608, ""feature_value"": 7.5, ""direction"": ""lowers_risk""}, {""feature"": ""confidence_score"", ""impact"": -1.528, ""feature_value"": 0.4, ""direction"": ""lowers_risk""}]",P4_30D,18.54650242742514,0,
GHSA-rgv9-q543-rqg4,finding/v7.1,vulnerability,2.12.4,2.12.7.1,,,,,,Uncontrolled Resource Consumption in FasterXML jackson-databind,Uncontrolled Resource Consumption in FasterXML jackson-databind,HIGH,jackson-databind,7.5,2.12.7.1,jackson-databind v2.12.4,https://github.com/advisories/GHSA-rgv9-q543-rqg4,,['Grype'],Grype,1,0.4,scanner_consensus_v1,['jackson-databind v2.12.4'],pkg_version,jackson-databind@2.12.4::GHSA-RGV9-Q543-RQG4,['Grype'],,0,Unknown,,0.0,0.0,0,jackson-databind,pkg:maven/com.fasterxml.jackson.core/jackson-databind@2.18.8?type=jar,2.18.8,,name,farahh448/timesheet-devops,sha256:7b0272947968067c8962590fa528cd14c1110e7c62c0023979032d2e3affeae4,,,timesheet-devops,image_digest,1.0,FALSE,"[""no Ingress"", ""no LoadBalancer/NodePort externe confirme"", ""Service/timesheet-devops type=ClusterIP""]",0,0,1,7,prod,platform,default,['internal-service'],0,0,1,0,0,[],[],99,[],True,False,0.0,timesheet-devops,0,0,[],32.8,1,deployment,,70,7.5,0.0,0.8,60.211200000000005,0.01,,,,-1,47.559147,35.334123156401105,41.44663501875231,12.225023843598898,0,49.0,,0.5,MEDIUM,"[{""feature"": ""severity_score"", ""impact"": 4.989, ""feature_value"": 70.0, ""direction"": ""raises_risk""}, {""feature"": ""time_decay_factor"", ""impact"": 4.985, ""feature_value"": 0.8, ""direction"": ""raises_risk""}, {""feature"": ""epss_numeric"", ""impact"": -3.743, ""feature_value"": 0.0, ""direction"": ""lowers_risk""}, {""feature"": ""cvss_numeric"", ""impact"": -1.608, ""feature_value"": 7.5, ""direction"": ""lowers_risk""}, {""feature"": ""confidence_score"", ""impact"": -1.528, ""feature_value"": 0.4, ""direction"": ""lowers_risk""}]",P4_30D,18.54650242742514,0,
GHSA-3x8x-79m2-3w2w,finding/v7.1,vulnerability,2.12.4,2.12.6,,,,,,jackson-databind possible Denial of Service if using JDK serialization to serialize JsonNode,jackson-databind possible Denial of Service if using JDK serialization to serialize JsonNode,HIGH,jackson-databind,7.5,2.12.6,jackson-databind v2.12.4,https://github.com/advisories/GHSA-3x8x-79m2-3w2w,,['Grype'],Grype,1,0.4,scanner_consensus_v1,['jackson-databind v2.12.4'],pkg_version,jackson-databind@2.12.4::GHSA-3X8X-79M2-3W2W,['Grype'],,0,Unknown,,0.0,0.0,0,jackson-databind,pkg:maven/com.fasterxml.jackson.core/jackson-databind@2.18.8?type=jar,2.18.8,,name,farahh448/timesheet-devops,sha256:7b0272947968067c8962590fa528cd14c1110e7c62c0023979032d2e3affeae4,,,timesheet-devops,image_digest,1.0,FALSE,"[""no Ingress"", ""no LoadBalancer/NodePort externe confirme"", ""Service/timesheet-devops type=ClusterIP""]",0,0,1,7,prod,platform,default,['internal-service'],0,0,1,0,0,[],[],99,[],True,False,0.0,timesheet-devops,0,0,[],32.8,1,deployment,,70,7.5,0.0,0.8,60.211200000000005,0.01,,,,-1,47.559147,35.334123156401105,41.44663501875231,12.225023843598898,0,49.0,,0.5,MEDIUM,"[{""feature"": ""severity_score"", ""impact"": 4.989, ""feature_value"": 70.0, ""direction"": ""raises_risk""}, {""feature"": ""time_decay_factor"", ""impact"": 4.985, ""feature_value"": 0.8, ""direction"": ""raises_risk""}, {""feature"": ""epss_numeric"", ""impact"": -3.743, ""feature_value"": 0.0, ""direction"": ""lowers_risk""}, {""feature"": ""cvss_numeric"", ""impact"": -1.608, ""feature_value"": 7.5, ""direction"": ""lowers_risk""}, {""feature"": ""confidence_score"", ""impact"": -1.528, ""feature_value"": 0.4, ""direction"": ""lowers_risk""}]",P4_30D,18.54650242742514,0,
GHSA-h46c-h94j-95f3,finding/v7.1,vulnerability,2.12.4,2.15.0,,,,,,jackson-core can throw a StackoverflowError when processing deeply nested data,jackson-core can throw a StackoverflowError when processing deeply nested data,HIGH,jackson-core,8.7,2.15.0,jackson-core v2.12.4,https://github.com/advisories/GHSA-h46c-h94j-95f3,,['Grype'],Grype,1,0.4,scanner_consensus_v1,['jackson-core v2.12.4'],pkg_version,jackson-core@2.12.4::GHSA-H46C-H94J-95F3,['Grype'],,0,Unknown,,0.0,0.0,0,jackson-core,pkg:maven/com.fasterxml.jackson.core/jackson-core@2.18.8?type=jar,2.18.8,,name,farahh448/timesheet-devops,sha256:7b0272947968067c8962590fa528cd14c1110e7c62c0023979032d2e3affeae4,,,timesheet-devops,image_digest,1.0,FALSE,"[""no Ingress"", ""no LoadBalancer/NodePort externe confirme"", ""Service/timesheet-devops type=ClusterIP""]",0,0,1,7,prod,platform,default,['internal-service'],0,0,1,0,0,[],[],99,[],True,False,0.0,timesheet-devops,0,0,[],32.8,1,deployment,50.0,70,8.7,0.0,0.8,60.211200000000005,0.01,48.6484108151628,50.03465270996094,47.26216892036466,4,49.99862,47.27675522587585,48.63768715273285,2.7218647741241497,0,53.3,53.3,0.722,HIGH,"[{""feature"": ""epss_numeric"", ""impact"": -5.597, ""feature_value"": 0.0, ""direction"": ""lowers_risk""}, {""feature"": ""time_decay_factor"", ""impact"": 5.439, ""feature_value"": 0.8, ""direction"": ""raises_risk""}, {""feature"": ""severity_score"", ""impact"": 4.89, ""feature_value"": 70.0, ""direction"": ""raises_risk""}, {""feature"": ""cvss_numeric"", ""impact"": 1.948, ""feature_value"": 8.7, ""direction"": ""raises_risk""}, {""feature"": ""confidence_score"", ""impact"": -1.147, ""feature_value"": 0.4, ""direction"": ""lowers_risk""}]",P3_7D,15.95223853288193,0,
CVE-2022-23181,finding/v7.1,vulnerability,9.0.52,8.5.75,CVE-2022-23181,,,,,Privilege Escalation,"## Overview
[org.apache.tomcat.embed:tomcat-embed-core](https://mvnrepository.com/artifact/org.apache.tomcat.embed/tomcat-embed-core) is a Core Tomcat implementation.

Affected versions of this package are vulnerable to Privilege Escalation via a `time of check, time of use` vulnerability that allows a local attacker to perform actions with the privileges of the user that the Tomcat process is using. 
This issue is only exploitable when Tomcat is configured to persist sessions using the FileStore.
## Remediation
Upgrade `org.apache.tomcat.embed:tomcat-embed-core` to version 8.5.75, 9.0.58, 10.0.16, 10.1.0-M10 or higher.
## References
- [Apache Pony Mail](https://lists.apache.org/thread/l8x62p3k19yfcb208jo4zrb83k5mfwg9)
- [GitHub Commit](https://github.com/apache/tomcat/commit/bb33048e3f9b4f2b70e4da2e6c4e34ca89023b1b)
- [RedHat Bugzilla Bug](https://bugzilla.redhat.com/show_bug.cgi?id=2047417)
",HIGH,org.apache.tomcat.embed:tomcat-embed-core,7.0,8.5.75,tn.esprit.spring.services:timesheet-devops@1.0,,,['Snyk'],Snyk,1,0.4,scanner_consensus_v1,['tn.esprit.spring.services:timesheet-devops@1.0'],cve,CVE-2022-23181,['Snyk'],,0,Unknown,,0.00692,0.50892,0,tomcat-embed-core,pkg:maven/org.apache.tomcat.embed/tomcat-embed-core@9.0.113?type=jar,9.0.113,,name_suffix,farahh448/timesheet-devops,sha256:7b0272947968067c8962590fa528cd14c1110e7c62c0023979032d2e3affeae4,,,timesheet-devops,image_digest,1.0,FALSE,"[""no Ingress"", ""no LoadBalancer/NodePort externe confirme"", ""Service/timesheet-devops type=ClusterIP""]",0,0,1,7,prod,platform,default,['internal-service'],0,0,1,0,0,[],[],99,[],True,False,0.0,timesheet-devops,0,0,[],32.9,1,deployment,,70,7.0,0.00692,0.8,60.211200000000005,0.01,,,,-1,54.901436,30.26195979503165,42.58169782354122,24.639476204968346,0,49.6,,0.5,MEDIUM,"[{""feature"": ""severity_score"", ""impact"": 6.169, ""feature_value"": 70.0, ""direction"": ""raises_risk""}, {""feature"": ""time_decay_factor"", ""impact"": 5.203, ""feature_value"": 0.8, ""direction"": ""raises_risk""}, {""feature"": ""confidence_score"", ""impact"": -1.536, ""feature_value"": 0.4, ""direction"": ""lowers_risk""}, {""feature"": ""epss_numeric"", ""impact"": 1.317, ""feature_value"": 0.0069, ""direction"": ""raises_risk""}, {""feature"": ""cvss_numeric"", ""impact"": -0.717, ""feature_value"": 7.0, ""direction"": ""lowers_risk""}]",P4_30D,25.094247449546536,0,
CVE-2022-45143,finding/v7.1,vulnerability,9.0.52,8.5.84,CVE-2022-45143,,,,,Improper Input Validation,"## Overview
[org.apache.tomcat.embed:tomcat-embed-core](https://mvnrepository.com/artifact/org.apache.tomcat.embed/tomcat-embed-core) is a Core Tomcat implementation.

Affected versions of this package are vulnerable to Improper Input Validation such that the `JsonErrorReportValve` does not escape the type, message or description values. In some circumstances these are constructed from user provided data and it is possible for users to supply values that invalidate or manipulate the JSON output.
## Remediation
Upgrade `org.apache.tomcat.embed:tomcat-embed-core` to version 8.5.84, 9.0.69, 10.1.2 or higher.
## References
- [Apache Thread](https://lists.apache.org/thread/yqkd183xrw3wqvnpcg3osbcryq85fkzj)
- [GitHub Commit](https://github.com/apache/tomcat/commit/1f50bff8daabb48c5f15398689988f26aac6ec56)
- [Tomcat Security Releases](https://tomcat.apache.org/security-9.html#Fixed_in_Apache_Tomcat_9.0.69)
",HIGH,org.apache.tomcat.embed:tomcat-embed-core,7.5,8.5.84,tn.esprit.spring.services:timesheet-devops@1.0,,,['Snyk'],Snyk,1,0.6,scanner_consensus_v1,"['tn.esprit.spring.services:timesheet-devops@1.0', 'Java', 'pom.xml']",cve,CVE-2022-45143,['Snyk'],,0,Unknown,,0.02505,0.83826,0,tomcat-embed-core,pkg:maven/org.apache.tomcat.embed/tomcat-embed-core@9.0.113?type=jar,9.0.113,,name_suffix,farahh448/timesheet-devops,sha256:7b0272947968067c8962590fa528cd14c1110e7c62c0023979032d2e3affeae4,,,timesheet-devops,image_digest,1.0,FALSE,"[""no Ingress"", ""no LoadBalancer/NodePort externe confirme"", ""Service/timesheet-devops type=ClusterIP""]",0,0,1,7,prod,platform,default,['internal-service'],0,0,1,0,0,[],[],99,[],True,False,0.0,timesheet-devops,0,0,[],33.3,1,deployment,59.0,70,7.5,0.02505,0.8,65.2288,0.01,43.9892075655673,50.84733963012695,37.13107550100764,0,58.997345,59.3398697735581,59.16860737213061,0.34252477355809674,0,61.6,52.5,0.95,VERY_HIGH,"[{""feature"": ""time_decay_factor"", ""impact"": 8.084, ""feature_value"": 0.8, ""direction"": ""raises_risk""}, {""feature"": ""severity_score"", ""impact"": 6.538, ""feature_value"": 70.0, ""direction"": ""raises_risk""}, {""feature"": ""confidence_score"", ""impact"": 2.318, ""feature_value"": 0.6, ""direction"": ""raises_risk""}, {""feature"": ""cvss_numeric"", ""impact"": -1.788, ""feature_value"": 7.5, ""direction"": ""lowers_risk""}, {""feature"": ""epss_numeric"", ""impact"": -0.62, ""feature_value"": 0.025, ""direction"": ""lowers_risk""}]",P3_7D,17.92184459841823,0,
CVE-2023-20863,finding/v7.1,vulnerability,5.3.9,"6.0.8, 5.3.27, 5.2.24.RELEASE",CVE-2023-20863,,,,,springframework: Spring Expression DoS Vulnerability,"In spring framework versions prior to 5.2.24 release+ ,5.3.27+ and 6.0.8+ , it is possible for a user to provide a specially crafted SpEL expression that may cause a denial-of-service (DoS) condition.",HIGH,org.springframework:spring-expression,6.5,"6.0.8, 5.3.27, 5.2.24.RELEASE",Java,"https://access.redhat.com/security/cve/CVE-2023-20863, https://github.com/spring-projects/spring-framework",2023-04-13T20:15:07.777Z,['Trivy'],Trivy,1,0.4,scanner_consensus_v1,"['Java', 'pom.xml']",cve,CVE-2023-20863,['Trivy'],,0,Unknown,,0.01122,0.6436,0,spring-expression,pkg:maven/org.springframework/spring-expression@5.3.39?type=jar,5.3.39,,name_suffix,farahh448/timesheet-devops,sha256:7b0272947968067c8962590fa528cd14c1110e7c62c0023979032d2e3affeae4,,,timesheet-devops,image_digest,1.0,FALSE,"[""no Ingress"", ""no LoadBalancer/NodePort externe confirme"", ""Service/timesheet-devops type=ClusterIP""]",0,0,1,7,prod,platform,default,['internal-service'],0,0,1,0,0,[],[],99,[],True,False,0.0,timesheet-devops,0,0,[],33.0,1,deployment,24.0,70,6.5,0.01122,0.25,18.816,0.01,8.737595964947387,6.854239463806152,10.62095246608862,4,23.99816,18.48581675084916,21.241988079709245,5.512343249150838,0,20.3,12.8,0.0,VERY_LOW,"[{""feature"": ""time_decay_factor"", ""impact"": -30.201, ""feature_value"": 0.25, ""direction"": ""lowers_risk""}, {""feature"": ""cvss_numeric"", ""impact"": 6.795, ""feature_value"": 6.5, ""direction"": ""raises_risk""}, {""feature"": ""severity_score"", ""impact"": 3.097, ""feature_value"": 70.0, ""direction"": ""raises_risk""}, {""feature"": ""confidence_score"", ""impact"": -0.553, ""feature_value"": 0.4, ""direction"": ""lowers_risk""}, {""feature"": ""epss_numeric"", ""impact"": 0.395, ""feature_value"": 0.0112, ""direction"": ""raises_risk""}]",P5_BACKLOG,9.128768048488192,0,
CVE-2023-20883,finding/v7.1,vulnerability,2.5.4,2.5.15,CVE-2023-20883,,,,,Denial of Service (DoS),"## Overview

Affected versions of this package are vulnerable to Denial of Service (DoS) if Spring MVC is used together with a reverse proxy cache.

Specifically, an application **is vulnerable** if *all of the conditions are true*:

 - The application has Spring MVC auto-configuration enabled. This is the case by default if Spring MVC is on the classpath.
 - The application uses Spring Boot's welcome page support, either static or templated.
 - The application is deployed behind a proxy which caches 404 responses.

The application **is NOT vulnerable** if *any of the following are true*:

 - Spring MVC auto-configuration is disabled. This is true if `WebMvcAutoConfiguration` is explicitly excluded, if Spring MVC is not on the classpath, or if `spring.main.web-application-type` is set to a value other than `SERVLET`.
 - The application does not use Spring Boot's welcome page support.
 - There is no proxy which caches 404 responses.


## Workaround

Users who are unable to upgrade should configure the reverse proxy not to cache 404 responses and/or not to cache responses to requests to the root (`/`) of the application.

## Details

Denial of Service (DoS) describes a family of attacks, all aimed at making a system inaccessible to its intended and legitimate users.

Unlike other vulnerabilities, DoS attacks usually do not aim at breaching security. Rather, they are focused on making websites and services unavailable to genuine users resulting in downtime.

One popular Denial of Service vulnerability is DDoS (a Distributed Denial of Service), an attack that attempts to clog network pipes to the system by generating a large volume of traffic from many machines.

When it comes to open source libraries, DoS vulnerabilities allow attackers to trigger such a crash or crippling of the service by using a flaw either in the application code or from the use of open source libraries.

Two common types of DoS vulnerabilities:

* High CPU/Memory Consumption- An attacker sending crafted requests that could cause the system to take a disproportionate amount of time to process. For example, [commons-fileupload:commons-fileupload](https://security.snyk.io/vuln/SNYK-JAVA-COMMONSFILEUPLOAD-30082).

* Crash - An attacker sending crafted requests that could cause the system to crash. For Example,  [npm `ws` package](https://snyk.io/vuln/npm:ws:20171108)

## Remediation
Upgrade `org.springframework.boot:spring-boot-autoconfigure` to version 2.5.15, 2.6.15, 2.7.12, 3.0.7 or higher.
## References
- [GitHub Commit](https://github.com/spring-projects/spring-boot/commit/418dd1ba5bdad79b55a043000164bfcbda2acd78)
- [GitHub Issue](https://github.com/spring-projects/spring-boot/issues/35552)
- [GitHub Release](https://github.com/spring-projects/spring-boot/releases/tag/v2.5.15)
",HIGH,org.springframework.boot:spring-boot-autoconfigure,7.5,2.5.15,tn.esprit.spring.services:timesheet-devops@1.0,,,['Snyk'],Snyk,1,0.6,scanner_consensus_v1,"['tn.esprit.spring.services:timesheet-devops@1.0', 'Java', 'pom.xml']",cve,CVE-2023-20883,['Snyk'],,0,Unknown,,0.00911,0.58023,0,spring-boot-autoconfigure,pkg:maven/org.springframework.boot/spring-boot-autoconfigure@2.5.4?type=jar,2.5.4,,name_suffix,farahh448/timesheet-devops,sha256:7b0272947968067c8962590fa528cd14c1110e7c62c0023979032d2e3affeae4,,,timesheet-devops,image_digest,1.0,FALSE,"[""no Ingress"", ""no LoadBalancer/NodePort externe confirme"", ""Service/timesheet-devops type=ClusterIP""]",0,0,1,7,prod,platform,default,['internal-service'],0,0,1,0,0,[],[],99,[],True,False,0.0,timesheet-devops,0,0,[],32.9,1,deployment,56.0,70,7.5,0.00911,0.8,65.2288,0.01,55.832113791020944,58.08194732666016,53.58228025538173,3,56.000736,47.89705887889904,51.94889755773565,8.103677121100965,0,57.3,59.6,0.722,HIGH,"[{""feature"": ""time_decay_factor"", ""impact"": 7.921, ""feature_value"": 0.8, ""direction"": ""raises_risk""}, {""feature"": ""severity_score"", ""impact"": 6.547, ""feature_value"": 70.0, ""direction"": ""raises_risk""}, {""feature"": ""cvss_numeric"", ""impact"": -2.396, ""feature_value"": 7.5, ""direction"": ""lowers_risk""}, {""feature"": ""epss_numeric"", ""impact"": -2.123, ""feature_value"": 0.0091, ""direction"": ""lowers_risk""}, {""feature"": ""confidence_score"", ""impact"": 1.587, ""feature_value"": 0.6, ""direction"": ""raises_risk""}]",P3_7D,19.636507827871178,0,
CVE-2023-22102,finding/v7.1,vulnerability,8.0.26,No fix available,CVE-2023-22102,,,,,mysql-connector-java: Connector/J unspecified vulnerability (CPU October 2023),"Vulnerability in the MySQL Connectors product of Oracle MySQL (component: Connector/J).  Supported versions that are affected are 8.1.0 and prior. Difficult to exploit vulnerability allows unauthenticated attacker with network access via multiple protocols to compromise MySQL Connectors.  Successful attacks require human interaction from a person other than the attacker and while the vulnerability is in MySQL Connectors, attacks may significantly impact additional products (scope change). Successful attacks of this vulnerability can result in takeover of MySQL Connectors. CVSS 3.1 Base Score 8.3 (Confidentiality, Integrity and Availability impacts).  CVSS Vector: (CVSS:3.1/AV:N/AC:H/PR:N/UI:R/S:C/C:H/I:H/A:H).",HIGH,mysql:mysql-connector-java,8.4,No fix available,Java,"https://access.redhat.com/security/cve/CVE-2023-22102, https://github.com/mysql/mysql-connector-j",2023-10-17T22:15:15.1Z,['Trivy'],Trivy,1,0.4,scanner_consensus_v1,"['Java', 'pom.xml']",cve,CVE-2023-22102,['Trivy'],,0,Unknown,,0.00872,0.56846,0,mysql-connector-java,pkg:maven/mysql/mysql-connector-java@8.0.26?type=jar,8.0.26,,name_suffix,farahh448/timesheet-devops,sha256:7b0272947968067c8962590fa528cd14c1110e7c62c0023979032d2e3affeae4,,,timesheet-devops,image_digest,1.0,FALSE,"[""no Ingress"", ""no LoadBalancer/NodePort externe confirme"", ""Service/timesheet-devops type=ClusterIP""]",0,0,1,7,prod,platform,default,['internal-service'],0,0,1,0,0,[],[],99,[],True,False,0.0,timesheet-devops,0,0,[],32.9,1,deployment,28.0,70,8.4,0.00872,0.25,18.816,0.01,39.728939919446056,25.13193321228028,54.32594662661184,2,28.000696,36.793180127450285,32.39693815485063,8.792484127450283,0,27.0,31.4,0.133,VERY_LOW,"[{""feature"": ""time_decay_factor"", ""impact"": -30.486, ""feature_value"": 0.25, ""direction"": ""lowers_risk""}, {""feature"": ""epss_numeric"", ""impact"": 9.953, ""feature_value"": 0.0087, ""direction"": ""raises_risk""}, {""feature"": ""severity_score"", ""impact"": 3.328, ""feature_value"": 70.0, ""direction"": ""raises_risk""}, {""feature"": ""cvss_numeric"", ""impact"": 1.159, ""feature_value"": 8.4, ""direction"": ""raises_risk""}, {""feature"": ""confidence_score"", ""impact"": -0.418, ""feature_value"": 0.4, ""direction"": ""lowers_risk""}]",P5_BACKLOG,14.11532351018033,0,
CVE-2022-42003,finding/v7.1,vulnerability,2.12.4,"2.12.7.1, 2.13.4.2",CVE-2022-42003,,,,,jackson-databind: deep wrapper array nesting wrt UNWRAP_SINGLE_VALUE_ARRAYS,"In FasterXML jackson-databind before versions 2.13.4.1 and 2.12.17.1, resource exhaustion can occur because of a lack of a check in primitive value deserializers to avoid deep wrapper array nesting, when the UNWRAP_SINGLE_VALUE_ARRAYS feature is enabled.",HIGH,com.fasterxml.jackson.core:jackson-databind,7.5,"2.12.7.1, 2.13.4.2",Java,"https://access.redhat.com/security/cve/CVE-2022-42003, https://bugs.chromium.org/p/oss-fuzz/issues/detail?id=51020",2022-10-02T05:15:09.07Z,['Trivy'],Trivy,1,0.4,scanner_consensus_v1,"['Java', 'pom.xml']",cve,CVE-2022-42003,['Trivy'],,0,Unknown,,0.02779,0.85571,0,jackson-databind,pkg:maven/com.fasterxml.jackson.core/jackson-databind@2.18.8?type=jar,2.18.8,,name_suffix,farahh448/timesheet-devops,sha256:7b0272947968067c8962590fa528cd14c1110e7c62c0023979032d2e3affeae4,,,timesheet-devops,image_digest,1.0,FALSE,"[""no Ingress"", ""no LoadBalancer/NodePort externe confirme"", ""Service/timesheet-devops type=ClusterIP""]",0,0,1,7,prod,platform,default,['internal-service'],0,0,1,0,0,[],[],99,[],True,False,0.0,timesheet-devops,0,0,[],33.3,1,deployment,0.0,70,7.5,0.02779,0.25,18.816,0.01,32.09082275774045,24.927133560180664,39.25451195530023,3,-0.0003277888,29.281817938246466,14.640745074729168,29.282145727046466,0,16.3,26.8,0.0,VERY_LOW,"[{""feature"": ""time_decay_factor"", ""impact"": -38.178, ""feature_value"": 0.25, ""direction"": ""lowers_risk""}, {""feature"": ""epss_numeric"", ""impact"": -5.19, ""feature_value"": 0.0278, ""direction"": ""lowers_risk""}, {""feature"": ""cvss_numeric"", ""impact"": -3.132, ""feature_value"": 7.5, ""direction"": ""lowers_risk""}, {""feature"": ""severity_score"", ""impact"": 2.941, ""feature_value"": 70.0, ""direction"": ""raises_risk""}, {""feature"": ""confidence_score"", ""impact"": -0.906, ""feature_value"": 0.4, ""direction"": ""lowers_risk""}]",P5_BACKLOG,19.033296385941984,0,
CVE-2022-42004,finding/v7.1,vulnerability,2.12.4,"2.12.7.1, 2.13.4",CVE-2022-42004,,,,,jackson-databind: use of deeply nested arrays,"In FasterXML jackson-databind before 2.13.4, resource exhaustion can occur because of a lack of a check in BeanDeserializer._deserializeFromArray to prevent use of deeply nested arrays. An application is vulnerable only with certain customized choices for deserialization.",HIGH,com.fasterxml.jackson.core:jackson-databind,7.5,"2.12.7.1, 2.13.4",Java,"https://access.redhat.com/security/cve/CVE-2022-42004, https://bugs.chromium.org/p/oss-fuzz/issues/detail?id=50490",2022-10-02T05:15:09.237Z,['Trivy'],Trivy,1,0.4,scanner_consensus_v1,"['Java', 'pom.xml']",cve,CVE-2022-42004,['Trivy'],,0,Unknown,,0.02779,0.85571,0,jackson-databind,pkg:maven/com.fasterxml.jackson.core/jackson-databind@2.18.8?type=jar,2.18.8,,name_suffix,farahh448/timesheet-devops,sha256:7b0272947968067c8962590fa528cd14c1110e7c62c0023979032d2e3affeae4,,,timesheet-devops,image_digest,1.0,FALSE,"[""no Ingress"", ""no LoadBalancer/NodePort externe confirme"", ""Service/timesheet-devops type=ClusterIP""]",0,0,1,7,prod,platform,default,['internal-service'],0,0,1,0,0,[],[],99,[],True,False,0.0,timesheet-devops,0,0,[],33.3,1,deployment,0.0,70,7.5,0.02779,0.25,18.816,0.01,32.09082275774045,24.927133560180664,39.25451195530023,3,-0.0003277888,29.281817938246466,14.640745074729168,29.282145727046466,0,16.3,26.8,0.0,VERY_LOW,"[{""feature"": ""time_decay_factor"", ""impact"": -38.178, ""feature_value"": 0.25, ""direction"": ""lowers_risk""}, {""feature"": ""epss_numeric"", ""impact"": -5.19, ""feature_value"": 0.0278, ""direction"": ""lowers_risk""}, {""feature"": ""cvss_numeric"", ""impact"": -3.132, ""feature_value"": 7.5, ""direction"": ""lowers_risk""}, {""feature"": ""severity_score"", ""impact"": 2.941, ""feature_value"": 70.0, ""direction"": ""raises_risk""}, {""feature"": ""confidence_score"", ""impact"": -0.906, ""feature_value"": 0.4, ""direction"": ""lowers_risk""}]",P5_BACKLOG,19.033296385941984,0,
CVE-2022-42252,finding/v7.1,vulnerability,9.0.52,"8.5.83, 9.0.68, 10.0.27, 10.1.1",CVE-2022-42252,,,,,tomcat: request smuggling,"If Apache Tomcat 8.5.0 to 8.5.82, 9.0.0-M1 to 9.0.67, 10.0.0-M1 to 10.0.26 or 10.1.0-M1 to 10.1.0 was configured to ignore invalid HTTP headers via setting rejectIllegalHeader to false (the default for 8.5.x only), Tomcat did not reject a request containing an invalid Content-Length header making a request smuggling attack possible if Tomcat was located behind a reverse proxy that also failed to reject the request with the invalid header.",HIGH,org.apache.tomcat.embed:tomcat-embed-core,7.5,"8.5.83, 9.0.68, 10.0.27, 10.1.1",Java,"https://access.redhat.com/security/cve/CVE-2022-42252, https://github.com/apache/tomcat",2022-11-01T09:15:10.817Z,['Trivy'],Trivy,1,0.4,scanner_consensus_v1,"['Java', 'pom.xml']",cve,CVE-2022-42252,['Trivy'],,0,Unknown,,0.01544,0.73541,0,tomcat-embed-core,pkg:maven/org.apache.tomcat.embed/tomcat-embed-core@9.0.113?type=jar,9.0.113,,name_suffix,farahh448/timesheet-devops,sha256:7b0272947968067c8962590fa528cd14c1110e7c62c0023979032d2e3affeae4,,,timesheet-devops,image_digest,1.0,FALSE,"[""no Ingress"", ""no LoadBalancer/NodePort externe confirme"", ""Service/timesheet-devops type=ClusterIP""]",0,0,1,7,prod,platform,default,['internal-service'],0,0,1,0,0,[],[],99,[],True,False,0.0,timesheet-devops,0,0,[],33.1,1,deployment,28.0,70,7.5,0.01544,0.25,18.816,0.01,7.20470716345022,0.0001222729770233,14.409292053923416,1,27.997204,25.01703708326784,26.507120455086067,2.980166916732159,0,23.4,11.8,0.0,VERY_LOW,"[{""feature"": ""time_decay_factor"", ""impact"": -29.668, ""feature_value"": 0.25, ""direction"": ""lowers_risk""}, {""feature"": ""epss_numeric"", ""impact"": 10.891, ""feature_value"": 0.0154, ""direction"": ""raises_risk""}, {""feature"": ""severity_score"", ""impact"": 3.238, ""feature_value"": 70.0, ""direction"": ""raises_risk""}, {""feature"": ""cvss_numeric"", ""impact"": -0.724, ""feature_value"": 7.5, ""direction"": ""lowers_risk""}, {""feature"": ""confidence_score"", ""impact"": -0.205, ""feature_value"": 0.4, ""direction"": ""lowers_risk""}]",P5_BACKLOG,9.442219594891899,0,
CVE-2022-25857,finding/v7.1,vulnerability,1.28,1.31,CVE-2022-25857,,,,,Denial of Service (DoS),"## Overview
[org.yaml:snakeyaml](https://code.google.com/p/snakeyaml/source/browse/) is a YAML 1.1 parser and emitter for Java.

Affected versions of this package are vulnerable to Denial of Service (DoS) due to missing nested depth limitation for collections.


 **NOTE:** This vulnerability has also been identified as: [CVE-2022-38749](https://security.snyk.io/vuln/SNYK-JAVA-ORGYAML-6056527)


## Details

Denial of Service (DoS) describes a family of attacks, all aimed at making a system inaccessible to its intended and legitimate users.

Unlike other vulnerabilities, DoS attacks usually do not aim at breaching security. Rather, they are focused on making websites and services unavailable to genuine users resulting in downtime.

One popular Denial of Service vulnerability is DDoS (a Distributed Denial of Service), an attack that attempts to clog network pipes to the system by generating a large volume of traffic from many machines.

When it comes to open source libraries, DoS vulnerabilities allow attackers to trigger such a crash or crippling of the service by using a flaw either in the application code or from the use of open source libraries.

Two common types of DoS vulnerabilities:

* High CPU/Memory Consumption- An attacker sending crafted requests that could cause the system to take a disproportionate amount of time to process. For example, [commons-fileupload:commons-fileupload](https://security.snyk.io/vuln/SNYK-JAVA-COMMONSFILEUPLOAD-30082).

* Crash - An attacker sending crafted requests that could cause the system to crash. For Example,  [npm `ws` package](https://snyk.io/vuln/npm:ws:20171108)

## Remediation
Upgrade `org.yaml:snakeyaml` to version 1.31 or higher.
## References
- [Bitbucket Commit](https://bitbucket.org/snakeyaml/snakeyaml/commits/fc300780da21f4bb92c148bc90257201220cf174)
- [BitBucket Issues](https://bitbucket.org/snakeyaml/snakeyaml/issues/525)
- [GitHub Commit](https://github.com/snakeyaml/snakeyaml/commit/fc300780da21f4bb92c148bc90257201220cf174)
",HIGH,org.yaml:snakeyaml,7.5,1.31,tn.esprit.spring.services:timesheet-devops@1.0,,,['Snyk'],Snyk,1,0.6,scanner_consensus_v1,"['tn.esprit.spring.services:timesheet-devops@1.0', 'Java', 'pom.xml']",cve,CVE-2022-25857,['Snyk'],,0,Unknown,,0.02749,0.85369,0,snakeyaml,pkg:maven/org.yaml/snakeyaml@1.28?type=jar,1.28,,name_suffix,farahh448/timesheet-devops,sha256:7b0272947968067c8962590fa528cd14c1110e7c62c0023979032d2e3affeae4,,,timesheet-devops,image_digest,1.0,FALSE,"[""no Ingress"", ""no LoadBalancer/NodePort externe confirme"", ""Service/timesheet-devops type=ClusterIP""]",0,0,1,7,prod,platform,default,['internal-service'],0,0,1,0,0,[],[],99,[],True,False,0.0,timesheet-devops,0,0,[],33.3,1,deployment,58.0,70,7.5,0.02749,0.8,65.2288,0.01,55.63259285604102,59.267425537109375,51.99776017497267,4,58.002285,59.19699106983181,58.59963803674696,1.1947060698318097,0,61.3,59.5,0.95,VERY_HIGH,"[{""feature"": ""time_decay_factor"", ""impact"": 8.082, ""feature_value"": 0.8, ""direction"": ""raises_risk""}, {""feature"": ""severity_score"", ""impact"": 6.533, ""feature_value"": 70.0, ""direction"": ""raises_risk""}, {""feature"": ""confidence_score"", ""impact"": 2.276, ""feature_value"": 0.6, ""direction"": ""raises_risk""}, {""feature"": ""cvss_numeric"", ""impact"": -1.878, ""feature_value"": 7.5, ""direction"": ""lowers_risk""}, {""feature"": ""epss_numeric"", ""impact"": -1.475, ""feature_value"": 0.0275, ""direction"": ""lowers_risk""}]",P3_7D,18.17724444593999,0,
CVE-2026-34483,finding/v7.1,vulnerability,9.0.52,"9.0.116, 10.1.54, 11.0.21",CVE-2026-34483,,,,,Apache Tomcat: Apache Tomcat: Information disclosure due to improper encoding in JsonAccessLogValve,"Improper Encoding or Escaping of Output vulnerability in the JsonAccessLogValve component of Apache Tomcat.

This issue affects Apache Tomcat: from 11.0.0-M1 through 11.0.20, from 10.1.0-M1 through 10.1.53, from 9.0.40 through 9.0.116.

Users are recommended to upgrade to version 11.0.21, 10.1.54 or 9.0.117 , which fix the issue.",HIGH,org.apache.tomcat.embed:tomcat-embed-core,7.5,"9.0.116, 10.1.54, 11.0.21",Java,"http://www.openwall.com/lists/oss-security/2026/04/09/26, https://access.redhat.com/security/cve/CVE-2026-34483",2026-04-09T20:16:24.937Z,['Trivy'],Trivy,1,0.4,scanner_consensus_v1,"['Java', 'pom.xml']",cve,CVE-2026-34483,['Trivy'],,0,Unknown,,0.00461,0.38771,0,tomcat-embed-core,pkg:maven/org.apache.tomcat.embed/tomcat-embed-core@9.0.113?type=jar,9.0.113,,name_suffix,farahh448/timesheet-devops,sha256:7b0272947968067c8962590fa528cd14c1110e7c62c0023979032d2e3affeae4,,,timesheet-devops,image_digest,1.0,FALSE,"[""no Ingress"", ""no LoadBalancer/NodePort externe confirme"", ""Service/timesheet-devops type=ClusterIP""]",0,0,1,7,prod,platform,default,['internal-service'],0,0,1,0,0,[],[],99,[],True,False,0.0,timesheet-devops,0,0,[],32.8,1,deployment,66.0,70,7.5,0.00461,0.8397260273972602,63.201139726027385,0.01,50.04032902091868,63.5702018737793,36.51045616805807,1,66.00252,44.18297087337663,55.09274428678597,21.81954912662337,0,58.3,55.3,0.722,HIGH,"[{""feature"": ""time_decay_factor"", ""impact"": 13.706, ""feature_value"": 0.8397, ""direction"": ""raises_risk""}, {""feature"": ""severity_score"", ""impact"": 7.231, ""feature_value"": 70.0, ""direction"": ""raises_risk""}, {""feature"": ""epss_numeric"", ""impact"": 1.616, ""feature_value"": 0.0046, ""direction"": ""raises_risk""}, {""feature"": ""cvss_numeric"", ""impact"": -0.822, ""feature_value"": 7.5, ""direction"": ""lowers_risk""}, {""feature"": ""confidence_score"", ""impact"": -0.192, ""feature_value"": 0.4, ""direction"": ""lowers_risk""}]",P3_7D,27.437597849347476,0,
CVE-2026-34487,finding/v7.1,vulnerability,9.0.52,"9.0.117, 10.1.54, 11.0.21",CVE-2026-34487,,,,,Apache Tomcat: Apache Tomcat: Information disclosure via sensitive data in log files,"Insertion of Sensitive Information into Log File vulnerability in the cloud membership for clustering component of Apache Tomcat exposed the Kubernetes bearer token.

This issue affects Apache Tomcat: from 11.0.0-M1 through 11.0.20, from 10.1.0-M1 through 10.1.53, from 9.0.13 through 9.0.116.

Users are recommended to upgrade to version 11.0.21, 10.1.54 or 9.0.117, which fix the issue.",HIGH,org.apache.tomcat.embed:tomcat-embed-core,7.5,"9.0.117, 10.1.54, 11.0.21",Java,"http://www.openwall.com/lists/oss-security/2026/04/09/28, https://access.redhat.com/security/cve/CVE-2026-34487",2026-04-09T20:16:25.203Z,['Trivy'],Trivy,1,0.4,scanner_consensus_v1,"['Java', 'pom.xml']",cve,CVE-2026-34487,['Trivy'],,0,Unknown,,0.00447,0.37796,0,tomcat-embed-core,pkg:maven/org.apache.tomcat.embed/tomcat-embed-core@9.0.113?type=jar,9.0.113,,name_suffix,farahh448/timesheet-devops,sha256:7b0272947968067c8962590fa528cd14c1110e7c62c0023979032d2e3affeae4,,,timesheet-devops,image_digest,1.0,FALSE,"[""no Ingress"", ""no LoadBalancer/NodePort externe confirme"", ""Service/timesheet-devops type=ClusterIP""]",0,0,1,7,prod,platform,default,['internal-service'],0,0,1,0,0,[],[],99,[],True,False,0.0,timesheet-devops,0,0,[],32.8,1,deployment,67.0,70,7.5,0.00447,0.8397260273972602,63.201139726027385,0.01,49.501041619147045,58.56730270385742,40.43478053443668,0,66.99756,44.18297087337663,55.59026473356332,22.81458912662336,0,58.6,55.0,0.722,HIGH,"[{""feature"": ""time_decay_factor"", ""impact"": 14.046, ""feature_value"": 0.8397, ""direction"": ""raises_risk""}, {""feature"": ""severity_score"", ""impact"": 7.239, ""feature_value"": 70.0, ""direction"": ""raises_risk""}, {""feature"": ""epss_numeric"", ""impact"": 2.18, ""feature_value"": 0.0045, ""direction"": ""raises_risk""}, {""feature"": ""cvss_numeric"", ""impact"": -0.755, ""feature_value"": 7.5, ""direction"": ""lowers_risk""}, {""feature"": ""confidence_score"", ""impact"": -0.177, ""feature_value"": 0.4, ""direction"": ""lowers_risk""}]",P3_7D,28.084373983380676,0,
CVE-2026-34500,finding/v7.1,vulnerability,9.0.52,9.0.117,CVE-2026-34500,,,,,Improper Authentication,"## Overview
[org.apache.tomcat.embed:tomcat-embed-core](https://mvnrepository.com/artifact/org.apache.tomcat.embed/tomcat-embed-core) is a Core Tomcat implementation.

Affected versions of this package are vulnerable to Improper Authentication in `processOCSPRequest()`, which is part of the the `CLIENT_CERT` authentication process. In some ""edge cases"", an attacker can trigger a soft-fail of OCSP checks when soft-fail is disabled.
## Remediation
Upgrade `org.apache.tomcat.embed:tomcat-embed-core` to version 9.0.117, 10.1.54, 11.0.21 or higher.
## References
- [Apache Mailing List](https://lists.apache.org/thread/7rcl4zdxryc8hy3htyfyxkbqpxjtfdl2)
- [GitHub Commit](https://github.com/apache/tomcat/commit/c13e60e732ea6d07087293a41ad1866c20848271)
- [OSS Security Advisory](http://www.openwall.com/lists/oss-security/2026/04/09/29)
",HIGH,org.apache.tomcat.embed:tomcat-embed-core,8.3,9.0.117,tn.esprit.spring.services:timesheet-devops@1.0,,,['Snyk'],Snyk,1,0.4,scanner_consensus_v1,['tn.esprit.spring.services:timesheet-devops@1.0'],cve,CVE-2026-34500,['Snyk'],,0,Unknown,,0.00469,0.39272,0,tomcat-embed-core,pkg:maven/org.apache.tomcat.embed/tomcat-embed-core@9.0.113?type=jar,9.0.113,,name_suffix,farahh448/timesheet-devops,sha256:7b0272947968067c8962590fa528cd14c1110e7c62c0023979032d2e3affeae4,,,timesheet-devops,image_digest,1.0,FALSE,"[""no Ingress"", ""no LoadBalancer/NodePort externe confirme"", ""Service/timesheet-devops type=ClusterIP""]",0,0,1,7,prod,platform,default,['internal-service'],0,0,1,0,0,[],[],99,[],True,False,0.0,timesheet-devops,0,0,[],32.8,1,deployment,,70,8.3,0.00469,0.8,60.211200000000005,0.01,,,,-1,62.78877,44.18297087337663,53.48586982084359,18.605799126623367,0,56.2,,0.722,HIGH,"[{""feature"": ""severity_score"", ""impact"": 7.071, ""feature_value"": 70.0, ""direction"": ""raises_risk""}, {""feature"": ""time_decay_factor"", ""impact"": 6.237, ""feature_value"": 0.8, ""direction"": ""raises_risk""}, {""feature"": ""cvss_numeric"", ""impact"": 3.934, ""feature_value"": 8.3, ""direction"": ""raises_risk""}, {""feature"": ""epss_numeric"", ""impact"": 2.201, ""feature_value"": 0.0047, ""direction"": ""raises_risk""}, {""feature"": ""confidence_score"", ""impact"": -1.119, ""feature_value"": 0.4, ""direction"": ""lowers_risk""}]",P3_7D,25.34866050956476,0,
CVE-2026-40972,finding/v7.1,vulnerability,2.5.4,3.5.14,CVE-2026-40972,,,,,Timing Attack,"## Overview

Affected versions of this package are vulnerable to Timing Attack in DevTool due to comparing the user-provided ""remote secret"" against the actual secret using standard string comparison logic (like `String.equals()` or `==`). Standard string comparisons are not constant-time. They evaluate character by character and exit immediately (return false) as soon as they find the first mismatch. Because the comparison stops early upon a mismatch, it takes slightly longer to reject a guess that gets the first few characters correct than a guess that is completely wrong. An attacker on the same network can measure these microsecond differences to deduce the secret character by character.
## Remediation
Upgrade `org.springframework.boot:spring-boot-devtools` to version 3.5.14, 4.0.6 or higher.
## References
- [GitHub Commit](https://github.com/spring-projects/spring-boot/commit/4b0862cc00815a47b22339d7eac7ddc3b6645bd4)
- [Spring Security Advisory](https://spring.io/security/cve-2026-40972)
",HIGH,org.springframework.boot:spring-boot-devtools,7.7,3.5.14,tn.esprit.spring.services:timesheet-devops@1.0,,,['Snyk'],Snyk,1,0.4,scanner_consensus_v1,['tn.esprit.spring.services:timesheet-devops@1.0'],cve,CVE-2026-40972,['Snyk'],,0,Unknown,,0.00262,0.18073,0,spring-boot-devtools,pkg:maven/org.springframework.boot/spring-boot-devtools@2.5.4?type=jar,2.5.4,,name_suffix,farahh448/timesheet-devops,sha256:7b0272947968067c8962590fa528cd14c1110e7c62c0023979032d2e3affeae4,,,timesheet-devops,image_digest,1.0,FALSE,"[""no Ingress"", ""no LoadBalancer/NodePort externe confirme"", ""Service/timesheet-devops type=ClusterIP""]",0,0,1,7,prod,platform,default,['internal-service'],0,0,1,0,0,[],[],99,[],True,False,0.0,timesheet-devops,0,0,[],32.8,1,deployment,,70,7.7,0.00262,0.8,60.211200000000005,0.01,,,,-1,57.882557,46.52749077090241,52.2050238430928,11.355066229097588,0,55.4,,0.722,HIGH,"[{""feature"": ""severity_score"", ""impact"": 6.581, ""feature_value"": 70.0, ""direction"": ""raises_risk""}, {""feature"": ""time_decay_factor"", ""impact"": 5.887, ""feature_value"": 0.8, ""direction"": ""raises_risk""}, {""feature"": ""cvss_numeric"", ""impact"": 3.12, ""feature_value"": 7.7, ""direction"": ""raises_risk""}, {""feature"": ""epss_numeric"", ""impact"": -1.144, ""feature_value"": 0.0026, ""direction"": ""lowers_risk""}, {""feature"": ""confidence_score"", ""impact"": -1.027, ""feature_value"": 0.4, ""direction"": ""lowers_risk""}]",P3_7D,21.339040267476634,0,
CVE-2026-40973,finding/v7.1,vulnerability,2.5.4,3.5.14,CVE-2026-40973,,,,,Insecure Temporary File,"## Overview

Affected versions of this package are vulnerable to Insecure Temporary File due to the `ApplicationTemp` mechanism creating a temporary directory using a predictable name. Because the name can be easily guessed, a local attacker on the same server can maliciously pre-create this directory before the Spring Boot application starts. When the application launches, it would blindly use the existing directory without verifying if it is actually owned by the application's user or the attacker.
## Remediation
Upgrade `org.springframework.boot:spring-boot` to version 3.5.14, 4.0.6 or higher.
## References
- [GitHub Commit](https://github.com/spring-projects/spring-boot/commit/5ceb1a228932e35cc803d1c1fea68f0f984aaa90)
- [Spring Security Advisory](https://spring.io/security/cve-2026-40973)
",HIGH,org.springframework.boot:spring-boot,7.3,3.5.14,tn.esprit.spring.services:timesheet-devops@1.0,,,['Snyk'],Snyk,1,0.4,scanner_consensus_v1,['tn.esprit.spring.services:timesheet-devops@1.0'],cve,CVE-2026-40973,['Snyk'],,0,Unknown,,0.00136,0.03344,0,spring-boot,pkg:maven/org.springframework.boot/spring-boot@2.5.4?type=jar,2.5.4,,name_suffix,farahh448/timesheet-devops,sha256:7b0272947968067c8962590fa528cd14c1110e7c62c0023979032d2e3affeae4,,,timesheet-devops,image_digest,1.0,FALSE,"[""no Ingress"", ""no LoadBalancer/NodePort externe confirme"", ""Service/timesheet-devops type=ClusterIP""]",0,0,1,7,prod,platform,default,['internal-service'],0,0,1,0,0,[],[],99,[],True,False,0.0,timesheet-devops,0,0,[],32.8,1,deployment,,70,7.3,0.00136,0.8,60.211200000000005,0.01,,,,-1,47.24993,46.52749077090241,46.88871105317581,0.7224392290975885,0,52.2,,0.722,HIGH,"[{""feature"": ""time_decay_factor"", ""impact"": 4.954, ""feature_value"": 0.8, ""direction"": ""raises_risk""}, {""feature"": ""severity_score"", ""impact"": 4.927, ""feature_value"": 70.0, ""direction"": ""raises_risk""}, {""feature"": ""epss_numeric"", ""impact"": -3.866, ""feature_value"": 0.0014, ""direction"": ""lowers_risk""}, {""feature"": ""cvss_numeric"", ""impact"": -1.702, ""feature_value"": 7.3, ""direction"": ""lowers_risk""}, {""feature"": ""confidence_score"", ""impact"": -1.528, ""feature_value"": 0.4, ""direction"": ""lowers_risk""}]",P3_7D,14.427832930501538,0,
CIS-4.2.1,finding/v7.1,cis_benchmark,,"By default, K3s sets the --anonymous-auth to false. If you have set this to a different value, you
should set it back to false. If using the K3s config file /etc/rancher/k3s/config.yaml, remove any li",,,,,,Ensure that the --anonymous-auth argument is set to false (Automated),"Ensure that the --anonymous-auth argument is set to false (Automated) | remediation: By default, K3s sets the --anonymous-auth to false. If you have set this to a different value, you
should set it back to false. If using the K3s config file /etc/rancher/k3s/config.yaml, remove any lines similar to below.
kubelet-arg:
  - ""anonymous-auth=true""
If using the command line, edit the K3s service file and remove the below argument.
--kubelet-arg=""anonymous-auth=true""
Based on your syste",HIGH,Kubelet,,"By default, K3s sets the --anonymous-auth to false. If you have set this to a different value, you
should set it back to false. If using the K3s config file /etc/rancher/k3s/config.yaml, remove any li",node,https://www.cisecurity.org/benchmark/kubernetes,,['kube-bench'],kube-bench,1,0.4,scanner_consensus_v1,['node'],image_pkg,node::kubelet::CIS-4.2.1,['kube-bench'],,0,Unknown,,0.0,0.0,0,,,,,unmatched,,,,,unresolved,unresolved,0.0,UNKNOWN,"[""asset non resolu""]",0,1,0,5,unknown,unknown,,[],0,0,1,0,0,[],[],99,[],False,True,,unresolved,0,0,[],0.0,0,unresolved,,70,5.0,0.0,0.8,53.760000000000005,0.01,,,,-1,37.868465,28.80290282398244,33.33568412378321,9.065562176017561,0,41.5,,0.133,VERY_LOW,"[{""feature"": ""cvss_numeric"", ""impact"": -12.457, ""feature_value"": 5.0, ""direction"": ""lowers_risk""}, {""feature"": ""severity_score"", ""impact"": 8.191, ""feature_value"": 70.0, ""direction"": ""raises_risk""}, {""feature"": ""epss_numeric"", ""impact"": -4.712, ""feature_value"": 0.0, ""direction"": ""lowers_risk""}, {""feature"": ""time_decay_factor"", ""impact"": 4.086, ""feature_value"": 0.8, ""direction"": ""raises_risk""}, {""feature"": ""confidence_score"", ""impact"": -1.705, ""feature_value"": 0.4, ""direction"": ""lowers_risk""}]",P4_30D,14.533486325143743,0,
CIS-4.2.2,finding/v7.1,cis_benchmark,,"By default, K3s does not set the --authorization-mode to AlwaysAllow.
If using the K3s config file /etc/rancher/k3s/config.yaml, remove any lines similar to below.
kubelet-arg:
  - ""authorization-mode",,,,,,Ensure that the --authorization-mode argument is not set to AlwaysAllow (Automated),"Ensure that the --authorization-mode argument is not set to AlwaysAllow (Automated) | remediation: By default, K3s does not set the --authorization-mode to AlwaysAllow.
If using the K3s config file /etc/rancher/k3s/config.yaml, remove any lines similar to below.
kubelet-arg:
  - ""authorization-mode=AlwaysAllow""
If using the command line, edit the K3s service file and remove the below argument.
--kubelet-arg=""authorization-mode=AlwaysAllow""
Based on your system, restart the k3s service. For exam",HIGH,Kubelet,,"By default, K3s does not set the --authorization-mode to AlwaysAllow.
If using the K3s config file /etc/rancher/k3s/config.yaml, remove any lines similar to below.
kubelet-arg:
  - ""authorization-mode",node,https://www.cisecurity.org/benchmark/kubernetes,,['kube-bench'],kube-bench,1,0.4,scanner_consensus_v1,['node'],image_pkg,node::kubelet::CIS-4.2.2,['kube-bench'],,0,Unknown,,0.0,0.0,0,,,,,unmatched,,,,,unresolved,unresolved,0.0,UNKNOWN,"[""asset non resolu""]",0,1,0,5,unknown,unknown,,[],0,0,1,0,0,[],[],99,[],False,True,,unresolved,0,0,[],0.0,0,unresolved,,70,5.0,0.0,0.8,53.760000000000005,0.01,,,,-1,37.868465,28.80290282398244,33.33568412378321,9.065562176017561,0,41.5,,0.133,VERY_LOW,"[{""feature"": ""cvss_numeric"", ""impact"": -12.457, ""feature_value"": 5.0, ""direction"": ""lowers_risk""}, {""feature"": ""severity_score"", ""impact"": 8.191, ""feature_value"": 70.0, ""direction"": ""raises_risk""}, {""feature"": ""epss_numeric"", ""impact"": -4.712, ""feature_value"": 0.0, ""direction"": ""lowers_risk""}, {""feature"": ""time_decay_factor"", ""impact"": 4.086, ""feature_value"": 0.8, ""direction"": ""raises_risk""}, {""feature"": ""confidence_score"", ""impact"": -1.705, ""feature_value"": 0.4, ""direction"": ""lowers_risk""}]",P4_30D,14.533486325143743,0,
CIS-4.2.3,finding/v7.1,cis_benchmark,,"By default, K3s automatically provides the client ca certificate for the Kubelet.
It is generated and located at /var/lib/rancher/k3s/agent/client-ca.crt
",,,,,,Ensure that the --client-ca-file argument is set as appropriate (Automated),"Ensure that the --client-ca-file argument is set as appropriate (Automated) | remediation: By default, K3s automatically provides the client ca certificate for the Kubelet.
It is generated and located at /var/lib/rancher/k3s/agent/client-ca.crt
",HIGH,Kubelet,,"By default, K3s automatically provides the client ca certificate for the Kubelet.
It is generated and located at /var/lib/rancher/k3s/agent/client-ca.crt
",node,https://www.cisecurity.org/benchmark/kubernetes,,['kube-bench'],kube-bench,1,0.4,scanner_consensus_v1,['node'],image_pkg,node::kubelet::CIS-4.2.3,['kube-bench'],,0,Unknown,,0.0,0.0,0,,,,,unmatched,,,,,unresolved,unresolved,0.0,UNKNOWN,"[""asset non resolu""]",0,1,0,5,unknown,unknown,,[],0,0,1,0,0,[],[],99,[],False,True,,unresolved,0,0,[],0.0,0,unresolved,,70,5.0,0.0,0.8,53.760000000000005,0.01,,,,-1,37.868465,28.80290282398244,33.33568412378321,9.065562176017561,0,41.5,,0.133,VERY_LOW,"[{""feature"": ""cvss_numeric"", ""impact"": -12.457, ""feature_value"": 5.0, ""direction"": ""lowers_risk""}, {""feature"": ""severity_score"", ""impact"": 8.191, ""feature_value"": 70.0, ""direction"": ""raises_risk""}, {""feature"": ""epss_numeric"", ""impact"": -4.712, ""feature_value"": 0.0, ""direction"": ""lowers_risk""}, {""feature"": ""time_decay_factor"", ""impact"": 4.086, ""feature_value"": 0.8, ""direction"": ""raises_risk""}, {""feature"": ""confidence_score"", ""impact"": -1.705, ""feature_value"": 0.4, ""direction"": ""lowers_risk""}]",P4_30D,14.533486325143743,0,
CIS-4.2.4,finding/v7.1,cis_benchmark,,"By default, K3s sets the --read-only-port to 0. If you have set this to a different value, you
should set it back to 0. If using the K3s config file /etc/rancher/k3s/config.yaml, remove any lines simi",,,,,,Verify that the --read-only-port argument is set to 0 (Automated),"Verify that the --read-only-port argument is set to 0 (Automated) | remediation: By default, K3s sets the --read-only-port to 0. If you have set this to a different value, you
should set it back to 0. If using the K3s config file /etc/rancher/k3s/config.yaml, remove any lines similar to below.
kubelet-arg:
  - ""read-only-port=XXXX""
If using the command line, edit the K3s service file and remove the below argument.
--kubelet-arg=""read-only-port=XXXX""
Based on your system, resta",HIGH,Kubelet,,"By default, K3s sets the --read-only-port to 0. If you have set this to a different value, you
should set it back to 0. If using the K3s config file /etc/rancher/k3s/config.yaml, remove any lines simi",node,https://www.cisecurity.org/benchmark/kubernetes,,['kube-bench'],kube-bench,1,0.4,scanner_consensus_v1,['node'],image_pkg,node::kubelet::CIS-4.2.4,['kube-bench'],,0,Unknown,,0.0,0.0,0,,,,,unmatched,,,,,unresolved,unresolved,0.0,UNKNOWN,"[""asset non resolu""]",0,1,0,5,unknown,unknown,,[],0,0,1,0,0,[],[],99,[],False,True,,unresolved,0,0,[],0.0,0,unresolved,,70,5.0,0.0,0.8,53.760000000000005,0.01,,,,-1,37.868465,28.80290282398244,33.33568412378321,9.065562176017561,0,41.5,,0.133,VERY_LOW,"[{""feature"": ""cvss_numeric"", ""impact"": -12.457, ""feature_value"": 5.0, ""direction"": ""lowers_risk""}, {""feature"": ""severity_score"", ""impact"": 8.191, ""feature_value"": 70.0, ""direction"": ""raises_risk""}, {""feature"": ""epss_numeric"", ""impact"": -4.712, ""feature_value"": 0.0, ""direction"": ""lowers_risk""}, {""feature"": ""time_decay_factor"", ""impact"": 4.086, ""feature_value"": 0.8, ""direction"": ""raises_risk""}, {""feature"": ""confidence_score"", ""impact"": -1.705, ""feature_value"": 0.4, ""direction"": ""lowers_risk""}]",P4_30D,14.533486325143743,0,
CIS-4.2.6,finding/v7.1,cis_benchmark,,"If using the K3s config file /etc/rancher/k3s/config.yaml, set the following parameter.
protect-kernel-defaults: true
If using the command line, run K3s with --protect-kernel-defaults=true.
Based on y",,,,,,Ensure that the --protect-kernel-defaults argument is set to true (Automated),"Ensure that the --protect-kernel-defaults argument is set to true (Automated) | remediation: If using the K3s config file /etc/rancher/k3s/config.yaml, set the following parameter.
protect-kernel-defaults: true
If using the command line, run K3s with --protect-kernel-defaults=true.
Based on your system, restart the k3s service. For example,
systemctl restart k3s.service
",HIGH,Kubelet,,"If using the K3s config file /etc/rancher/k3s/config.yaml, set the following parameter.
protect-kernel-defaults: true
If using the command line, run K3s with --protect-kernel-defaults=true.
Based on y",node,https://www.cisecurity.org/benchmark/kubernetes,,['kube-bench'],kube-bench,1,0.4,scanner_consensus_v1,['node'],image_pkg,node::kubelet::CIS-4.2.6,['kube-bench'],,0,Unknown,,0.0,0.0,0,,,,,unmatched,,,,,unresolved,unresolved,0.0,UNKNOWN,"[""asset non resolu""]",0,1,0,5,unknown,unknown,,[],0,0,1,0,0,[],[],99,[],False,True,,unresolved,0,0,[],0.0,0,unresolved,,70,5.0,0.0,0.8,53.760000000000005,0.01,,,,-1,37.868465,28.80290282398244,33.33568412378321,9.065562176017561,0,41.5,,0.133,VERY_LOW,"[{""feature"": ""cvss_numeric"", ""impact"": -12.457, ""feature_value"": 5.0, ""direction"": ""lowers_risk""}, {""feature"": ""severity_score"", ""impact"": 8.191, ""feature_value"": 70.0, ""direction"": ""raises_risk""}, {""feature"": ""epss_numeric"", ""impact"": -4.712, ""feature_value"": 0.0, ""direction"": ""lowers_risk""}, {""feature"": ""time_decay_factor"", ""impact"": 4.086, ""feature_value"": 0.8, ""direction"": ""raises_risk""}, {""feature"": ""confidence_score"", ""impact"": -1.705, ""feature_value"": 0.4, ""direction"": ""lowers_risk""}]",P4_30D,14.533486325143743,0,
GHSA-mgvc-8q2h-5pgc,finding/v7.1,vulnerability,2.5.4,No fix,,,,,,Spring Boot has an Authentication Bypass under Actuator CloudFoundry endpoints,Spring Boot has an Authentication Bypass under Actuator CloudFoundry endpoints,HIGH,spring-boot-starter-actuator,8.2,No fix,spring-boot-starter-actuator v2.5.4,https://github.com/advisories/GHSA-mgvc-8q2h-5pgc,,['Grype'],Grype,1,0.4,scanner_consensus_v1,['spring-boot-starter-actuator v2.5.4'],pkg_version,spring-boot-starter-actuator@2.5.4::GHSA-MGVC-8Q2H-5PGC,['Grype'],,0,Unknown,,0.0,0.0,0,spring-boot-starter-actuator,pkg:maven/org.springframework.boot/spring-boot-starter-actuator@2.5.4?type=jar,2.5.4,,name_version,farahh448/timesheet-devops,sha256:7b0272947968067c8962590fa528cd14c1110e7c62c0023979032d2e3affeae4,,,timesheet-devops,image_digest,1.0,FALSE,"[""no Ingress"", ""no LoadBalancer/NodePort externe confirme"", ""Service/timesheet-devops type=ClusterIP""]",0,0,1,7,prod,platform,default,['internal-service'],0,0,1,0,0,[],[],99,[],True,False,0.0,timesheet-devops,0,0,[],32.8,1,deployment,,70,8.2,0.0,0.8,60.211200000000005,0.01,,,,-1,49.9649,35.334123156401105,42.649512063430045,14.630776843598895,0,49.7,,0.5,MEDIUM,"[{""feature"": ""epss_numeric"", ""impact"": -5.563, ""feature_value"": 0.0, ""direction"": ""lowers_risk""}, {""feature"": ""time_decay_factor"", ""impact"": 5.355, ""feature_value"": 0.8, ""direction"": ""raises_risk""}, {""feature"": ""severity_score"", ""impact"": 4.892, ""feature_value"": 70.0, ""direction"": ""raises_risk""}, {""feature"": ""cvss_numeric"", ""impact"": 1.964, ""feature_value"": 8.2, ""direction"": ""raises_risk""}, {""feature"": ""confidence_score"", ""impact"": -1.148, ""feature_value"": 0.4, ""direction"": ""lowers_risk""}]",P4_30D,20.11024204082846,0,
GHSA-2p5w-cvg5-gc5c,finding/v7.1,vulnerability,5.4.32.Final,No fix,,,,,,Hibernate vulnerable to SQL Injection,Hibernate vulnerable to SQL Injection,HIGH,hibernate-core,8.3,No fix,hibernate-core v5.4.32.Final,https://github.com/advisories/GHSA-2p5w-cvg5-gc5c,,['Grype'],Grype,1,0.4,scanner_consensus_v1,['hibernate-core v5.4.32.Final'],pkg_version,hibernate-core@5.4.32.final::GHSA-2P5W-CVG5-GC5C,['Grype'],,0,Unknown,,0.0,0.0,0,hibernate-core,pkg:maven/org.hibernate/hibernate-core@5.4.32.Final?type=jar,5.4.32.Final,,name_version,farahh448/timesheet-devops,sha256:7b0272947968067c8962590fa528cd14c1110e7c62c0023979032d2e3affeae4,,,timesheet-devops,image_digest,1.0,FALSE,"[""no Ingress"", ""no LoadBalancer/NodePort externe confirme"", ""Service/timesheet-devops type=ClusterIP""]",0,0,1,7,prod,platform,default,['internal-service'],0,0,1,0,0,[],[],99,[],True,False,0.0,timesheet-devops,0,0,[],32.8,1,deployment,,70,8.3,0.0,0.8,60.211200000000005,0.01,,,,-1,49.9649,35.334123156401105,42.649512063430045,14.630776843598895,0,49.7,,0.5,MEDIUM,"[{""feature"": ""epss_numeric"", ""impact"": -5.563, ""feature_value"": 0.0, ""direction"": ""lowers_risk""}, {""feature"": ""time_decay_factor"", ""impact"": 5.355, ""feature_value"": 0.8, ""direction"": ""raises_risk""}, {""feature"": ""severity_score"", ""impact"": 4.892, ""feature_value"": 70.0, ""direction"": ""raises_risk""}, {""feature"": ""cvss_numeric"", ""impact"": 1.964, ""feature_value"": 8.3, ""direction"": ""raises_risk""}, {""feature"": ""confidence_score"", ""impact"": -1.148, ""feature_value"": 0.4, ""direction"": ""lowers_risk""}]",P4_30D,20.11024204082846,0,
CVE-2023-24998,finding/v7.1,vulnerability,9.0.52,"10.1.5, 11.0.0-M5, 8.5.88, 9.0.71",CVE-2023-24998,,,,,FileUpload: FileUpload DoS with excessive parts,"Apache Commons FileUpload before 1.5 does not limit the number of request parts to be processed resulting in the possibility of an attacker triggering a DoS with a malicious upload or series of uploads.




Note that, like all of the file upload limits, the
          new configuration option (FileUploadBase#setFileCountMax) is not
          enabled by default and must be explicitly configured.",HIGH,org.apache.tomcat.embed:tomcat-embed-core,7.5,"10.1.5, 11.0.0-M5, 8.5.88, 9.0.71",Java,"http://www.openwall.com/lists/oss-security/2023/05/22/1, https://access.redhat.com/errata/RHSA-2023:6570",2023-02-20T16:15:10.423Z,['Trivy'],Trivy,1,0.4,scanner_consensus_v1,"['Java', 'pom.xml']",cve,CVE-2023-24998,['Trivy'],,0,Unknown,,0.48788,0.98806,0,tomcat-embed-core,pkg:maven/org.apache.tomcat.embed/tomcat-embed-core@9.0.113?type=jar,9.0.113,,name_suffix,farahh448/timesheet-devops,sha256:7b0272947968067c8962590fa528cd14c1110e7c62c0023979032d2e3affeae4,,,timesheet-devops,image_digest,1.0,FALSE,"[""no Ingress"", ""no LoadBalancer/NodePort externe confirme"", ""Service/timesheet-devops type=ClusterIP""]",0,0,1,7,prod,platform,default,['internal-service'],0,0,1,0,0,[],[],99,[],True,False,0.0,timesheet-devops,0,0,[],42.5,1,deployment,0.0,70,7.5,0.48788,0.25,18.816,0.01,32.373657764454315,25.4928035736084,39.25451195530023,3,0.0007823356,29.281817938246466,14.64130013691549,29.281035602646465,0,16.3,27.0,0.0,VERY_LOW,"[{""feature"": ""time_decay_factor"", ""impact"": -41.011, ""feature_value"": 0.25, ""direction"": ""lowers_risk""}, {""feature"": ""cvss_numeric"", ""impact"": -3.397, ""feature_value"": 7.5, ""direction"": ""lowers_risk""}, {""feature"": ""severity_score"", ""impact"": 3.363, ""feature_value"": 70.0, ""direction"": ""raises_risk""}, {""feature"": ""epss_numeric"", ""impact"": -2.784, ""feature_value"": 0.4879, ""direction"": ""lowers_risk""}, {""feature"": ""confidence_score"", ""impact"": -0.634, ""feature_value"": 0.4, ""direction"": ""lowers_risk""}]",P5_BACKLOG,19.03290784239788,0,
CVE-2023-44487,finding/v7.1,vulnerability,9.0.52,8.5.94,CVE-2023-44487,,,,,Denial of Service (DoS),"## Overview
[org.apache.tomcat.embed:tomcat-embed-core](https://mvnrepository.com/artifact/org.apache.tomcat.embed/tomcat-embed-core) is a Core Tomcat implementation.

Affected versions of this package are vulnerable to Denial of Service (DoS) in the implementation of the HTTP/2 protocol. An attacker can cause a denial of service (including via DDoS) by rapidly resetting many streams through request cancellation.
## Remediation
Upgrade `org.apache.tomcat.embed:tomcat-embed-core` to version 8.5.94, 9.0.81, 10.1.14, 11.0.0-M12 or higher.
## References
- [Github Commit](https://github.com/helidon-io/helidon/commit/58f43670086e530750c7cb74b0bec92bf5189c79)
- [Github Commit](https://github.com/pgjones/hypercorn/commit/7c39c68b61012a3c30979176080861c8b00fb229)
- [GitHub Commit](https://github.com/akka/akka-http/commit/1f29fe6a8567c57dfe848a21ae883304cce5646d)
- [GitHub Commit](https://github.com/apache/tomcat/commit/76bb4bfbfeae827dce896f650655bbf6e251ed49)
- [GitHub Commit](https://github.com/apache/tomcat/commit/9cdfe25bad707f34b3e5da2994f3f1952a163c3e)
- [GitHub Commit](https://github.com/eclipse/jetty.project/commit/dbb94514dc9d3fb21fe92080f57c314e7e06a148)
- [GitHub Commit](https://github.com/gravitational/teleport/commit/15f34f927a45130408eb16ed09af5620270d4d1f)
- [GitHub Commit](https://github.com/h2o/h2o/commit/28fe15117b909588bf14269a0e1c6ec4548579fe)
- [GitHub Commit](https://github.com/kubernetes/apimachinery/commit/be9188050914374ee8128239e5a2e5998d7897f5)
- [GitHub Commit](https://github.com/netty/netty/commit/58f75f665aa81a8cbcf6ffa74820042a285c5e61)
- [GitHub Commit](https://github.com/nghttp2/nghttp2/commit/72b4af6143681f528f1d237b21a9a7aee1738832)
- [GitHub Commit](https://github.com/operator-framework/operator-lifecycle-manager/commit/9ec03f07f942dc9cef736957fa152e39157d6e13)
- [Snyk Blog](https://snyk.io/blog/find-fix-http-2-rapid-reset-zero-day-vulnerability-cve-2023-44487/)
- [Vulnerability Discovery](https://blog.cloudflare.com/technical-breakdown-http2-rapid-reset-ddos-attack/)
- [Vulnerability Explanation](https://cloud.google.com/blog/products/identity-security/how-it-works-the-novel-http2-rapid-reset-ddos-attack)
- [CISA - Known Exploited Vulnerabilities](https://www.cisa.gov/known-exploited-vulnerabilities-catalog)
- [PoC in GitHub](https://github.com/Appsynergy-io/CVE-2023-44487)
- [Exploit DB](https://www.exploit-db.com/exploits/52426)
",CRITICAL,org.apache.tomcat.embed:tomcat-embed-core,8.7,8.5.94,tn.esprit.spring.services:timesheet-devops@1.0,,,['Snyk'],Snyk,1,0.4,scanner_consensus_v1,['tn.esprit.spring.services:timesheet-devops@1.0'],cve,CVE-2023-44487,['Snyk'],,1,Unknown,2023-10-31,0.99999,0.99999,1,tomcat-embed-core,pkg:maven/org.apache.tomcat.embed/tomcat-embed-core@9.0.113?type=jar,9.0.113,,name_suffix,farahh448/timesheet-devops,sha256:7b0272947968067c8962590fa528cd14c1110e7c62c0023979032d2e3affeae4,,,timesheet-devops,image_digest,1.0,FALSE,"[""no Ingress"", ""no LoadBalancer/NodePort externe confirme"", ""Service/timesheet-devops type=ClusterIP""]",0,0,1,7,prod,platform,default,['internal-service'],0,0,1,0,0,[],[],99,[],True,False,0.0,timesheet-devops,0,0,[],79.0,1,deployment,65.0,90,8.7,0.99999,0.8,100.0,0.01,70.44752115051611,80.48040008544922,60.41464221558301,0,64.99981,41.252139097349,53.12597418124286,23.747670902650995,0,71.9,82.3,0.722,HIGH,"[{""feature"": ""severity_score"", ""impact"": 10.009, ""feature_value"": 90.0, ""direction"": ""raises_risk""}, {""feature"": ""time_decay_factor"", ""impact"": 9.06, ""feature_value"": 0.8, ""direction"": ""raises_risk""}, {""feature"": ""epss_numeric"", ""impact"": 2.195, ""feature_value"": 1.0, ""direction"": ""raises_risk""}, {""feature"": ""confidence_score"", ""impact"": -1.327, ""feature_value"": 0.4, ""direction"": ""lowers_risk""}, {""feature"": ""cvss_numeric"", ""impact"": 0.598, ""feature_value"": 8.7, ""direction"": ""raises_risk""}]",P1_24H,57.811627705698356,0,
CVE-2023-46589,finding/v7.1,vulnerability,9.0.52,8.5.96,CVE-2023-46589,,,,,Improper Input Validation,"## Overview
[org.apache.tomcat.embed:tomcat-embed-core](https://mvnrepository.com/artifact/org.apache.tomcat.embed/tomcat-embed-core) is a Core Tomcat implementation.

Affected versions of this package are vulnerable to Improper Input Validation due to the improper parsing of HTTP trailer headers. An attacker can manipulate the server into treating a single request as multiple requests by sending a trailer header that exceeds the header size limit. This could lead to request smuggling when the server is behind a reverse proxy.
## Remediation
Upgrade `org.apache.tomcat.embed:tomcat-embed-core` to version 8.5.96, 9.0.83, 10.1.16, 11.0.0-M10 or higher.
## References
- [Apache Tomcat Advisory](https://lists.apache.org/thread/0rqq6ktozqc42ro8hhxdmmdjm1k1tpxr)
- [Apache Tomcat Advisory](https://tomcat.apache.org/security-10.html)
- [Apache Tomcat Advisory](https://tomcat.apache.org/security-11.html)
- [Apache Tomcat Advisory](https://tomcat.apache.org/security-8.html)
- [Apache Tomcat Advisory](https://tomcat.apache.org/security-9.html)
- [GitHub Commit](https://github.com/apache/tomcat/commit/6f181e1062a472bc5f0234980f66cbde42c1041b)
- [GitHub Commit](https://github.com/apache/tomcat/commit/7a2d8818fcea0b51747a67af9510ce7977245ebd)
- [GitHub Commit](https://github.com/apache/tomcat/commit/aa92971e879a519384c517febc39fd04c48d4642)
- [GitHub Commit](https://github.com/apache/tomcat/commit/b5776d769bffeade865061bc8ecbeb2b56167b08)
",HIGH,org.apache.tomcat.embed:tomcat-embed-core,8.6,8.5.96,tn.esprit.spring.services:timesheet-devops@1.0,,,['Snyk'],Snyk,1,0.6,scanner_consensus_v1,"['tn.esprit.spring.services:timesheet-devops@1.0', 'Java', 'pom.xml']",cve,CVE-2023-46589,['Snyk'],,0,Unknown,,0.02651,0.84777,0,tomcat-embed-core,pkg:maven/org.apache.tomcat.embed/tomcat-embed-core@9.0.113?type=jar,9.0.113,,name_suffix,farahh448/timesheet-devops,sha256:7b0272947968067c8962590fa528cd14c1110e7c62c0023979032d2e3affeae4,,,timesheet-devops,image_digest,1.0,FALSE,"[""no Ingress"", ""no LoadBalancer/NodePort externe confirme"", ""Service/timesheet-devops type=ClusterIP""]",0,0,1,7,prod,platform,default,['internal-service'],0,0,1,0,0,[],[],99,[],True,False,0.0,timesheet-devops,0,0,[],33.3,1,deployment,66.0,70,8.6,0.02651,0.8,65.2288,0.01,64.50494893596834,64.22660064697266,64.78329722496404,1,65.99803,71.16731222893438,68.58267192257266,5.169282228934378,0,67.2,64.8,0.95,VERY_HIGH,"[{""feature"": ""time_decay_factor"", ""impact"": 8.699, ""feature_value"": 0.8, ""direction"": ""raises_risk""}, {""feature"": ""severity_score"", ""impact"": 7.279, ""feature_value"": 70.0, ""direction"": ""raises_risk""}, {""feature"": ""cvss_numeric"", ""impact"": 3.681, ""feature_value"": 8.6, ""direction"": ""raises_risk""}, {""feature"": ""confidence_score"", ""impact"": 2.268, ""feature_value"": 0.6, ""direction"": ""raises_risk""}, {""feature"": ""epss_numeric"", ""impact"": -0.393, ""feature_value"": 0.0265, ""direction"": ""lowers_risk""}]",P3_7D,23.159442691238986,0,
CIS-4.2.10,finding/v7.1,cis_benchmark,,"By default, K3s automatically provides the TLS certificate and private key for the Kubelet.
They are generated and located at /var/lib/rancher/k3s/agent/serving-kubelet.crt and /var/lib/rancher/k3s/ag",,,,,,Ensure that the --tls-cert-file and --tls-private-key-file arguments are set as appropriate (Automated),"Ensure that the --tls-cert-file and --tls-private-key-file arguments are set as appropriate (Automated) | remediation: By default, K3s automatically provides the TLS certificate and private key for the Kubelet.
They are generated and located at /var/lib/rancher/k3s/agent/serving-kubelet.crt and /var/lib/rancher/k3s/agent/serving-kubelet.key
If for some reason you need to provide your own certificate and key, you can set the
below parameters in the K3s config file /etc/rancher/k3s/config.yaml.
kubelet-arg:
  - ""tls",HIGH,Kubelet,,"By default, K3s automatically provides the TLS certificate and private key for the Kubelet.
They are generated and located at /var/lib/rancher/k3s/agent/serving-kubelet.crt and /var/lib/rancher/k3s/ag",node,https://www.cisecurity.org/benchmark/kubernetes,,['kube-bench'],kube-bench,1,0.4,scanner_consensus_v1,['node'],image_pkg,node::kubelet::CIS-4.2.10,['kube-bench'],,0,Unknown,,0.0,0.0,0,,,,,unmatched,,,,,unresolved,unresolved,0.0,UNKNOWN,"[""asset non resolu""]",0,1,0,5,unknown,unknown,,[],0,0,1,0,0,[],[],99,[],False,True,,unresolved,0,0,[],0.0,0,unresolved,,70,5.0,0.0,0.8,53.760000000000005,0.01,,,,-1,37.868465,28.80290282398244,33.33568412378321,9.065562176017561,0,41.5,,0.133,VERY_LOW,"[{""feature"": ""cvss_numeric"", ""impact"": -12.457, ""feature_value"": 5.0, ""direction"": ""lowers_risk""}, {""feature"": ""severity_score"", ""impact"": 8.191, ""feature_value"": 70.0, ""direction"": ""raises_risk""}, {""feature"": ""epss_numeric"", ""impact"": -4.712, ""feature_value"": 0.0, ""direction"": ""lowers_risk""}, {""feature"": ""time_decay_factor"", ""impact"": 4.086, ""feature_value"": 0.8, ""direction"": ""raises_risk""}, {""feature"": ""confidence_score"", ""impact"": -1.705, ""feature_value"": 0.4, ""direction"": ""lowers_risk""}]",P4_30D,14.533486325143743,0,
GHSA-fccv-jmmp-qg76,finding/v7.1,vulnerability,9.0.52,9.0.83,,,,,,Apache Tomcat Improper Input Validation vulnerability,Apache Tomcat Improper Input Validation vulnerability,HIGH,tomcat-embed-core,7.5,9.0.83,tomcat-embed-core v9.0.52,https://github.com/advisories/GHSA-fccv-jmmp-qg76,,['Grype'],Grype,1,0.4,scanner_consensus_v1,['tomcat-embed-core v9.0.52'],pkg_version,tomcat-embed-core@9.0.52::GHSA-FCCV-JMMP-QG76,['Grype'],,0,Unknown,,0.0,0.0,0,tomcat-embed-core,pkg:maven/org.apache.tomcat.embed/tomcat-embed-core@9.0.113?type=jar,9.0.113,,name,farahh448/timesheet-devops,sha256:7b0272947968067c8962590fa528cd14c1110e7c62c0023979032d2e3affeae4,,,timesheet-devops,image_digest,1.0,FALSE,"[""no Ingress"", ""no LoadBalancer/NodePort externe confirme"", ""Service/timesheet-devops type=ClusterIP""]",0,0,1,7,prod,platform,default,['internal-service'],0,0,1,0,0,[],[],99,[],True,False,0.0,timesheet-devops,0,0,[],32.8,1,deployment,,70,7.5,0.0,0.8,60.211200000000005,0.01,,,,-1,47.559147,35.334123156401105,41.44663501875231,12.225023843598898,0,49.0,,0.5,MEDIUM,"[{""feature"": ""severity_score"", ""impact"": 4.989, ""feature_value"": 70.0, ""direction"": ""raises_risk""}, {""feature"": ""time_decay_factor"", ""impact"": 4.985, ""feature_value"": 0.8, ""direction"": ""raises_risk""}, {""feature"": ""epss_numeric"", ""impact"": -3.743, ""feature_value"": 0.0, ""direction"": ""lowers_risk""}, {""feature"": ""cvss_numeric"", ""impact"": -1.608, ""feature_value"": 7.5, ""direction"": ""lowers_risk""}, {""feature"": ""confidence_score"", ""impact"": -1.528, ""feature_value"": 0.4, ""direction"": ""lowers_risk""}]",P4_30D,18.54650242742514,0,
GHSA-hgjh-9rj2-g67j,finding/v7.1,vulnerability,5.3.9,5.3.33,,,,,,Spring Framework URL Parsing with Host Validation Vulnerability,Spring Framework URL Parsing with Host Validation Vulnerability,HIGH,spring-web,8.1,5.3.33,spring-web v5.3.9,https://github.com/advisories/GHSA-hgjh-9rj2-g67j,,['Grype'],Grype,1,0.4,scanner_consensus_v1,['spring-web v5.3.9'],pkg_version,spring-web@5.3.9::GHSA-HGJH-9RJ2-G67J,['Grype'],,0,Unknown,,0.0,0.0,0,spring-web,pkg:maven/org.springframework/spring-web@5.3.39?type=jar,5.3.39,,name,farahh448/timesheet-devops,sha256:7b0272947968067c8962590fa528cd14c1110e7c62c0023979032d2e3affeae4,,,timesheet-devops,image_digest,1.0,FALSE,"[""no Ingress"", ""no LoadBalancer/NodePort externe confirme"", ""Service/timesheet-devops type=ClusterIP""]",0,0,1,7,prod,platform,default,['internal-service'],0,0,1,0,0,[],[],99,[],True,False,0.0,timesheet-devops,0,0,[],32.8,1,deployment,,70,8.1,0.0,0.8,60.211200000000005,0.01,,,,-1,49.9649,35.334123156401105,42.649512063430045,14.630776843598895,0,49.7,,0.5,MEDIUM,"[{""feature"": ""epss_numeric"", ""impact"": -5.563, ""feature_value"": 0.0, ""direction"": ""lowers_risk""}, {""feature"": ""time_decay_factor"", ""impact"": 5.355, ""feature_value"": 0.8, ""direction"": ""raises_risk""}, {""feature"": ""severity_score"", ""impact"": 4.892, ""feature_value"": 70.0, ""direction"": ""raises_risk""}, {""feature"": ""cvss_numeric"", ""impact"": 1.964, ""feature_value"": 8.1, ""direction"": ""raises_risk""}, {""feature"": ""confidence_score"", ""impact"": -1.148, ""feature_value"": 0.4, ""direction"": ""lowers_risk""}]",P4_30D,20.11024204082846,0,
GHSA-ccgv-vj62-xf9h,finding/v7.1,vulnerability,5.3.9,5.3.32,,,,,,Spring Web vulnerable to Open Redirect or Server Side Request Forgery,Spring Web vulnerable to Open Redirect or Server Side Request Forgery,HIGH,spring-web,8.1,5.3.32,spring-web v5.3.9,https://github.com/advisories/GHSA-ccgv-vj62-xf9h,,['Grype'],Grype,1,0.4,scanner_consensus_v1,['spring-web v5.3.9'],pkg_version,spring-web@5.3.9::GHSA-CCGV-VJ62-XF9H,['Grype'],,0,Unknown,,0.0,0.0,0,spring-web,pkg:maven/org.springframework/spring-web@5.3.39?type=jar,5.3.39,,name,farahh448/timesheet-devops,sha256:7b0272947968067c8962590fa528cd14c1110e7c62c0023979032d2e3affeae4,,,timesheet-devops,image_digest,1.0,FALSE,"[""no Ingress"", ""no LoadBalancer/NodePort externe confirme"", ""Service/timesheet-devops type=ClusterIP""]",0,0,1,7,prod,platform,default,['internal-service'],0,0,1,0,0,[],[],99,[],True,False,0.0,timesheet-devops,0,0,[],32.8,1,deployment,,70,8.1,0.0,0.8,60.211200000000005,0.01,,,,-1,49.9649,35.334123156401105,42.649512063430045,14.630776843598895,0,49.7,,0.5,MEDIUM,"[{""feature"": ""epss_numeric"", ""impact"": -5.563, ""feature_value"": 0.0, ""direction"": ""lowers_risk""}, {""feature"": ""time_decay_factor"", ""impact"": 5.355, ""feature_value"": 0.8, ""direction"": ""raises_risk""}, {""feature"": ""severity_score"", ""impact"": 4.892, ""feature_value"": 70.0, ""direction"": ""raises_risk""}, {""feature"": ""cvss_numeric"", ""impact"": 1.964, ""feature_value"": 8.1, ""direction"": ""raises_risk""}, {""feature"": ""confidence_score"", ""impact"": -1.148, ""feature_value"": 0.4, ""direction"": ""lowers_risk""}]",P4_30D,20.11024204082846,0,
GHSA-27hp-xhwr-wr2m,finding/v7.1,vulnerability,9.0.52,9.0.98,,,,,,Apache Tomcat Time-of-check Time-of-use (TOCTOU) Race Condition vulnerability,Apache Tomcat Time-of-check Time-of-use (TOCTOU) Race Condition vulnerability,HIGH,tomcat-embed-core,7.2,9.0.98,tomcat-embed-core v9.0.52,https://github.com/advisories/GHSA-27hp-xhwr-wr2m,,['Grype'],Grype,1,0.4,scanner_consensus_v1,['tomcat-embed-core v9.0.52'],pkg_version,tomcat-embed-core@9.0.52::GHSA-27HP-XHWR-WR2M,['Grype'],,0,Unknown,,0.0,0.0,0,tomcat-embed-core,pkg:maven/org.apache.tomcat.embed/tomcat-embed-core@9.0.113?type=jar,9.0.113,,name,farahh448/timesheet-devops,sha256:7b0272947968067c8962590fa528cd14c1110e7c62c0023979032d2e3affeae4,,,timesheet-devops,image_digest,1.0,FALSE,"[""no Ingress"", ""no LoadBalancer/NodePort externe confirme"", ""Service/timesheet-devops type=ClusterIP""]",0,0,1,7,prod,platform,default,['internal-service'],0,0,1,0,0,[],[],99,[],True,False,0.0,timesheet-devops,0,0,[],32.8,1,deployment,,70,7.2,0.0,0.8,60.211200000000005,0.01,,,,-1,47.83223,28.80290282398244,38.31756621912013,19.029327176017564,0,47.1,,0.133,VERY_LOW,"[{""feature"": ""time_decay_factor"", ""impact"": 4.996, ""feature_value"": 0.8, ""direction"": ""raises_risk""}, {""feature"": ""severity_score"", ""impact"": 4.962, ""feature_value"": 70.0, ""direction"": ""raises_risk""}, {""feature"": ""epss_numeric"", ""impact"": -3.917, ""feature_value"": 0.0, ""direction"": ""lowers_risk""}, {""feature"": ""confidence_score"", ""impact"": -1.581, ""feature_value"": 0.4, ""direction"": ""lowers_risk""}, {""feature"": ""cvss_numeric"", ""impact"": -1.093, ""feature_value"": 7.2, ""direction"": ""lowers_risk""}]",P4_30D,21.00993345374482,0,
GHSA-5j33-cvvr-w245,finding/v7.1,vulnerability,9.0.52,9.0.98,,,,,,Apache Tomcat Time-of-check Time-of-use (TOCTOU) Race Condition vulnerability,Apache Tomcat Time-of-check Time-of-use (TOCTOU) Race Condition vulnerability,HIGH,tomcat-embed-core,9.8,9.0.98,tomcat-embed-core v9.0.52,https://github.com/advisories/GHSA-5j33-cvvr-w245,,['Grype'],Grype,1,0.4,scanner_consensus_v1,['tomcat-embed-core v9.0.52'],pkg_version,tomcat-embed-core@9.0.52::GHSA-5J33-CVVR-W245,['Grype'],,0,Unknown,,0.0,0.0,0,tomcat-embed-core,pkg:maven/org.apache.tomcat.embed/tomcat-embed-core@9.0.113?type=jar,9.0.113,,name,farahh448/timesheet-devops,sha256:7b0272947968067c8962590fa528cd14c1110e7c62c0023979032d2e3affeae4,,,timesheet-devops,image_digest,1.0,FALSE,"[""no Ingress"", ""no LoadBalancer/NodePort externe confirme"", ""Service/timesheet-devops type=ClusterIP""]",0,0,1,7,prod,platform,default,['internal-service'],0,0,1,0,0,[],[],99,[],True,False,0.0,timesheet-devops,0,0,[],32.8,1,deployment,40.0,70,9.8,0.0,0.8,60.211200000000005,0.01,47.95650446849912,51.98424530029297,43.92876363670526,1,40.002785,47.27675522587585,43.63976997743988,7.27397022587585,0,50.3,52.9,0.5,MEDIUM,"[{""feature"": ""cvss_numeric"", ""impact"": -5.668, ""feature_value"": 9.8, ""direction"": ""lowers_risk""}, {""feature"": ""time_decay_factor"", ""impact"": 4.697, ""feature_value"": 0.8, ""direction"": ""raises_risk""}, {""feature"": ""epss_numeric"", ""impact"": -3.915, ""feature_value"": 0.0, ""direction"": ""lowers_risk""}, {""feature"": ""severity_score"", ""impact"": 1.065, ""feature_value"": 70.0, ""direction"": ""raises_risk""}, {""feature"": ""confidence_score"", ""impact"": -0.641, ""feature_value"": 0.4, ""direction"": ""lowers_risk""}]",P3_7D,16.72891610616989,0,
GHSA-wm9w-rjj3-j356,finding/v7.1,vulnerability,9.0.52,9.0.90,,,,,,Apache Tomcat - Denial of Service,Apache Tomcat - Denial of Service,HIGH,tomcat-embed-core,7.5,9.0.90,tomcat-embed-core v9.0.52,https://github.com/advisories/GHSA-wm9w-rjj3-j356,,['Grype'],Grype,1,0.4,scanner_consensus_v1,['tomcat-embed-core v9.0.52'],pkg_version,tomcat-embed-core@9.0.52::GHSA-WM9W-RJJ3-J356,['Grype'],,0,Unknown,,0.0,0.0,0,tomcat-embed-core,pkg:maven/org.apache.tomcat.embed/tomcat-embed-core@9.0.113?type=jar,9.0.113,,name,farahh448/timesheet-devops,sha256:7b0272947968067c8962590fa528cd14c1110e7c62c0023979032d2e3affeae4,,,timesheet-devops,image_digest,1.0,FALSE,"[""no Ingress"", ""no LoadBalancer/NodePort externe confirme"", ""Service/timesheet-devops type=ClusterIP""]",0,0,1,7,prod,platform,default,['internal-service'],0,0,1,0,0,[],[],99,[],True,False,0.0,timesheet-devops,0,0,[],32.8,1,deployment,,70,7.5,0.0,0.8,60.211200000000005,0.01,,,,-1,47.559147,35.334123156401105,41.44663501875231,12.225023843598898,0,49.0,,0.5,MEDIUM,"[{""feature"": ""severity_score"", ""impact"": 4.989, ""feature_value"": 70.0, ""direction"": ""raises_risk""}, {""feature"": ""time_decay_factor"", ""impact"": 4.985, ""feature_value"": 0.8, ""direction"": ""raises_risk""}, {""feature"": ""epss_numeric"", ""impact"": -3.743, ""feature_value"": 0.0, ""direction"": ""lowers_risk""}, {""feature"": ""cvss_numeric"", ""impact"": -1.608, ""feature_value"": 7.5, ""direction"": ""lowers_risk""}, {""feature"": ""confidence_score"", ""impact"": -1.528, ""feature_value"": 0.4, ""direction"": ""lowers_risk""}]",P4_30D,18.54650242742514,0,
GHSA-g5mm-vmx4-3rg7,finding/v7.1,vulnerability,5.3.9,5.3.19,,,,,,Improper handling of case sensitivity in Spring Framework,Improper handling of case sensitivity in Spring Framework,HIGH,spring-context,7.5,5.3.19,spring-context v5.3.9,https://github.com/advisories/GHSA-g5mm-vmx4-3rg7,,['Grype'],Grype,1,0.4,scanner_consensus_v1,['spring-context v5.3.9'],pkg_version,spring-context@5.3.9::GHSA-G5MM-VMX4-3RG7,['Grype'],,0,Unknown,,0.0,0.0,0,spring-context,pkg:maven/org.springframework/spring-context@5.3.39?type=jar,5.3.39,,name,farahh448/timesheet-devops,sha256:7b0272947968067c8962590fa528cd14c1110e7c62c0023979032d2e3affeae4,,,timesheet-devops,image_digest,1.0,FALSE,"[""no Ingress"", ""no LoadBalancer/NodePort externe confirme"", ""Service/timesheet-devops type=ClusterIP""]",0,0,1,7,prod,platform,default,['internal-service'],0,0,1,0,0,[],[],99,[],True,False,0.0,timesheet-devops,0,0,[],32.8,1,deployment,,70,7.5,0.0,0.8,60.211200000000005,0.01,,,,-1,47.559147,35.334123156401105,41.44663501875231,12.225023843598898,0,49.0,,0.5,MEDIUM,"[{""feature"": ""severity_score"", ""impact"": 4.989, ""feature_value"": 70.0, ""direction"": ""raises_risk""}, {""feature"": ""time_decay_factor"", ""impact"": 4.985, ""feature_value"": 0.8, ""direction"": ""raises_risk""}, {""feature"": ""epss_numeric"", ""impact"": -3.743, ""feature_value"": 0.0, ""direction"": ""lowers_risk""}, {""feature"": ""cvss_numeric"", ""impact"": -1.608, ""feature_value"": 7.5, ""direction"": ""lowers_risk""}, {""feature"": ""confidence_score"", ""impact"": -1.528, ""feature_value"": 0.4, ""direction"": ""lowers_risk""}]",P4_30D,18.54650242742514,0,
GHSA-2wrp-6fg6-hmc5,finding/v7.1,vulnerability,5.3.9,5.3.34,,,,,,Spring Framework URL Parsing with Host Validation,Spring Framework URL Parsing with Host Validation,HIGH,spring-web,8.1,5.3.34,spring-web v5.3.9,https://github.com/advisories/GHSA-2wrp-6fg6-hmc5,,['Grype'],Grype,1,0.4,scanner_consensus_v1,['spring-web v5.3.9'],pkg_version,spring-web@5.3.9::GHSA-2WRP-6FG6-HMC5,['Grype'],,0,Unknown,,0.0,0.0,0,spring-web,pkg:maven/org.springframework/spring-web@5.3.39?type=jar,5.3.39,,name,farahh448/timesheet-devops,sha256:7b0272947968067c8962590fa528cd14c1110e7c62c0023979032d2e3affeae4,,,timesheet-devops,image_digest,1.0,FALSE,"[""no Ingress"", ""no LoadBalancer/NodePort externe confirme"", ""Service/timesheet-devops type=ClusterIP""]",0,0,1,7,prod,platform,default,['internal-service'],0,0,1,0,0,[],[],99,[],True,False,0.0,timesheet-devops,0,0,[],32.8,1,deployment,,70,8.1,0.0,0.8,60.211200000000005,0.01,,,,-1,49.9649,35.334123156401105,42.649512063430045,14.630776843598895,0,49.7,,0.5,MEDIUM,"[{""feature"": ""epss_numeric"", ""impact"": -5.563, ""feature_value"": 0.0, ""direction"": ""lowers_risk""}, {""feature"": ""time_decay_factor"", ""impact"": 5.355, ""feature_value"": 0.8, ""direction"": ""raises_risk""}, {""feature"": ""severity_score"", ""impact"": 4.892, ""feature_value"": 70.0, ""direction"": ""raises_risk""}, {""feature"": ""cvss_numeric"", ""impact"": 1.964, ""feature_value"": 8.1, ""direction"": ""raises_risk""}, {""feature"": ""confidence_score"", ""impact"": -1.148, ""feature_value"": 0.4, ""direction"": ""lowers_risk""}]",P4_30D,20.11024204082846,0,
GHSA-3mc7-4q67-w48m,finding/v7.1,vulnerability,1.28,1.31,,,,,,Uncontrolled Resource Consumption in snakeyaml,Uncontrolled Resource Consumption in snakeyaml,HIGH,snakeyaml,7.5,1.31,snakeyaml v1.28,https://github.com/advisories/GHSA-3mc7-4q67-w48m,,['Grype'],Grype,1,0.4,scanner_consensus_v1,['snakeyaml v1.28'],pkg_version,snakeyaml@1.28::GHSA-3MC7-4Q67-W48M,['Grype'],,0,Unknown,,0.0,0.0,0,snakeyaml,pkg:maven/org.yaml/snakeyaml@1.28?type=jar,1.28,,name_version,farahh448/timesheet-devops,sha256:7b0272947968067c8962590fa528cd14c1110e7c62c0023979032d2e3affeae4,,,timesheet-devops,image_digest,1.0,FALSE,"[""no Ingress"", ""no LoadBalancer/NodePort externe confirme"", ""Service/timesheet-devops type=ClusterIP""]",0,0,1,7,prod,platform,default,['internal-service'],0,0,1,0,0,[],[],99,[],True,False,0.0,timesheet-devops,0,0,[],32.8,1,deployment,,70,7.5,0.0,0.8,60.211200000000005,0.01,,,,-1,47.559147,35.334123156401105,41.44663501875231,12.225023843598898,0,49.0,,0.5,MEDIUM,"[{""feature"": ""severity_score"", ""impact"": 4.989, ""feature_value"": 70.0, ""direction"": ""raises_risk""}, {""feature"": ""time_decay_factor"", ""impact"": 4.985, ""feature_value"": 0.8, ""direction"": ""raises_risk""}, {""feature"": ""epss_numeric"", ""impact"": -3.743, ""feature_value"": 0.0, ""direction"": ""lowers_risk""}, {""feature"": ""cvss_numeric"", ""impact"": -1.608, ""feature_value"": 7.5, ""direction"": ""lowers_risk""}, {""feature"": ""confidence_score"", ""impact"": -1.528, ""feature_value"": 0.4, ""direction"": ""lowers_risk""}]",P4_30D,18.54650242742514,0,
GHSA-wxqc-pxw9-g2p8,finding/v7.1,vulnerability,5.3.9,5.3.27,,,,,,Spring Framework vulnerable to denial of service,Spring Framework vulnerable to denial of service,HIGH,spring-expression,7.5,5.3.27,spring-expression v5.3.9,https://github.com/advisories/GHSA-wxqc-pxw9-g2p8,,['Grype'],Grype,1,0.4,scanner_consensus_v1,['spring-expression v5.3.9'],pkg_version,spring-expression@5.3.9::GHSA-WXQC-PXW9-G2P8,['Grype'],,0,Unknown,,0.0,0.0,0,spring-expression,pkg:maven/org.springframework/spring-expression@5.3.39?type=jar,5.3.39,,name,farahh448/timesheet-devops,sha256:7b0272947968067c8962590fa528cd14c1110e7c62c0023979032d2e3affeae4,,,timesheet-devops,image_digest,1.0,FALSE,"[""no Ingress"", ""no LoadBalancer/NodePort externe confirme"", ""Service/timesheet-devops type=ClusterIP""]",0,0,1,7,prod,platform,default,['internal-service'],0,0,1,0,0,[],[],99,[],True,False,0.0,timesheet-devops,0,0,[],32.8,1,deployment,,70,7.5,0.0,0.8,60.211200000000005,0.01,,,,-1,47.559147,35.334123156401105,41.44663501875231,12.225023843598898,0,49.0,,0.5,MEDIUM,"[{""feature"": ""severity_score"", ""impact"": 4.989, ""feature_value"": 70.0, ""direction"": ""raises_risk""}, {""feature"": ""time_decay_factor"", ""impact"": 4.985, ""feature_value"": 0.8, ""direction"": ""raises_risk""}, {""feature"": ""epss_numeric"", ""impact"": -3.743, ""feature_value"": 0.0, ""direction"": ""lowers_risk""}, {""feature"": ""cvss_numeric"", ""impact"": -1.608, ""feature_value"": 7.5, ""direction"": ""lowers_risk""}, {""feature"": ""confidence_score"", ""impact"": -1.528, ""feature_value"": 0.4, ""direction"": ""lowers_risk""}]",P4_30D,18.54650242742514,0,
GHSA-m6vm-37g8-gqvh,finding/v7.1,vulnerability,8.0.26,No fix,,,,,,MySQL Connectors takeover vulnerability,MySQL Connectors takeover vulnerability,HIGH,mysql-connector-java,8.3,No fix,mysql-connector-java v8.0.26,https://github.com/advisories/GHSA-m6vm-37g8-gqvh,,['Grype'],Grype,1,0.4,scanner_consensus_v1,['mysql-connector-java v8.0.26'],pkg_version,mysql-connector-java@8.0.26::GHSA-M6VM-37G8-GQVH,['Grype'],,0,Unknown,,0.0,0.0,0,mysql-connector-java,pkg:maven/mysql/mysql-connector-java@8.0.26?type=jar,8.0.26,,name_version,farahh448/timesheet-devops,sha256:7b0272947968067c8962590fa528cd14c1110e7c62c0023979032d2e3affeae4,,,timesheet-devops,image_digest,1.0,FALSE,"[""no Ingress"", ""no LoadBalancer/NodePort externe confirme"", ""Service/timesheet-devops type=ClusterIP""]",0,0,1,7,prod,platform,default,['internal-service'],0,0,1,0,0,[],[],99,[],True,False,0.0,timesheet-devops,0,0,[],32.8,1,deployment,,70,8.3,0.0,0.8,60.211200000000005,0.01,,,,-1,49.9649,35.334123156401105,42.649512063430045,14.630776843598895,0,49.7,,0.5,MEDIUM,"[{""feature"": ""epss_numeric"", ""impact"": -5.563, ""feature_value"": 0.0, ""direction"": ""lowers_risk""}, {""feature"": ""time_decay_factor"", ""impact"": 5.355, ""feature_value"": 0.8, ""direction"": ""raises_risk""}, {""feature"": ""severity_score"", ""impact"": 4.892, ""feature_value"": 70.0, ""direction"": ""raises_risk""}, {""feature"": ""cvss_numeric"", ""impact"": 1.964, ""feature_value"": 8.3, ""direction"": ""raises_risk""}, {""feature"": ""confidence_score"", ""impact"": -1.148, ""feature_value"": 0.4, ""direction"": ""lowers_risk""}]",P4_30D,20.11024204082846,0,
GHSA-hfrx-6qgj-fp6c,finding/v7.1,vulnerability,9.0.52,9.0.71,,,,,,Apache Commons FileUpload denial of service vulnerability,Apache Commons FileUpload denial of service vulnerability,HIGH,tomcat-embed-core,7.5,9.0.71,tomcat-embed-core v9.0.52,https://github.com/advisories/GHSA-hfrx-6qgj-fp6c,,['Grype'],Grype,1,0.4,scanner_consensus_v1,['tomcat-embed-core v9.0.52'],pkg_version,tomcat-embed-core@9.0.52::GHSA-HFRX-6QGJ-FP6C,['Grype'],,0,Unknown,,0.0,0.0,0,tomcat-embed-core,pkg:maven/org.apache.tomcat.embed/tomcat-embed-core@9.0.113?type=jar,9.0.113,,name,farahh448/timesheet-devops,sha256:7b0272947968067c8962590fa528cd14c1110e7c62c0023979032d2e3affeae4,,,timesheet-devops,image_digest,1.0,FALSE,"[""no Ingress"", ""no LoadBalancer/NodePort externe confirme"", ""Service/timesheet-devops type=ClusterIP""]",0,0,1,7,prod,platform,default,['internal-service'],0,0,1,0,0,[],[],99,[],True,False,0.0,timesheet-devops,0,0,[],32.8,1,deployment,,70,7.5,0.0,0.8,60.211200000000005,0.01,,,,-1,47.559147,35.334123156401105,41.44663501875231,12.225023843598898,0,49.0,,0.5,MEDIUM,"[{""feature"": ""severity_score"", ""impact"": 4.989, ""feature_value"": 70.0, ""direction"": ""raises_risk""}, {""feature"": ""time_decay_factor"", ""impact"": 4.985, ""feature_value"": 0.8, ""direction"": ""raises_risk""}, {""feature"": ""epss_numeric"", ""impact"": -3.743, ""feature_value"": 0.0, ""direction"": ""lowers_risk""}, {""feature"": ""cvss_numeric"", ""impact"": -1.608, ""feature_value"": 7.5, ""direction"": ""lowers_risk""}, {""feature"": ""confidence_score"", ""impact"": -1.528, ""feature_value"": 0.4, ""direction"": ""lowers_risk""}]",P4_30D,18.54650242742514,0,
GHSA-h3gc-qfqq-6h8f,finding/v7.1,vulnerability,9.0.52,9.0.106,,,,,,Apache Tomcat - DoS in multipart upload,Apache Tomcat - DoS in multipart upload,HIGH,tomcat-embed-core,7.5,9.0.106,tomcat-embed-core v9.0.52,https://github.com/advisories/GHSA-h3gc-qfqq-6h8f,,['Grype'],Grype,1,0.4,scanner_consensus_v1,['tomcat-embed-core v9.0.52'],pkg_version,tomcat-embed-core@9.0.52::GHSA-H3GC-QFQQ-6H8F,['Grype'],,0,Unknown,,0.0,0.0,0,tomcat-embed-core,pkg:maven/org.apache.tomcat.embed/tomcat-embed-core@9.0.113?type=jar,9.0.113,,name,farahh448/timesheet-devops,sha256:7b0272947968067c8962590fa528cd14c1110e7c62c0023979032d2e3affeae4,,,timesheet-devops,image_digest,1.0,FALSE,"[""no Ingress"", ""no LoadBalancer/NodePort externe confirme"", ""Service/timesheet-devops type=ClusterIP""]",0,0,1,7,prod,platform,default,['internal-service'],0,0,1,0,0,[],[],99,[],True,False,0.0,timesheet-devops,0,0,[],32.8,1,deployment,,70,7.5,0.0,0.8,60.211200000000005,0.01,,,,-1,47.559147,35.334123156401105,41.44663501875231,12.225023843598898,0,49.0,,0.5,MEDIUM,"[{""feature"": ""severity_score"", ""impact"": 4.989, ""feature_value"": 70.0, ""direction"": ""raises_risk""}, {""feature"": ""time_decay_factor"", ""impact"": 4.985, ""feature_value"": 0.8, ""direction"": ""raises_risk""}, {""feature"": ""epss_numeric"", ""impact"": -3.743, ""feature_value"": 0.0, ""direction"": ""lowers_risk""}, {""feature"": ""cvss_numeric"", ""impact"": -1.608, ""feature_value"": 7.5, ""direction"": ""lowers_risk""}, {""feature"": ""confidence_score"", ""impact"": -1.528, ""feature_value"": 0.4, ""direction"": ""lowers_risk""}]",P4_30D,18.54650242742514,0,
GHSA-xf96-w227-r7c4,finding/v7.1,vulnerability,2.5.4,2.5.15,,,,,,Spring Boot Welcome Page Denial of Service,Spring Boot Welcome Page Denial of Service,HIGH,spring-boot-autoconfigure,7.5,2.5.15,spring-boot-autoconfigure v2.5.4,https://github.com/advisories/GHSA-xf96-w227-r7c4,,['Grype'],Grype,1,0.4,scanner_consensus_v1,['spring-boot-autoconfigure v2.5.4'],pkg_version,spring-boot-autoconfigure@2.5.4::GHSA-XF96-W227-R7C4,['Grype'],,0,Unknown,,0.0,0.0,0,spring-boot-autoconfigure,pkg:maven/org.springframework.boot/spring-boot-autoconfigure@2.5.4?type=jar,2.5.4,,name_version,farahh448/timesheet-devops,sha256:7b0272947968067c8962590fa528cd14c1110e7c62c0023979032d2e3affeae4,,,timesheet-devops,image_digest,1.0,FALSE,"[""no Ingress"", ""no LoadBalancer/NodePort externe confirme"", ""Service/timesheet-devops type=ClusterIP""]",0,0,1,7,prod,platform,default,['internal-service'],0,0,1,0,0,[],[],99,[],True,False,0.0,timesheet-devops,0,0,[],32.8,1,deployment,,70,7.5,0.0,0.8,60.211200000000005,0.01,,,,-1,47.559147,35.334123156401105,41.44663501875231,12.225023843598898,0,49.0,,0.5,MEDIUM,"[{""feature"": ""severity_score"", ""impact"": 4.989, ""feature_value"": 70.0, ""direction"": ""raises_risk""}, {""feature"": ""time_decay_factor"", ""impact"": 4.985, ""feature_value"": 0.8, ""direction"": ""raises_risk""}, {""feature"": ""epss_numeric"", ""impact"": -3.743, ""feature_value"": 0.0, ""direction"": ""lowers_risk""}, {""feature"": ""cvss_numeric"", ""impact"": -1.608, ""feature_value"": 7.5, ""direction"": ""lowers_risk""}, {""feature"": ""confidence_score"", ""impact"": -1.528, ""feature_value"": 0.4, ""direction"": ""lowers_risk""}]",P4_30D,18.54650242742514,0,
GHSA-vmq6-5m68-f53m,finding/v7.1,vulnerability,1.2.5,1.2.13,,,,,,logback serialization vulnerability,logback serialization vulnerability,HIGH,logback-classic,7.1,1.2.13,logback-classic v1.2.5,https://github.com/advisories/GHSA-vmq6-5m68-f53m,,['Grype'],Grype,1,0.4,scanner_consensus_v1,['logback-classic v1.2.5'],pkg_version,logback-classic@1.2.5::GHSA-VMQ6-5M68-F53M,['Grype'],,0,Unknown,,0.0,0.0,0,logback-classic,pkg:maven/ch.qos.logback/logback-classic@1.2.5?type=jar,1.2.5,,name_version,farahh448/timesheet-devops,sha256:7b0272947968067c8962590fa528cd14c1110e7c62c0023979032d2e3affeae4,,,timesheet-devops,image_digest,1.0,FALSE,"[""no Ingress"", ""no LoadBalancer/NodePort externe confirme"", ""Service/timesheet-devops type=ClusterIP""]",0,0,1,7,prod,platform,default,['internal-service'],0,0,1,0,0,[],[],99,[],True,False,0.0,timesheet-devops,0,0,[],32.8,1,deployment,,70,7.1,0.0,0.8,60.211200000000005,0.01,,,,-1,47.83223,28.80290282398244,38.31756621912013,19.029327176017564,0,47.1,,0.133,VERY_LOW,"[{""feature"": ""time_decay_factor"", ""impact"": 4.996, ""feature_value"": 0.8, ""direction"": ""raises_risk""}, {""feature"": ""severity_score"", ""impact"": 4.962, ""feature_value"": 70.0, ""direction"": ""raises_risk""}, {""feature"": ""epss_numeric"", ""impact"": -3.917, ""feature_value"": 0.0, ""direction"": ""lowers_risk""}, {""feature"": ""confidence_score"", ""impact"": -1.581, ""feature_value"": 0.4, ""direction"": ""lowers_risk""}, {""feature"": ""cvss_numeric"", ""impact"": -1.093, ""feature_value"": 7.1, ""direction"": ""lowers_risk""}]",P4_30D,21.00993345374482,0,
GHSA-vmq6-5m68-f53m#953bc1,finding/v7.1,vulnerability,1.2.5,1.2.13,,,,,,logback serialization vulnerability,logback serialization vulnerability,HIGH,logback-core,7.1,1.2.13,logback-core v1.2.5,https://github.com/advisories/GHSA-vmq6-5m68-f53m,,['Grype'],Grype,1,0.4,scanner_consensus_v1,['logback-core v1.2.5'],pkg_version,logback-core@1.2.5::GHSA-VMQ6-5M68-F53M,['Grype'],,0,Unknown,,0.0,0.0,0,logback-core,pkg:maven/ch.qos.logback/logback-core@1.2.5?type=jar,1.2.5,,name_version,farahh448/timesheet-devops,sha256:7b0272947968067c8962590fa528cd14c1110e7c62c0023979032d2e3affeae4,,,timesheet-devops,image_digest,1.0,FALSE,"[""no Ingress"", ""no LoadBalancer/NodePort externe confirme"", ""Service/timesheet-devops type=ClusterIP""]",0,0,1,7,prod,platform,default,['internal-service'],0,0,1,0,0,[],[],99,[],True,False,0.0,timesheet-devops,0,0,[],32.8,1,deployment,,70,7.1,0.0,0.8,60.211200000000005,0.01,,,,-1,47.83223,28.80290282398244,38.31756621912013,19.029327176017564,0,47.1,,0.133,VERY_LOW,"[{""feature"": ""time_decay_factor"", ""impact"": 4.996, ""feature_value"": 0.8, ""direction"": ""raises_risk""}, {""feature"": ""severity_score"", ""impact"": 4.962, ""feature_value"": 70.0, ""direction"": ""raises_risk""}, {""feature"": ""epss_numeric"", ""impact"": -3.917, ""feature_value"": 0.0, ""direction"": ""lowers_risk""}, {""feature"": ""confidence_score"", ""impact"": -1.581, ""feature_value"": 0.4, ""direction"": ""lowers_risk""}, {""feature"": ""cvss_numeric"", ""impact"": -1.093, ""feature_value"": 7.1, ""direction"": ""lowers_risk""}]",P4_30D,21.00993345374482,0,
GHSA-25xr-qj8w-c4vf,finding/v7.1,vulnerability,9.0.52,9.0.107,,,,,,Apache Tomcat Coyote vulnerable to Denial of Service via excessive HTTP/2 streams,Apache Tomcat Coyote vulnerable to Denial of Service via excessive HTTP/2 streams,HIGH,tomcat-embed-core,7.5,9.0.107,tomcat-embed-core v9.0.52,https://github.com/advisories/GHSA-25xr-qj8w-c4vf,,['Grype'],Grype,1,0.4,scanner_consensus_v1,['tomcat-embed-core v9.0.52'],pkg_version,tomcat-embed-core@9.0.52::GHSA-25XR-QJ8W-C4VF,['Grype'],,0,Unknown,,0.0,0.0,0,tomcat-embed-core,pkg:maven/org.apache.tomcat.embed/tomcat-embed-core@9.0.113?type=jar,9.0.113,,name,farahh448/timesheet-devops,sha256:7b0272947968067c8962590fa528cd14c1110e7c62c0023979032d2e3affeae4,,,timesheet-devops,image_digest,1.0,FALSE,"[""no Ingress"", ""no LoadBalancer/NodePort externe confirme"", ""Service/timesheet-devops type=ClusterIP""]",0,0,1,7,prod,platform,default,['internal-service'],0,0,1,0,0,[],[],99,[],True,False,0.0,timesheet-devops,0,0,[],32.8,1,deployment,,70,7.5,0.0,0.8,60.211200000000005,0.01,,,,-1,47.559147,35.334123156401105,41.44663501875231,12.225023843598898,0,49.0,,0.5,MEDIUM,"[{""feature"": ""severity_score"", ""impact"": 4.989, ""feature_value"": 70.0, ""direction"": ""raises_risk""}, {""feature"": ""time_decay_factor"", ""impact"": 4.985, ""feature_value"": 0.8, ""direction"": ""raises_risk""}, {""feature"": ""epss_numeric"", ""impact"": -3.743, ""feature_value"": 0.0, ""direction"": ""lowers_risk""}, {""feature"": ""cvss_numeric"", ""impact"": -1.608, ""feature_value"": 7.5, ""direction"": ""lowers_risk""}, {""feature"": ""confidence_score"", ""impact"": -1.528, ""feature_value"": 0.4, ""direction"": ""lowers_risk""}]",P4_30D,18.54650242742514,0,
GHSA-57j2-w4cx-62h2,finding/v7.1,vulnerability,2.12.4,2.12.6.1,,,,,,Deeply nested json in jackson-databind,Deeply nested json in jackson-databind,HIGH,jackson-databind,7.5,2.12.6.1,jackson-databind v2.12.4,https://github.com/advisories/GHSA-57j2-w4cx-62h2,,['Grype'],Grype,1,0.4,scanner_consensus_v1,['jackson-databind v2.12.4'],pkg_version,jackson-databind@2.12.4::GHSA-57J2-W4CX-62H2,['Grype'],,0,Unknown,,0.0,0.0,0,jackson-databind,pkg:maven/com.fasterxml.jackson.core/jackson-databind@2.18.8?type=jar,2.18.8,,name,farahh448/timesheet-devops,sha256:7b0272947968067c8962590fa528cd14c1110e7c62c0023979032d2e3affeae4,,,timesheet-devops,image_digest,1.0,FALSE,"[""no Ingress"", ""no LoadBalancer/NodePort externe confirme"", ""Service/timesheet-devops type=ClusterIP""]",0,0,1,7,prod,platform,default,['internal-service'],0,0,1,0,0,[],[],99,[],True,False,0.0,timesheet-devops,0,0,[],32.8,1,deployment,,70,7.5,0.0,0.8,60.211200000000005,0.01,,,,-1,47.559147,35.334123156401105,41.44663501875231,12.225023843598898,0,49.0,,0.5,MEDIUM,"[{""feature"": ""severity_score"", ""impact"": 4.989, ""feature_value"": 70.0, ""direction"": ""raises_risk""}, {""feature"": ""time_decay_factor"", ""impact"": 4.985, ""feature_value"": 0.8, ""direction"": ""raises_risk""}, {""feature"": ""epss_numeric"", ""impact"": -3.743, ""feature_value"": 0.0, ""direction"": ""lowers_risk""}, {""feature"": ""cvss_numeric"", ""impact"": -1.608, ""feature_value"": 7.5, ""direction"": ""lowers_risk""}, {""feature"": ""confidence_score"", ""impact"": -1.528, ""feature_value"": 0.4, ""direction"": ""lowers_risk""}]",P4_30D,18.54650242742514,0,
GHSA-hh26-6xwr-ggv7,finding/v7.1,vulnerability,5.3.9,5.3.20,,,,,,Denial of service in Spring Framework,Denial of service in Spring Framework,HIGH,spring-beans,7.5,5.3.20,spring-beans v5.3.9,https://github.com/advisories/GHSA-hh26-6xwr-ggv7,,['Grype'],Grype,1,0.4,scanner_consensus_v1,['spring-beans v5.3.9'],pkg_version,spring-beans@5.3.9::GHSA-HH26-6XWR-GGV7,['Grype'],,0,Unknown,,0.0,0.0,0,spring-beans,pkg:maven/org.springframework/spring-beans@5.3.39?type=jar,5.3.39,,name,farahh448/timesheet-devops,sha256:7b0272947968067c8962590fa528cd14c1110e7c62c0023979032d2e3affeae4,,,timesheet-devops,image_digest,1.0,FALSE,"[""no Ingress"", ""no LoadBalancer/NodePort externe confirme"", ""Service/timesheet-devops type=ClusterIP""]",0,0,1,7,prod,platform,default,['internal-service'],0,0,1,0,0,[],[],99,[],True,False,0.0,timesheet-devops,0,0,[],32.8,1,deployment,,70,7.5,0.0,0.8,60.211200000000005,0.01,,,,-1,47.559147,35.334123156401105,41.44663501875231,12.225023843598898,0,49.0,,0.5,MEDIUM,"[{""feature"": ""severity_score"", ""impact"": 4.989, ""feature_value"": 70.0, ""direction"": ""raises_risk""}, {""feature"": ""time_decay_factor"", ""impact"": 4.985, ""feature_value"": 0.8, ""direction"": ""raises_risk""}, {""feature"": ""epss_numeric"", ""impact"": -3.743, ""feature_value"": 0.0, ""direction"": ""lowers_risk""}, {""feature"": ""cvss_numeric"", ""impact"": -1.608, ""feature_value"": 7.5, ""direction"": ""lowers_risk""}, {""feature"": ""confidence_score"", ""impact"": -1.528, ""feature_value"": 0.4, ""direction"": ""lowers_risk""}]",P4_30D,18.54650242742514,0,
GHSA-p22x-g9px-3945,finding/v7.1,vulnerability,9.0.52,9.0.68,,,,,,Apache Tomcat may reject request containing invalid Content-Length header,Apache Tomcat may reject request containing invalid Content-Length header,HIGH,tomcat-embed-core,7.5,9.0.68,tomcat-embed-core v9.0.52,https://github.com/advisories/GHSA-p22x-g9px-3945,,['Grype'],Grype,1,0.4,scanner_consensus_v1,['tomcat-embed-core v9.0.52'],pkg_version,tomcat-embed-core@9.0.52::GHSA-P22X-G9PX-3945,['Grype'],,0,Unknown,,0.0,0.0,0,tomcat-embed-core,pkg:maven/org.apache.tomcat.embed/tomcat-embed-core@9.0.113?type=jar,9.0.113,,name,farahh448/timesheet-devops,sha256:7b0272947968067c8962590fa528cd14c1110e7c62c0023979032d2e3affeae4,,,timesheet-devops,image_digest,1.0,FALSE,"[""no Ingress"", ""no LoadBalancer/NodePort externe confirme"", ""Service/timesheet-devops type=ClusterIP""]",0,0,1,7,prod,platform,default,['internal-service'],0,0,1,0,0,[],[],99,[],True,False,0.0,timesheet-devops,0,0,[],32.8,1,deployment,,70,7.5,0.0,0.8,60.211200000000005,0.01,,,,-1,47.559147,35.334123156401105,41.44663501875231,12.225023843598898,0,49.0,,0.5,MEDIUM,"[{""feature"": ""severity_score"", ""impact"": 4.989, ""feature_value"": 70.0, ""direction"": ""raises_risk""}, {""feature"": ""time_decay_factor"", ""impact"": 4.985, ""feature_value"": 0.8, ""direction"": ""raises_risk""}, {""feature"": ""epss_numeric"", ""impact"": -3.743, ""feature_value"": 0.0, ""direction"": ""lowers_risk""}, {""feature"": ""cvss_numeric"", ""impact"": -1.608, ""feature_value"": 7.5, ""direction"": ""lowers_risk""}, {""feature"": ""confidence_score"", ""impact"": -1.528, ""feature_value"": 0.4, ""direction"": ""lowers_risk""}]",P4_30D,18.54650242742514,0,
GHSA-rq2w-37h9-vg94,finding/v7.1,vulnerability,9.0.52,9.0.69,,,,,,Apache Tomcat improperly escapes input from JsonErrorReportValve,Apache Tomcat improperly escapes input from JsonErrorReportValve,HIGH,tomcat-embed-core,7.5,9.0.69,tomcat-embed-core v9.0.52,https://github.com/advisories/GHSA-rq2w-37h9-vg94,,['Grype'],Grype,1,0.4,scanner_consensus_v1,['tomcat-embed-core v9.0.52'],pkg_version,tomcat-embed-core@9.0.52::GHSA-RQ2W-37H9-VG94,['Grype'],,0,Unknown,,0.0,0.0,0,tomcat-embed-core,pkg:maven/org.apache.tomcat.embed/tomcat-embed-core@9.0.113?type=jar,9.0.113,,name,farahh448/timesheet-devops,sha256:7b0272947968067c8962590fa528cd14c1110e7c62c0023979032d2e3affeae4,,,timesheet-devops,image_digest,1.0,FALSE,"[""no Ingress"", ""no LoadBalancer/NodePort externe confirme"", ""Service/timesheet-devops type=ClusterIP""]",0,0,1,7,prod,platform,default,['internal-service'],0,0,1,0,0,[],[],99,[],True,False,0.0,timesheet-devops,0,0,[],32.8,1,deployment,,70,7.5,0.0,0.8,60.211200000000005,0.01,,,,-1,47.559147,35.334123156401105,41.44663501875231,12.225023843598898,0,49.0,,0.5,MEDIUM,"[{""feature"": ""severity_score"", ""impact"": 4.989, ""feature_value"": 70.0, ""direction"": ""raises_risk""}, {""feature"": ""time_decay_factor"", ""impact"": 4.985, ""feature_value"": 0.8, ""direction"": ""raises_risk""}, {""feature"": ""epss_numeric"", ""impact"": -3.743, ""feature_value"": 0.0, ""direction"": ""lowers_risk""}, {""feature"": ""cvss_numeric"", ""impact"": -1.608, ""feature_value"": 7.5, ""direction"": ""lowers_risk""}, {""feature"": ""confidence_score"", ""impact"": -1.528, ""feature_value"": 0.4, ""direction"": ""lowers_risk""}]",P4_30D,18.54650242742514,0,
GHSA-gqp3-2cvr-x8m3,finding/v7.1,vulnerability,9.0.52,9.0.108,,,,,,Apache Tomcat Improper Resource Shutdown or Release vulnerability,Apache Tomcat Improper Resource Shutdown or Release vulnerability,HIGH,tomcat-embed-core,7.5,9.0.108,tomcat-embed-core v9.0.52,https://github.com/advisories/GHSA-gqp3-2cvr-x8m3,,['Grype'],Grype,1,0.4,scanner_consensus_v1,['tomcat-embed-core v9.0.52'],pkg_version,tomcat-embed-core@9.0.52::GHSA-GQP3-2CVR-X8M3,['Grype'],,0,Unknown,,0.0,0.0,0,tomcat-embed-core,pkg:maven/org.apache.tomcat.embed/tomcat-embed-core@9.0.113?type=jar,9.0.113,,name,farahh448/timesheet-devops,sha256:7b0272947968067c8962590fa528cd14c1110e7c62c0023979032d2e3affeae4,,,timesheet-devops,image_digest,1.0,FALSE,"[""no Ingress"", ""no LoadBalancer/NodePort externe confirme"", ""Service/timesheet-devops type=ClusterIP""]",0,0,1,7,prod,platform,default,['internal-service'],0,0,1,0,0,[],[],99,[],True,False,0.0,timesheet-devops,0,0,[],32.8,1,deployment,,70,7.5,0.0,0.8,60.211200000000005,0.01,,,,-1,47.559147,35.334123156401105,41.44663501875231,12.225023843598898,0,49.0,,0.5,MEDIUM,"[{""feature"": ""severity_score"", ""impact"": 4.989, ""feature_value"": 70.0, ""direction"": ""raises_risk""}, {""feature"": ""time_decay_factor"", ""impact"": 4.985, ""feature_value"": 0.8, ""direction"": ""raises_risk""}, {""feature"": ""epss_numeric"", ""impact"": -3.743, ""feature_value"": 0.0, ""direction"": ""lowers_risk""}, {""feature"": ""cvss_numeric"", ""impact"": -1.608, ""feature_value"": 7.5, ""direction"": ""lowers_risk""}, {""feature"": ""confidence_score"", ""impact"": -1.528, ""feature_value"": 0.4, ""direction"": ""lowers_risk""}]",P4_30D,18.54650242742514,0,
GHSA-jjjh-jjxp-wpff,finding/v7.1,vulnerability,2.12.4,2.12.7.1,,,,,,Uncontrolled Resource Consumption in Jackson-databind,Uncontrolled Resource Consumption in Jackson-databind,HIGH,jackson-databind,7.5,2.12.7.1,jackson-databind v2.12.4,https://github.com/advisories/GHSA-jjjh-jjxp-wpff,,['Grype'],Grype,1,0.4,scanner_consensus_v1,['jackson-databind v2.12.4'],pkg_version,jackson-databind@2.12.4::GHSA-JJJH-JJXP-WPFF,['Grype'],,0,Unknown,,0.0,0.0,0,jackson-databind,pkg:maven/com.fasterxml.jackson.core/jackson-databind@2.18.8?type=jar,2.18.8,,name,farahh448/timesheet-devops,sha256:7b0272947968067c8962590fa528cd14c1110e7c62c0023979032d2e3affeae4,,,timesheet-devops,image_digest,1.0,FALSE,"[""no Ingress"", ""no LoadBalancer/NodePort externe confirme"", ""Service/timesheet-devops type=ClusterIP""]",0,0,1,7,prod,platform,default,['internal-service'],0,0,1,0,0,[],[],99,[],True,False,0.0,timesheet-devops,0,0,[],32.8,1,deployment,,70,7.5,0.0,0.8,60.211200000000005,0.01,,,,-1,47.559147,35.334123156401105,41.44663501875231,12.225023843598898,0,49.0,,0.5,MEDIUM,"[{""feature"": ""severity_score"", ""impact"": 4.989, ""feature_value"": 70.0, ""direction"": ""raises_risk""}, {""feature"": ""time_decay_factor"", ""impact"": 4.985, ""feature_value"": 0.8, ""direction"": ""raises_risk""}, {""feature"": ""epss_numeric"", ""impact"": -3.743, ""feature_value"": 0.0, ""direction"": ""lowers_risk""}, {""feature"": ""cvss_numeric"", ""impact"": -1.608, ""feature_value"": 7.5, ""direction"": ""lowers_risk""}, {""feature"": ""confidence_score"", ""impact"": -1.528, ""feature_value"": 0.4, ""direction"": ""lowers_risk""}]",P4_30D,18.54650242742514,0,
GHSA-rc42-6c7j-7h5r,finding/v7.1,vulnerability,2.5.4,No fix,,,,,,Spring Boot EndpointRequest.to() creates wrong matcher if actuator endpoint is not exposed,Spring Boot EndpointRequest.to() creates wrong matcher if actuator endpoint is not exposed,HIGH,spring-boot,7.3,No fix,spring-boot v2.5.4,https://github.com/advisories/GHSA-rc42-6c7j-7h5r,,['Grype'],Grype,1,0.4,scanner_consensus_v1,['spring-boot v2.5.4'],pkg_version,spring-boot@2.5.4::GHSA-RC42-6C7J-7H5R,['Grype'],,0,Unknown,,0.0,0.0,0,spring-boot,pkg:maven/org.springframework.boot/spring-boot@2.5.4?type=jar,2.5.4,,name_version,farahh448/timesheet-devops,sha256:7b0272947968067c8962590fa528cd14c1110e7c62c0023979032d2e3affeae4,,,timesheet-devops,image_digest,1.0,FALSE,"[""no Ingress"", ""no LoadBalancer/NodePort externe confirme"", ""Service/timesheet-devops type=ClusterIP""]",0,0,1,7,prod,platform,default,['internal-service'],0,0,1,0,0,[],[],99,[],True,False,0.0,timesheet-devops,0,0,[],32.8,1,deployment,,70,7.3,0.0,0.8,60.211200000000005,0.01,,,,-1,47.24993,35.334123156401105,41.29202724592516,11.915806843598894,0,48.9,,0.5,MEDIUM,"[{""feature"": ""time_decay_factor"", ""impact"": 4.954, ""feature_value"": 0.8, ""direction"": ""raises_risk""}, {""feature"": ""severity_score"", ""impact"": 4.927, ""feature_value"": 70.0, ""direction"": ""raises_risk""}, {""feature"": ""epss_numeric"", ""impact"": -3.866, ""feature_value"": 0.0, ""direction"": ""lowers_risk""}, {""feature"": ""cvss_numeric"", ""impact"": -1.702, ""feature_value"": 7.3, ""direction"": ""lowers_risk""}, {""feature"": ""confidence_score"", ""impact"": -1.528, ""feature_value"": 0.4, ""direction"": ""lowers_risk""}]",P4_30D,18.345511595576994,0,
GHSA-wr62-c79q-cv37,finding/v7.1,vulnerability,9.0.52,9.0.107,,,,,,Apache Tomcat Catalina is vulnerable to DoS attack through bypassing of size limits,Apache Tomcat Catalina is vulnerable to DoS attack through bypassing of size limits,HIGH,tomcat-embed-core,7.5,9.0.107,tomcat-embed-core v9.0.52,https://github.com/advisories/GHSA-wr62-c79q-cv37,,['Grype'],Grype,1,0.4,scanner_consensus_v1,['tomcat-embed-core v9.0.52'],pkg_version,tomcat-embed-core@9.0.52::GHSA-WR62-C79Q-CV37,['Grype'],,0,Unknown,,0.0,0.0,0,tomcat-embed-core,pkg:maven/org.apache.tomcat.embed/tomcat-embed-core@9.0.113?type=jar,9.0.113,,name,farahh448/timesheet-devops,sha256:7b0272947968067c8962590fa528cd14c1110e7c62c0023979032d2e3affeae4,,,timesheet-devops,image_digest,1.0,FALSE,"[""no Ingress"", ""no LoadBalancer/NodePort externe confirme"", ""Service/timesheet-devops type=ClusterIP""]",0,0,1,7,prod,platform,default,['internal-service'],0,0,1,0,0,[],[],99,[],True,False,0.0,timesheet-devops,0,0,[],32.8,1,deployment,,70,7.5,0.0,0.8,60.211200000000005,0.01,,,,-1,47.559147,35.334123156401105,41.44663501875231,12.225023843598898,0,49.0,,0.5,MEDIUM,"[{""feature"": ""severity_score"", ""impact"": 4.989, ""feature_value"": 70.0, ""direction"": ""raises_risk""}, {""feature"": ""time_decay_factor"", ""impact"": 4.985, ""feature_value"": 0.8, ""direction"": ""raises_risk""}, {""feature"": ""epss_numeric"", ""impact"": -3.743, ""feature_value"": 0.0, ""direction"": ""lowers_risk""}, {""feature"": ""cvss_numeric"", ""impact"": -1.608, ""feature_value"": 7.5, ""direction"": ""lowers_risk""}, {""feature"": ""confidence_score"", ""impact"": -1.528, ""feature_value"": 0.4, ""direction"": ""lowers_risk""}]",P4_30D,18.54650242742514,0,
SOC-PKGVERSION-8d299e19021a,finding/v7.1,vulnerability,2.12.4,2.21.2,,,,,,Allocation of Resources Without Limits or Throttling,"## Overview
[com.fasterxml.jackson.core:jackson-core](https://github.com/FasterXML/jackson-core) is a Core Jackson abstractions, basic JSON streaming API implementation

Affected versions of this package are vulnerable to Allocation of Resources Without Limits or Throttling in the enforcement of document length constraints in blocking, async, and DataInput parser processes. An attacker can cause excessive resource consumption by submitting oversized JSON documents that bypass configured size limits.
## Remediation
Upgrade `com.fasterxml.jackson.core:jackson-core` to version 2.21.2 or higher.
## References
- [GitHub Commit](https://github.com/FasterXML/jackson-core/commit/74c9ee255d1534c179bc7d3de48941bf39a9079c)
- [GitHub Commit](https://github.com/FasterXML/jackson-core/commit/7ce3622f40e66bd821b5184d6055d8493afac5f3)
- [GitHub Issue](https://github.com/FasterXML/jackson-core/issues/1570)
- [Maintainer's Advisory](https://github.com/FasterXML/jackson-core/security/advisories/GHSA-2m67-wjpj-xhg9)
",HIGH,com.fasterxml.jackson.core:jackson-core,8.7,2.21.2,tn.esprit.spring.services:timesheet-devops@1.0,,,['Snyk'],Snyk,1,0.4,scanner_consensus_v1,['tn.esprit.spring.services:timesheet-devops@1.0'],pkg_version,com.fasterxml.jackson.core:jackson-core@2.12.4::GHSA-2M67-WJPJ-XHG9,['Snyk'],,0,Unknown,,0.0,0.0,0,jackson-core,pkg:maven/com.fasterxml.jackson.core/jackson-core@2.18.8?type=jar,2.18.8,,name_suffix,farahh448/timesheet-devops,sha256:7b0272947968067c8962590fa528cd14c1110e7c62c0023979032d2e3affeae4,,,timesheet-devops,image_digest,1.0,FALSE,"[""no Ingress"", ""no LoadBalancer/NodePort externe confirme"", ""Service/timesheet-devops type=ClusterIP""]",0,0,1,7,prod,platform,default,['internal-service'],0,0,1,0,0,[],[],99,[],True,False,0.0,timesheet-devops,0,0,[],32.8,1,deployment,,70,8.7,0.0,0.8,60.211200000000005,0.01,,,,-1,49.99862,47.27675522587585,48.63768715273285,2.7218647741241497,0,53.3,,0.722,HIGH,"[{""feature"": ""epss_numeric"", ""impact"": -5.597, ""feature_value"": 0.0, ""direction"": ""lowers_risk""}, {""feature"": ""time_decay_factor"", ""impact"": 5.439, ""feature_value"": 0.8, ""direction"": ""raises_risk""}, {""feature"": ""severity_score"", ""impact"": 4.89, ""feature_value"": 70.0, ""direction"": ""raises_risk""}, {""feature"": ""cvss_numeric"", ""impact"": 1.948, ""feature_value"": 8.7, ""direction"": ""raises_risk""}, {""feature"": ""confidence_score"", ""impact"": -1.147, ""feature_value"": 0.4, ""direction"": ""lowers_risk""}]",P3_7D,15.95223853288193,0,
GHSA-mjmj-j48q-9wg2,finding/v7.1,vulnerability,1.28,2.0,,,,,,SnakeYaml Constructor Deserialization Remote Code Execution,SnakeYaml Constructor Deserialization Remote Code Execution,HIGH,snakeyaml,8.3,2.0,snakeyaml v1.28,https://github.com/advisories/GHSA-mjmj-j48q-9wg2,,['Grype'],Grype,1,0.4,scanner_consensus_v1,['snakeyaml v1.28'],pkg_version,snakeyaml@1.28::GHSA-MJMJ-J48Q-9WG2,['Grype'],,0,Unknown,,0.0,0.0,0,snakeyaml,pkg:maven/org.yaml/snakeyaml@1.28?type=jar,1.28,,name_version,farahh448/timesheet-devops,sha256:7b0272947968067c8962590fa528cd14c1110e7c62c0023979032d2e3affeae4,,,timesheet-devops,image_digest,1.0,FALSE,"[""no Ingress"", ""no LoadBalancer/NodePort externe confirme"", ""Service/timesheet-devops type=ClusterIP""]",0,0,1,7,prod,platform,default,['internal-service'],0,0,1,0,0,[],[],99,[],True,False,0.0,timesheet-devops,0,0,[],32.8,1,deployment,,70,8.3,0.0,0.8,60.211200000000005,0.01,,,,-1,49.9649,35.334123156401105,42.649512063430045,14.630776843598895,0,49.7,,0.5,MEDIUM,"[{""feature"": ""epss_numeric"", ""impact"": -5.563, ""feature_value"": 0.0, ""direction"": ""lowers_risk""}, {""feature"": ""time_decay_factor"", ""impact"": 5.355, ""feature_value"": 0.8, ""direction"": ""raises_risk""}, {""feature"": ""severity_score"", ""impact"": 4.892, ""feature_value"": 70.0, ""direction"": ""raises_risk""}, {""feature"": ""cvss_numeric"", ""impact"": 1.964, ""feature_value"": 8.3, ""direction"": ""raises_risk""}, {""feature"": ""confidence_score"", ""impact"": -1.148, ""feature_value"": 0.4, ""direction"": ""lowers_risk""}]",P4_30D,20.11024204082846,0,
SOC-IMAGEPKG-b6ebcb42f8e3,finding/v7.1,k8s_best_practice,,Ajuster le manifeste Kubernetes,,,,,,Container Seccomp Profile,Makes sure that all pods have at a seccomp policy configured. | Skipped because container-seccomp-profile is ignored,HIGH,Deployment/apps/v1//timesheet-devops-mysql,,Ajuster le manifeste Kubernetes,Deployment/Deployment/apps/v1//timesheet-devops-mysql,https://kube-score.com/,,['kube-score'],kube-score,1,0.4,scanner_consensus_v1,['Deployment/Deployment/apps/v1//timesheet-devops-mysql'],image_pkg,deployment/deployment/apps/v1//timesheet-devops-mysql::deployment/apps/v1//timesheet-devops-mysql::container-seccomp-profile,['kube-score'],,0,Unknown,,0.0,0.0,0,,,,,unmatched,,,,,timesheet-devops-mysql,k8s_workload_target,0.7,FALSE,"[""no Ingress"", ""no LoadBalancer/NodePort externe confirme"", ""Service/timesheet-devops-mysql type=ClusterIP""]",0,0,1,8,prod,platform,default,"['internal-service', 'data']",0,0,1,0,0,[],[],99,[],True,False,0.0,timesheet-devops-mysql,0,0,[],34.8,1,deployment,,70,5.0,0.0,0.8,63.436800000000005,0.01,,,,-1,37.868465,28.80290282398244,33.33568412378321,9.065562176017561,0,45.4,,0.133,VERY_LOW,"[{""feature"": ""cvss_numeric"", ""impact"": -12.457, ""feature_value"": 5.0, ""direction"": ""lowers_risk""}, {""feature"": ""severity_score"", ""impact"": 8.191, ""feature_value"": 70.0, ""direction"": ""raises_risk""}, {""feature"": ""epss_numeric"", ""impact"": -4.712, ""feature_value"": 0.0, ""direction"": ""lowers_risk""}, {""feature"": ""time_decay_factor"", ""impact"": 4.086, ""feature_value"": 0.8, ""direction"": ""raises_risk""}, {""feature"": ""confidence_score"", ""impact"": -1.705, ""feature_value"": 0.4, ""direction"": ""lowers_risk""}]",P4_30D,14.533486325143743,0,
GHSA-cx7f-g6mp-7hqm,finding/v7.1,vulnerability,5.3.9,No fix,,,,,,Path traversal vulnerability in functional web frameworks,Path traversal vulnerability in functional web frameworks,HIGH,spring-webmvc,7.5,No fix,spring-webmvc v5.3.9,https://github.com/advisories/GHSA-cx7f-g6mp-7hqm,,['Grype'],Grype,1,0.4,scanner_consensus_v1,['spring-webmvc v5.3.9'],pkg_version,spring-webmvc@5.3.9::GHSA-CX7F-G6MP-7HQM,['Grype'],,0,Unknown,,0.0,0.0,0,spring-webmvc,pkg:maven/org.springframework/spring-webmvc@5.3.39?type=jar,5.3.39,,name,farahh448/timesheet-devops,sha256:7b0272947968067c8962590fa528cd14c1110e7c62c0023979032d2e3affeae4,,,timesheet-devops,image_digest,1.0,FALSE,"[""no Ingress"", ""no LoadBalancer/NodePort externe confirme"", ""Service/timesheet-devops type=ClusterIP""]",0,0,1,7,prod,platform,default,['internal-service'],0,0,1,0,0,[],[],99,[],True,False,0.0,timesheet-devops,0,0,[],32.8,1,deployment,,70,7.5,0.0,0.8,60.211200000000005,0.01,,,,-1,47.559147,35.334123156401105,41.44663501875231,12.225023843598898,0,49.0,,0.5,MEDIUM,"[{""feature"": ""severity_score"", ""impact"": 4.989, ""feature_value"": 70.0, ""direction"": ""raises_risk""}, {""feature"": ""time_decay_factor"", ""impact"": 4.985, ""feature_value"": 0.8, ""direction"": ""raises_risk""}, {""feature"": ""epss_numeric"", ""impact"": -3.743, ""feature_value"": 0.0, ""direction"": ""lowers_risk""}, {""feature"": ""cvss_numeric"", ""impact"": -1.608, ""feature_value"": 7.5, ""direction"": ""lowers_risk""}, {""feature"": ""confidence_score"", ""impact"": -1.528, ""feature_value"": 0.4, ""direction"": ""lowers_risk""}]",P4_30D,18.54650242742514,0,
GHSA-g5vr-rgqm-vf78,finding/v7.1,vulnerability,5.3.9,No fix,,,,,,Spring Framework Path Traversal vulnerability,Spring Framework Path Traversal vulnerability,HIGH,spring-webmvc,7.5,No fix,spring-webmvc v5.3.9,https://github.com/advisories/GHSA-g5vr-rgqm-vf78,,['Grype'],Grype,1,0.4,scanner_consensus_v1,['spring-webmvc v5.3.9'],pkg_version,spring-webmvc@5.3.9::GHSA-G5VR-RGQM-VF78,['Grype'],,0,Unknown,,0.0,0.0,0,spring-webmvc,pkg:maven/org.springframework/spring-webmvc@5.3.39?type=jar,5.3.39,,name,farahh448/timesheet-devops,sha256:7b0272947968067c8962590fa528cd14c1110e7c62c0023979032d2e3affeae4,,,timesheet-devops,image_digest,1.0,FALSE,"[""no Ingress"", ""no LoadBalancer/NodePort externe confirme"", ""Service/timesheet-devops type=ClusterIP""]",0,0,1,7,prod,platform,default,['internal-service'],0,0,1,0,0,[],[],99,[],True,False,0.0,timesheet-devops,0,0,[],32.8,1,deployment,,70,7.5,0.0,0.8,60.211200000000005,0.01,,,,-1,47.559147,35.334123156401105,41.44663501875231,12.225023843598898,0,49.0,,0.5,MEDIUM,"[{""feature"": ""severity_score"", ""impact"": 4.989, ""feature_value"": 70.0, ""direction"": ""raises_risk""}, {""feature"": ""time_decay_factor"", ""impact"": 4.985, ""feature_value"": 0.8, ""direction"": ""raises_risk""}, {""feature"": ""epss_numeric"", ""impact"": -3.743, ""feature_value"": 0.0, ""direction"": ""lowers_risk""}, {""feature"": ""cvss_numeric"", ""impact"": -1.608, ""feature_value"": 7.5, ""direction"": ""lowers_risk""}, {""feature"": ""confidence_score"", ""impact"": -1.528, ""feature_value"": 0.4, ""direction"": ""lowers_risk""}]",P4_30D,18.54650242742514,0,
SOC-FILERULE-81dd947acfd5,finding/v7.1,policy_violation,,Mettre la ressource en conformite avec la politique,,reports/helm/helm-rendered.yaml,,,,Deployment/timesheet-devops-mysql container mysql must define a livenessProbe,Deployment/timesheet-devops-mysql container mysql must define a livenessProbe,HIGH,main,,Mettre la ressource en conformite avec la politique,reports/helm/helm-rendered.yaml,https://www.openpolicyagent.org/,,['OPA Gate'],OPA Gate,1,0.4,scanner_consensus_v1,['reports/helm/helm-rendered.yaml'],file_rule,reports/helm/helm-rendered.yaml::OPA-POLICY-VIOLATION,['OPA Gate'],,0,Unknown,,0.0,0.0,0,,,,,unmatched,,,,,timesheet-devops,repo_path_mapping,0.7,FALSE,"[""no Ingress"", ""no LoadBalancer/NodePort externe confirme"", ""Service/timesheet-devops type=ClusterIP""]",0,0,1,7,prod,platform,default,['internal-service'],0,0,1,0,0,[],[],99,[],True,False,0.0,timesheet-devops,0,0,[],32.8,1,deployment,,70,5.0,0.0,0.8,60.211200000000005,0.01,,,,-1,37.868465,28.80290282398244,33.33568412378321,9.065562176017561,0,44.1,,0.133,VERY_LOW,"[{""feature"": ""cvss_numeric"", ""impact"": -12.457, ""feature_value"": 5.0, ""direction"": ""lowers_risk""}, {""feature"": ""severity_score"", ""impact"": 8.191, ""feature_value"": 70.0, ""direction"": ""raises_risk""}, {""feature"": ""epss_numeric"", ""impact"": -4.712, ""feature_value"": 0.0, ""direction"": ""lowers_risk""}, {""feature"": ""time_decay_factor"", ""impact"": 4.086, ""feature_value"": 0.8, ""direction"": ""raises_risk""}, {""feature"": ""confidence_score"", ""impact"": -1.705, ""feature_value"": 0.4, ""direction"": ""lowers_risk""}]",P4_30D,14.533486325143743,0,
SOC-PKGVERSION-80fa85760989,finding/v7.1,vulnerability,2.12.4,2.18.6,,,,,,Allocation of Resources Without Limits or Throttling,"## Overview
[com.fasterxml.jackson.core:jackson-core](https://github.com/FasterXML/jackson-core) is a Core Jackson abstractions, basic JSON streaming API implementation

Affected versions of this package are vulnerable to Allocation of Resources Without Limits or Throttling in which the non-blocking async JSON parser can be made to bypass the `maxNumberLength` constraint (default: 1000 characters) defined in `StreamReadConstraints`. An attacker can cause excessive memory allocation and CPU exhaustion by submitting JSON documents containing extremely long numeric values through the asynchronous parser interface.
## PoC
The following JUnit 5 test demonstrates the vulnerability. It shows that the async parser accepts a 5,000-digit number, whereas the limit should be 1,000.

``` js
package tools.jackson.core.unittest.dos;

import java.nio.charset.StandardCharsets;

import org.junit.jupiter.api.Test;

import tools.jackson.core.*;
import tools.jackson.core.exc.StreamConstraintsException;
import tools.jackson.core.json.JsonFactory;
import tools.jackson.core.json.async.NonBlockingByteArrayJsonParser;

import static org.junit.jupiter.api.Assertions.*;

/**
 * POC: Number Length Constraint Bypass in Non-Blocking (Async) JSON Parsers
 *
 * Authors: sprabhav7, rohan-repos
 * 
 * maxNumberLength default = 1000 characters (digits).
 * A number with more than 1000 digits should be rejected by any parser.
 *
 * BUG: The async parser never calls resetInt()/resetFloat() which is where
 * validateIntegerLength()/validateFPLength() lives. Instead it calls
 * _valueComplete() which skips all number length validation.
 *
 * CWE-770: Allocation of Resources Without Limits or Throttling
 */
class AsyncParserNumberLengthBypassTest {

    private static final int MAX_NUMBER_LENGTH = 1000;
    private static final int TEST_NUMBER_LENGTH = 5000;

    private final JsonFactory factory = new JsonFactory();

    // CONTROL: Sync parser correctly rejects a number exceeding maxNumberLength
    @Test
    void syncParserRejectsLongNumber() throws Exception {
        byte[] payload = buildPayloadWithLongInteger(TEST_NUMBER_LENGTH);
		
		// Output to console
        System.out.println(""[SYNC] Parsing "" + TEST_NUMBER_LENGTH + ""-digit number (limit: "" + MAX_NUMBER_LENGTH + "")"");
        try {
            try (JsonParser p = factory.createParser(ObjectReadContext.empty(), payload)) {
                while (p.nextToken() != null) {
                    if (p.currentToken() == JsonToken.VALUE_NUMBER_INT) {
                        System.out.println(""[SYNC] Accepted number with "" + p.getText().length() + "" digits — UNEXPECTED"");
                    }
                }
            }
            fail(""Sync parser must reject a "" + TEST_NUMBER_LENGTH + ""-digit number"");
        } catch (StreamConstraintsException e) {
            System.out.println(""[SYNC] Rejected with StreamConstraintsException: "" + e.getMessage());
        }
    }

    // VULNERABILITY: Async parser accepts the SAME number that sync rejects
    @Test
    void asyncParserAcceptsLongNumber() throws Exception {
        byte[] payload = buildPayloadWithLongInteger(TEST_NUMBER_LENGTH);

        NonBlockingByteArrayJsonParser p =
            (NonBlockingByteArrayJsonParser) factory.createNonBlockingByteArrayParser(ObjectReadContext.empty());
        p.feedInput(payload, 0, payload.length);
        p.endOfInput();

        boolean foundNumber = false;
        try {
            while (p.nextToken() != null) {
                if (p.currentToken() == JsonToken.VALUE_NUMBER_INT) {
                    foundNumber = true;
                    String numberText = p.getText();
                    assertEquals(TEST_NUMBER_LENGTH, numberText.length(),
                        ""Async parser silently accepted all "" + TEST_NUMBER_LENGTH + "" digits"");
                }
            }
            // Output to console
            System.out.println(""[ASYNC INT] Accepted number with "" + TEST_NUMBER_LENGTH + "" digits — BUG CONFIRMED"");
            assertTrue(foundNumber, ""Parser should have produced a VALUE_NUMBER_INT token"");
        } catch (StreamConstraintsException e) {
            fail(""Bug is fixed — async parser now correctly rejects long numbers: "" + e.getMessage());
        }
        p.close();
    }

    private byte[] buildPayloadWithLongInteger(int numDigits) {
        StringBuilder sb = new StringBuilder(numDigits + 10);
        sb.append(""{\""v\"":"");
        for (int i = 0; i < numDigits; i++) {
            sb.append((char) ('1' + (i % 9)));
        }
        sb.append('}');
        return sb.toString().getBytes(StandardCharsets.UTF_8);
    }
}
```

## Details

Denial of Service (DoS) describes a family of attacks, all aimed at making a system inaccessible to its intended and legitimate users.

Unlike other vulnerabilities, DoS attacks usually do not aim at breaching security. Rather, they are focused on making websites and services unavailable to genuine users resulting in downtime.

One popular Denial of Service vulnerability is DDoS (a Distributed Denial of Service), an attack that attempts to clog network pipes to the system by generating a large volume of traffic from many machines.

When it comes to open source libraries, DoS vulnerabilities allow attackers to trigger such a crash or crippling of the service by using a flaw either in the application code or from the use of open source libraries.

Two common types of DoS vulnerabilities:

* High CPU/Memory Consumption- An attacker sending crafted requests that could cause the system to take a disproportionate amount of time to process. For example, [commons-fileupload:commons-fileupload](https://security.snyk.io/vuln/SNYK-JAVA-COMMONSFILEUPLOAD-30082).

* Crash - An attacker sending crafted requests that could cause the system to crash. For Example,  [npm `ws` package](https://snyk.io/vuln/npm:ws:20171108)

## Remediation
Upgrade `com.fasterxml.jackson.core:jackson-core` to version 2.18.6, 2.21.1 or higher.
## References
- [GitHub Advisory](https://github.com/FasterXML/jackson-core/security/advisories/GHSA-72hv-8253-57qq)
- [GitHub Commit](https://github.com/FasterXML/jackson-core/commit/b0c428e6f993e1b5ece5c1c3cb2523e887cd52cf)
- [GitHub PR](https://github.com/FasterXML/jackson-core/pull/1555)
",HIGH,com.fasterxml.jackson.core:jackson-core,8.7,2.18.6,tn.esprit.spring.services:timesheet-devops@1.0,,,['Snyk'],Snyk,1,0.4,scanner_consensus_v1,['tn.esprit.spring.services:timesheet-devops@1.0'],pkg_version,com.fasterxml.jackson.core:jackson-core@2.12.4::CWE-770,['Snyk'],,0,Unknown,,0.0,0.0,0,jackson-core,pkg:maven/com.fasterxml.jackson.core/jackson-core@2.18.8?type=jar,2.18.8,,name_suffix,farahh448/timesheet-devops,sha256:7b0272947968067c8962590fa528cd14c1110e7c62c0023979032d2e3affeae4,,,timesheet-devops,image_digest,1.0,FALSE,"[""no Ingress"", ""no LoadBalancer/NodePort externe confirme"", ""Service/timesheet-devops type=ClusterIP""]",0,0,1,7,prod,platform,default,['internal-service'],0,0,1,0,0,[],[],99,[],True,False,0.0,timesheet-devops,0,0,[],32.8,1,deployment,,70,8.7,0.0,0.8,60.211200000000005,0.01,,,,-1,49.99862,47.27675522587585,48.63768715273285,2.7218647741241497,0,53.3,,0.722,HIGH,"[{""feature"": ""epss_numeric"", ""impact"": -5.597, ""feature_value"": 0.0, ""direction"": ""lowers_risk""}, {""feature"": ""time_decay_factor"", ""impact"": 5.439, ""feature_value"": 0.8, ""direction"": ""raises_risk""}, {""feature"": ""severity_score"", ""impact"": 4.89, ""feature_value"": 70.0, ""direction"": ""raises_risk""}, {""feature"": ""cvss_numeric"", ""impact"": 1.948, ""feature_value"": 8.7, ""direction"": ""raises_risk""}, {""feature"": ""confidence_score"", ""impact"": -1.147, ""feature_value"": 0.4, ""direction"": ""lowers_risk""}]",P3_7D,15.95223853288193,0,
SOC-IMAGEPKG-b425c768d85a,finding/v7.1,k8s_best_practice,,Ajuster le manifeste Kubernetes,,,,,,Container Seccomp Profile,Makes sure that all pods have at a seccomp policy configured. | Skipped because container-seccomp-profile is ignored,HIGH,Deployment/apps/v1//timesheet-devops,,Ajuster le manifeste Kubernetes,Deployment/Deployment/apps/v1//timesheet-devops,https://kube-score.com/,,['kube-score'],kube-score,1,0.4,scanner_consensus_v1,['Deployment/Deployment/apps/v1//timesheet-devops'],image_pkg,deployment/deployment/apps/v1//timesheet-devops::deployment/apps/v1//timesheet-devops::container-seccomp-profile,['kube-score'],,0,Unknown,,0.0,0.0,0,,,,,unmatched,,,,,timesheet-devops,k8s_workload_target,0.85,FALSE,"[""no Ingress"", ""no LoadBalancer/NodePort externe confirme"", ""Service/timesheet-devops type=ClusterIP""]",0,0,1,7,prod,platform,default,['internal-service'],0,0,1,0,0,[],[],99,[],True,False,0.0,timesheet-devops,0,0,[],32.8,1,deployment,,70,5.0,0.0,0.8,60.211200000000005,0.01,,,,-1,37.868465,28.80290282398244,33.33568412378321,9.065562176017561,0,44.1,,0.133,VERY_LOW,"[{""feature"": ""cvss_numeric"", ""impact"": -12.457, ""feature_value"": 5.0, ""direction"": ""lowers_risk""}, {""feature"": ""severity_score"", ""impact"": 8.191, ""feature_value"": 70.0, ""direction"": ""raises_risk""}, {""feature"": ""epss_numeric"", ""impact"": -4.712, ""feature_value"": 0.0, ""direction"": ""lowers_risk""}, {""feature"": ""time_decay_factor"", ""impact"": 4.086, ""feature_value"": 0.8, ""direction"": ""raises_risk""}, {""feature"": ""confidence_score"", ""impact"": -1.705, ""feature_value"": 0.4, ""direction"": ""lowers_risk""}]",P4_30D,14.533486325143743,0,
SOC-IMAGEPKG-88a148fc456e,finding/v7.1,k8s_best_practice,,Ajuster le manifeste Kubernetes,,,,,,Deployment Strategy,Makes sure that all Deployments targeted by service use RollingUpdate strategy | Deployment update strategy,HIGH,Deployment/apps/v1//timesheet-devops-mysql,,Ajuster le manifeste Kubernetes,Deployment/Deployment/apps/v1//timesheet-devops-mysql,https://kube-score.com/,,['kube-score'],kube-score,1,0.4,scanner_consensus_v1,['Deployment/Deployment/apps/v1//timesheet-devops-mysql'],image_pkg,deployment/deployment/apps/v1//timesheet-devops-mysql::deployment/apps/v1//timesheet-devops-mysql::deployment-strategy,['kube-score'],,0,Unknown,,0.0,0.0,0,,,,,unmatched,,,,,timesheet-devops-mysql,k8s_workload_target,0.7,FALSE,"[""no Ingress"", ""no LoadBalancer/NodePort externe confirme"", ""Service/timesheet-devops-mysql type=ClusterIP""]",0,0,1,8,prod,platform,default,"['internal-service', 'data']",0,0,1,0,0,[],[],99,[],True,False,0.0,timesheet-devops-mysql,0,0,[],34.8,1,deployment,,70,5.0,0.0,0.8,63.436800000000005,0.01,,,,-1,37.868465,28.80290282398244,33.33568412378321,9.065562176017561,0,45.4,,0.133,VERY_LOW,"[{""feature"": ""cvss_numeric"", ""impact"": -12.457, ""feature_value"": 5.0, ""direction"": ""lowers_risk""}, {""feature"": ""severity_score"", ""impact"": 8.191, ""feature_value"": 70.0, ""direction"": ""raises_risk""}, {""feature"": ""epss_numeric"", ""impact"": -4.712, ""feature_value"": 0.0, ""direction"": ""lowers_risk""}, {""feature"": ""time_decay_factor"", ""impact"": 4.086, ""feature_value"": 0.8, ""direction"": ""raises_risk""}, {""feature"": ""confidence_score"", ""impact"": -1.705, ""feature_value"": 0.4, ""direction"": ""lowers_risk""}]",P4_30D,14.533486325143743,0,
SOC-IMAGEPKG-a96162349222,finding/v7.1,k8s_best_practice,,Ajuster le manifeste Kubernetes,,,,,,Deployment Replicas,Makes sure that Deployment has multiple replicas | Deployment few replicas,HIGH,Deployment/apps/v1//timesheet-devops-mysql,,Ajuster le manifeste Kubernetes,Deployment/Deployment/apps/v1//timesheet-devops-mysql,https://kube-score.com/,,['kube-score'],kube-score,1,0.4,scanner_consensus_v1,['Deployment/Deployment/apps/v1//timesheet-devops-mysql'],image_pkg,deployment/deployment/apps/v1//timesheet-devops-mysql::deployment/apps/v1//timesheet-devops-mysql::deployment-replicas,['kube-score'],,0,Unknown,,0.0,0.0,0,,,,,unmatched,,,,,timesheet-devops-mysql,k8s_workload_target,0.7,FALSE,"[""no Ingress"", ""no LoadBalancer/NodePort externe confirme"", ""Service/timesheet-devops-mysql type=ClusterIP""]",0,0,1,8,prod,platform,default,"['internal-service', 'data']",0,0,1,0,0,[],[],99,[],True,False,0.0,timesheet-devops-mysql,0,0,[],34.8,1,deployment,,70,5.0,0.0,0.8,63.436800000000005,0.01,,,,-1,37.868465,28.80290282398244,33.33568412378321,9.065562176017561,0,45.4,,0.133,VERY_LOW,"[{""feature"": ""cvss_numeric"", ""impact"": -12.457, ""feature_value"": 5.0, ""direction"": ""lowers_risk""}, {""feature"": ""severity_score"", ""impact"": 8.191, ""feature_value"": 70.0, ""direction"": ""raises_risk""}, {""feature"": ""epss_numeric"", ""impact"": -4.712, ""feature_value"": 0.0, ""direction"": ""lowers_risk""}, {""feature"": ""time_decay_factor"", ""impact"": 4.086, ""feature_value"": 0.8, ""direction"": ""raises_risk""}, {""feature"": ""confidence_score"", ""impact"": -1.705, ""feature_value"": 0.4, ""direction"": ""lowers_risk""}]",P4_30D,14.533486325143743,0,
SOC-IMAGEPKG-db07e636d027,finding/v7.1,k8s_best_practice,,Ajuster le manifeste Kubernetes,,,,,,Deployment Replicas,Makes sure that Deployment has multiple replicas | Deployment few replicas,HIGH,Deployment/apps/v1//timesheet-devops,,Ajuster le manifeste Kubernetes,Deployment/Deployment/apps/v1//timesheet-devops,https://kube-score.com/,,['kube-score'],kube-score,1,0.4,scanner_consensus_v1,['Deployment/Deployment/apps/v1//timesheet-devops'],image_pkg,deployment/deployment/apps/v1//timesheet-devops::deployment/apps/v1//timesheet-devops::deployment-replicas,['kube-score'],,0,Unknown,,0.0,0.0,0,,,,,unmatched,,,,,timesheet-devops,k8s_workload_target,0.85,FALSE,"[""no Ingress"", ""no LoadBalancer/NodePort externe confirme"", ""Service/timesheet-devops type=ClusterIP""]",0,0,1,7,prod,platform,default,['internal-service'],0,0,1,0,0,[],[],99,[],True,False,0.0,timesheet-devops,0,0,[],32.8,1,deployment,,70,5.0,0.0,0.8,60.211200000000005,0.01,,,,-1,37.868465,28.80290282398244,33.33568412378321,9.065562176017561,0,44.1,,0.133,VERY_LOW,"[{""feature"": ""cvss_numeric"", ""impact"": -12.457, ""feature_value"": 5.0, ""direction"": ""lowers_risk""}, {""feature"": ""severity_score"", ""impact"": 8.191, ""feature_value"": 70.0, ""direction"": ""raises_risk""}, {""feature"": ""epss_numeric"", ""impact"": -4.712, ""feature_value"": 0.0, ""direction"": ""lowers_risk""}, {""feature"": ""time_decay_factor"", ""impact"": 4.086, ""feature_value"": 0.8, ""direction"": ""raises_risk""}, {""feature"": ""confidence_score"", ""impact"": -1.705, ""feature_value"": 0.4, ""direction"": ""lowers_risk""}]",P4_30D,14.533486325143743,0,
CVE-2023-6378,finding/v7.1,vulnerability,1.2.5,1.2.13,CVE-2023-6378,,,,,Denial of Service (DoS),"## Overview
[ch.qos.logback:logback-classic](https://mvnrepository.com/artifact/ch.qos.logback/logback-classic) is a reliable, generic, fast and flexible logging library for Java.

Affected versions of this package are vulnerable to Denial of Service (DoS). An attacker can mount a denial-of-service attack by sending poisoned data. This is only exploitable if logback receiver component is deployed.

## Details

Denial of Service (DoS) describes a family of attacks, all aimed at making a system inaccessible to its intended and legitimate users.

Unlike other vulnerabilities, DoS attacks usually do not aim at breaching security. Rather, they are focused on making websites and services unavailable to genuine users resulting in downtime.

One popular Denial of Service vulnerability is DDoS (a Distributed Denial of Service), an attack that attempts to clog network pipes to the system by generating a large volume of traffic from many machines.

When it comes to open source libraries, DoS vulnerabilities allow attackers to trigger such a crash or crippling of the service by using a flaw either in the application code or from the use of open source libraries.

Two common types of DoS vulnerabilities:

* High CPU/Memory Consumption- An attacker sending crafted requests that could cause the system to take a disproportionate amount of time to process. For example, [commons-fileupload:commons-fileupload](https://security.snyk.io/vuln/SNYK-JAVA-COMMONSFILEUPLOAD-30082).

* Crash - An attacker sending crafted requests that could cause the system to crash. For Example,  [npm `ws` package](https://snyk.io/vuln/npm:ws:20171108)

## Remediation
Upgrade `ch.qos.logback:logback-classic` to version 1.2.13, 1.3.12, 1.4.12 or higher.
## References
- [Changelog](https://logback.qos.ch/news.html#1.3.12)
- [GitHub Commit](https://github.com/qos-ch/logback/commit/9c782b45be4abdafb7e17481e24e7354c2acd1eb)
- [GitHub Commit](https://github.com/qos-ch/logback/commit/b8eac23a9de9e05fb6d51160b3f46acd91af9731)
- [GitHub Commit](https://github.com/qos-ch/logback/commit/bb095154be011267b64e37a1d401546e7cc2b7c3)
",HIGH,ch.qos.logback:logback-classic,7.1,1.2.13,tn.esprit.spring.services:timesheet-devops@1.0,,,['Snyk'],Snyk,1,0.6,scanner_consensus_v1,"['tn.esprit.spring.services:timesheet-devops@1.0', 'Java', 'pom.xml']",cve,CVE-2023-6378,['Snyk'],,0,Unknown,,0.009,0.57652,0,logback-classic,pkg:maven/ch.qos.logback/logback-classic@1.2.5?type=jar,1.2.5,,name_suffix,farahh448/timesheet-devops,sha256:7b0272947968067c8962590fa528cd14c1110e7c62c0023979032d2e3affeae4,,,timesheet-devops,image_digest,1.0,FALSE,"[""no Ingress"", ""no LoadBalancer/NodePort externe confirme"", ""Service/timesheet-devops type=ClusterIP""]",0,0,1,7,prod,platform,default,['internal-service'],0,0,1,0,0,[],[],99,[],True,False,0.0,timesheet-devops,0,0,[],32.9,1,deployment,58.0,70,7.1,0.009,0.8,65.2288,0.01,49.28845836505377,57.823829650878906,40.75308707922864,2,57.99942,41.36583854648036,49.68262935624799,16.63358145351964,0,55.9,55.7,0.722,HIGH,"[{""feature"": ""time_decay_factor"", ""impact"": 7.968, ""feature_value"": 0.8, ""direction"": ""raises_risk""}, {""feature"": ""severity_score"", ""impact"": 6.593, ""feature_value"": 70.0, ""direction"": ""raises_risk""}, {""feature"": ""confidence_score"", ""impact"": 1.693, ""feature_value"": 0.6, ""direction"": ""raises_risk""}, {""feature"": ""epss_numeric"", ""impact"": -1.585, ""feature_value"": 0.009, ""direction"": ""lowers_risk""}, {""feature"": ""cvss_numeric"", ""impact"": -1.134, ""feature_value"": 7.1, ""direction"": ""lowers_risk""}]",P3_7D,23.221579533634216,0,
SOC-PKGVERSION-28239cd93bf1,finding/v7.1,vulnerability,2.12.4,2.15.0-rc1,,,,,,Denial of Service (DoS),"## Overview
[com.fasterxml.jackson.core:jackson-core](https://github.com/FasterXML/jackson-core) is a Core Jackson abstractions, basic JSON streaming API implementation

Affected versions of this package are vulnerable to Denial of Service (DoS) due to missing input size validation when performing numeric type conversions. A remote attacker can exploit this vulnerability by causing the application to deserialize data containing certain numeric types with large values, causing the application to exhaust all available resources.

## Details

Denial of Service (DoS) describes a family of attacks, all aimed at making a system inaccessible to its intended and legitimate users.

Unlike other vulnerabilities, DoS attacks usually do not aim at breaching security. Rather, they are focused on making websites and services unavailable to genuine users resulting in downtime.

One popular Denial of Service vulnerability is DDoS (a Distributed Denial of Service), an attack that attempts to clog network pipes to the system by generating a large volume of traffic from many machines.

When it comes to open source libraries, DoS vulnerabilities allow attackers to trigger such a crash or crippling of the service by using a flaw either in the application code or from the use of open source libraries.

Two common types of DoS vulnerabilities:

* High CPU/Memory Consumption- An attacker sending crafted requests that could cause the system to take a disproportionate amount of time to process. For example, [commons-fileupload:commons-fileupload](https://security.snyk.io/vuln/SNYK-JAVA-COMMONSFILEUPLOAD-30082).

* Crash - An attacker sending crafted requests that could cause the system to crash. For Example,  [npm `ws` package](https://snyk.io/vuln/npm:ws:20171108)

## Remediation
Upgrade `com.fasterxml.jackson.core:jackson-core` to version 2.15.0-rc1 or higher.
## References
- [GitHub Commit](https://github.com/FasterXML/jackson-core/commit/3af7e3eda0076ed44414e671501da358c146c549)
- [GitHub Issue](https://github.com/FasterXML/jackson-core/issues/861)
- [GitHub PR](https://github.com/FasterXML/jackson-core/pull/827)
",HIGH,com.fasterxml.jackson.core:jackson-core,8.7,2.15.0-rc1,tn.esprit.spring.services:timesheet-devops@1.0,,,['Snyk'],Snyk,1,0.4,scanner_consensus_v1,['tn.esprit.spring.services:timesheet-devops@1.0'],pkg_version,com.fasterxml.jackson.core:jackson-core@2.12.4::SNYK-JAVA-COMFASTERXMLJACKSONCORE-7569538,['Snyk'],,0,Unknown,,0.0,0.0,0,jackson-core,pkg:maven/com.fasterxml.jackson.core/jackson-core@2.18.8?type=jar,2.18.8,,name_suffix,farahh448/timesheet-devops,sha256:7b0272947968067c8962590fa528cd14c1110e7c62c0023979032d2e3affeae4,,,timesheet-devops,image_digest,1.0,FALSE,"[""no Ingress"", ""no LoadBalancer/NodePort externe confirme"", ""Service/timesheet-devops type=ClusterIP""]",0,0,1,7,prod,platform,default,['internal-service'],0,0,1,0,0,[],[],99,[],True,False,0.0,timesheet-devops,0,0,[],32.8,1,deployment,,70,8.7,0.0,0.8,60.211200000000005,0.01,,,,-1,49.99862,47.27675522587585,48.63768715273285,2.7218647741241497,0,53.3,,0.722,HIGH,"[{""feature"": ""epss_numeric"", ""impact"": -5.597, ""feature_value"": 0.0, ""direction"": ""lowers_risk""}, {""feature"": ""time_decay_factor"", ""impact"": 5.439, ""feature_value"": 0.8, ""direction"": ""raises_risk""}, {""feature"": ""severity_score"", ""impact"": 4.89, ""feature_value"": 70.0, ""direction"": ""raises_risk""}, {""feature"": ""cvss_numeric"", ""impact"": 1.948, ""feature_value"": 8.7, ""direction"": ""raises_risk""}, {""feature"": ""confidence_score"", ""impact"": -1.147, ""feature_value"": 0.4, ""direction"": ""lowers_risk""}]",P3_7D,15.95223853288193,0,
CVE-2025-55752,finding/v7.1,vulnerability,9.0.52,9.0.109,CVE-2025-55752,,,,,Relative Path Traversal,"## Overview
[org.apache.tomcat.embed:tomcat-embed-core](https://mvnrepository.com/artifact/org.apache.tomcat.embed/tomcat-embed-core) is a Core Tomcat implementation.

Affected versions of this package are vulnerable to Relative Path Traversal via the URL normalization. An attacker can bypass security constraints and access restricted directories such as `/WEB-INF/` and `/META-INF/` by manipulating the request URI. If PUT requests are also enabled then malicious files could be uploaded leading to remote code execution.

**Note:**

1) Older, EOL versions may also be affected.
2) PUT requests are normally limited to trusted users and it is considered unlikely that PUT requests would be enabled in conjunction with a rewrite that manipulated the URI.
## Remediation
Upgrade `org.apache.tomcat.embed:tomcat-embed-core` to version 9.0.109, 10.1.45, 11.0.11 or higher.
## References
- [Apache Mailing List](https://lists.apache.org/thread/n05kjcwyj1s45ovs8ll1qrrojhfb1tog)
- [Apache Tomcat Advisory](https://tomcat.apache.org/security-10.html#Fixed_in_Apache_Tomcat_10.1.45)
- [Apache Tomcat Advisory](https://tomcat.apache.org/security-11.html#Fixed_in_Apache_Tomcat_11.0.11)
- [Apache Tomcat Advisory](https://tomcat.apache.org/security-9.html#Fixed_in_Apache_Tomcat_9.0.109)
- [GitHub Commit](https://github.com/apache/tomcat/commit/130d36d8492ef9e4eb22952c17c92423cb35fd06)
- [GitHub Commit](https://github.com/apache/tomcat/commit/b5042622b8b78340ae65403c55dcb9c7416924df)
- [GitHub Commit](https://github.com/apache/tomcat/commit/fec06c610ed7466b401e29cc567a58aee5ed826a)
- [PoC in GitHub](https://github.com/masahiro331/CVE-2025-55752)
",HIGH,org.apache.tomcat.embed:tomcat-embed-core,7.7,9.0.109,tn.esprit.spring.services:timesheet-devops@1.0,,,['Snyk'],Snyk,1,0.6,scanner_consensus_v1,"['tn.esprit.spring.services:timesheet-devops@1.0', 'Java', 'pom.xml']",cve,CVE-2025-55752,['Snyk'],,0,Unknown,,0.66535,0.99238,0,tomcat-embed-core,pkg:maven/org.apache.tomcat.embed/tomcat-embed-core@9.0.113?type=jar,9.0.113,,name_suffix,farahh448/timesheet-devops,sha256:7b0272947968067c8962590fa528cd14c1110e7c62c0023979032d2e3affeae4,,,timesheet-devops,image_digest,1.0,FALSE,"[""no Ingress"", ""no LoadBalancer/NodePort externe confirme"", ""Service/timesheet-devops type=ClusterIP""]",0,0,1,7,prod,platform,default,['internal-service'],0,0,1,0,0,[],[],99,[],True,False,0.0,timesheet-devops,0,0,[],46.1,1,deployment,65.0,70,7.7,0.66535,0.8,74.54719999999999,0.01,63.96982735311133,75.94189453125,51.99776017497267,4,65.00036,52.161839733877656,58.58109915771031,12.838520266122345,0,65.0,68.2,0.95,VERY_HIGH,"[{""feature"": ""time_decay_factor"", ""impact"": 8.541, ""feature_value"": 0.8, ""direction"": ""raises_risk""}, {""feature"": ""severity_score"", ""impact"": 8.454, ""feature_value"": 70.0, ""direction"": ""raises_risk""}, {""feature"": ""cvss_numeric"", ""impact"": 2.86, ""feature_value"": 7.7, ""direction"": ""raises_risk""}, {""feature"": ""confidence_score"", ""impact"": 1.498, ""feature_value"": 0.6, ""direction"": ""raises_risk""}, {""feature"": ""epss_numeric"", ""impact"": -0.818, ""feature_value"": 0.6653, ""direction"": ""lowers_risk""}]",P3_7D,23.993589880374266,0,
CVE-2026-0603,finding/v7.1,vulnerability,5.4.32.Final,No fix available,CVE-2026-0603,,,,,org.hibernate/hibernate-core: Hibernate: Information disclosure and data deletion via second-order SQL injection,"A flaw was found in Hibernate. A remote attacker with low privileges could exploit a second-order SQL injection vulnerability by providing specially crafted, unsanitized non-alphanumeric characters in the ID column when the InlineIdsOrClauseBuilder is used. This could lead to sensitive information disclosure, such as reading system files, and allow for data manipulation or deletion within the application's database, resulting in an application level denial of service.",HIGH,org.hibernate:hibernate-core,8.3,No fix available,Java,"https://access.redhat.com/errata/RHSA-2026:4915, https://access.redhat.com/errata/RHSA-2026:4916",2026-01-23T07:15:53.66Z,['Trivy'],Trivy,1,0.4,scanner_consensus_v1,"['Java', 'pom.xml']",cve,CVE-2026-0603,['Trivy'],,0,Unknown,,0.00814,0.54994,0,hibernate-core,pkg:maven/org.hibernate/hibernate-core@5.4.32.Final?type=jar,5.4.32.Final,,name_suffix,farahh448/timesheet-devops,sha256:7b0272947968067c8962590fa528cd14c1110e7c62c0023979032d2e3affeae4,,,timesheet-devops,image_digest,1.0,FALSE,"[""no Ingress"", ""no LoadBalancer/NodePort externe confirme"", ""Service/timesheet-devops type=ClusterIP""]",0,0,1,7,prod,platform,default,['internal-service'],0,0,1,0,0,[],[],99,[],True,False,0.0,timesheet-devops,0,0,[],32.9,1,deployment,,70,8.3,0.00814,0.7616438356164383,57.32436164383561,0.01,,,,-1,60.675224,36.793180127450285,48.73420221582475,23.882043872549716,0,52.2,,0.722,HIGH,"[{""feature"": ""severity_score"", ""impact"": 6.819, ""feature_value"": 70.0, ""direction"": ""raises_risk""}, {""feature"": ""time_decay_factor"", ""impact"": 4.827, ""feature_value"": 0.7616, ""direction"": ""raises_risk""}, {""feature"": ""cvss_numeric"", ""impact"": 3.765, ""feature_value"": 8.3, ""direction"": ""raises_risk""}, {""feature"": ""epss_numeric"", ""impact"": 1.903, ""feature_value"": 0.0081, ""direction"": ""raises_risk""}, {""feature"": ""confidence_score"", ""impact"": -1.104, ""feature_value"": 0.4, ""direction"": ""lowers_risk""}]",P3_7D,26.561282601022285,0,
CVE-2025-41249,finding/v7.1,vulnerability,5.3.9,6.2.11,CVE-2025-41249,,,,,Incorrect Authorization,"## Overview
[org.springframework:spring-core](http://search.maven.org/#search%7Cga%7C1%7Ca%3A%22spring-core%22) is a core package within the spring-framework that contains multiple classes and utilities.

Affected versions of this package are vulnerable to Incorrect Authorization via the `AnnotationsScanner` and `AnnotatedMethod` class. An attacker can gain unauthorized access to sensitive information by exploiting improper resolution of annotations on methods within type hierarchies that use parameterized supertypes with unbounded generics.

**Note:**
This is only exploitable if security annotations are used on methods in generic superclasses or generic interfaces and the `@EnableMethodSecurity` feature is enabled.
## Remediation
Upgrade `org.springframework:spring-core` to version 6.2.11 or higher.
## References
- [GitHub Commit](https://github.com/spring-projects/spring-framework/commit/6d710d482a6785b069e35022e81758953afc21ff)
- [GitHub Issue](https://github.com/spring-projects/spring-framework/issues/35342)
- [GitHub Release](https://github.com/spring-projects/spring-framework/releases/tag/v6.2.11)
- [Vendor Advisory](https://spring.io/security/cve-2025-41249)
",HIGH,org.springframework:spring-core,8.7,6.2.11,tn.esprit.spring.services:timesheet-devops@1.0,,,['Snyk'],Snyk,1,0.6,scanner_consensus_v1,"['tn.esprit.spring.services:timesheet-devops@1.0', 'Java', 'pom.xml']",cve,CVE-2025-41249,['Snyk'],,0,Unknown,,0.00461,0.38771,0,spring-core,pkg:maven/org.springframework/spring-core@5.3.39?type=jar,5.3.39,,name_suffix,farahh448/timesheet-devops,sha256:7b0272947968067c8962590fa528cd14c1110e7c62c0023979032d2e3affeae4,,,timesheet-devops,image_digest,1.0,FALSE,"[""no Ingress"", ""no LoadBalancer/NodePort externe confirme"", ""Service/timesheet-devops type=ClusterIP""]",0,0,1,7,prod,platform,default,['internal-service'],0,0,1,0,0,[],[],99,[],True,False,0.0,timesheet-devops,0,0,[],32.8,1,deployment,66.0,70,8.7,0.00461,0.8,65.2288,0.01,69.57877130501834,65.9371337890625,73.22040882097416,2,66.00016,77.95666017497318,71.97841019612918,11.956500174973186,0,69.3,67.8,0.95,VERY_HIGH,"[{""feature"": ""severity_score"", ""impact"": 7.325, ""feature_value"": 70.0, ""direction"": ""raises_risk""}, {""feature"": ""time_decay_factor"", ""impact"": 6.559, ""feature_value"": 0.8, ""direction"": ""raises_risk""}, {""feature"": ""cvss_numeric"", ""impact"": 3.974, ""feature_value"": 8.7, ""direction"": ""raises_risk""}, {""feature"": ""epss_numeric"", ""impact"": 2.169, ""feature_value"": 0.0046, ""direction"": ""raises_risk""}, {""feature"": ""confidence_score"", ""impact"": 1.508, ""feature_value"": 0.6, ""direction"": ""raises_risk""}]",P3_7D,27.571773146325345,0,
CVE-2025-48988,finding/v7.1,vulnerability,9.0.52,9.0.106,CVE-2025-48988,,,,,Allocation of Resources Without Limits or Throttling,"## Overview
[org.apache.tomcat.embed:tomcat-embed-core](https://mvnrepository.com/artifact/org.apache.tomcat.embed/tomcat-embed-core) is a Core Tomcat implementation.

Affected versions of this package are vulnerable to Allocation of Resources Without Limits or Throttling due to the uniform handling of request parameters and parts in multipart requests. An attacker can craft a malicious request with a large number of parts, which can lead to a Denial of Service.
## Remediation
Upgrade `org.apache.tomcat.embed:tomcat-embed-core` to version 9.0.106, 10.1.42, 11.0.8 or higher.
## References
- [Apache Tomcat Advisory](https://tomcat.apache.org/security-10.html)
- [Apache Tomcat Advisory](https://tomcat.apache.org/security-11.html)
- [Apache Tomcat Advisory](https://tomcat.apache.org/security-9.html)
- [Apache Tomcat Thread](https://lists.apache.org/thread/nzkqsok8t42qofgqfmck536mtyzygp18)
- [GitHub Commit](https://github.com/apache/tomcat/commit/2b0ab14fb55d4edc896e5f1817f2ab76f714ae5e)
- [GitHub Commit](https://github.com/apache/tomcat/commit/cdde8e655bc1c5c60a07efd216251d77c52fd7f6)
- [GitHub Commit](https://github.com/apache/tomcat/commit/ee8042ffce4cb9324dfd79efda5984f37bbb6910)
",HIGH,org.apache.tomcat.embed:tomcat-embed-core,8.7,9.0.106,tn.esprit.spring.services:timesheet-devops@1.0,,,['Snyk'],Snyk,1,0.6,scanner_consensus_v1,"['tn.esprit.spring.services:timesheet-devops@1.0', 'Java', 'pom.xml']",cve,CVE-2025-48988,['Snyk'],,0,Unknown,,0.5946,0.99066,0,tomcat-embed-core,pkg:maven/org.apache.tomcat.embed/tomcat-embed-core@9.0.113?type=jar,9.0.113,,name_suffix,farahh448/timesheet-devops,sha256:7b0272947968067c8962590fa528cd14c1110e7c62c0023979032d2e3affeae4,,,timesheet-devops,image_digest,1.0,FALSE,"[""no Ingress"", ""no LoadBalancer/NodePort externe confirme"", ""Service/timesheet-devops type=ClusterIP""]",0,0,1,7,prod,platform,default,['internal-service'],0,0,1,0,0,[],[],99,[],True,False,0.0,timesheet-devops,0,0,[],44.6,1,deployment,80.0,70,8.7,0.5946,0.8,74.54719999999999,0.01,67.32156787499628,73.99781036376953,60.64532538622303,2,79.998,64.13216089298018,72.0650809958065,15.865839107019823,0,73.1,70.2,0.95,VERY_HIGH,"[{""feature"": ""epss_numeric"", ""impact"": 10.05, ""feature_value"": 0.5946, ""direction"": ""raises_risk""}, {""feature"": ""time_decay_factor"", ""impact"": 9.82, ""feature_value"": 0.8, ""direction"": ""raises_risk""}, {""feature"": ""severity_score"", ""impact"": 8.872, ""feature_value"": 70.0, ""direction"": ""raises_risk""}, {""feature"": ""cvss_numeric"", ""impact"": 4.575, ""feature_value"": 8.7, ""direction"": ""raises_risk""}, {""feature"": ""confidence_score"", ""impact"": 2.217, ""feature_value"": 0.6, ""direction"": ""raises_risk""}]",P2_72H,29.55244385225186,0,
CVE-2025-48989,finding/v7.1,vulnerability,9.0.52,9.0.108,CVE-2025-48989,,,,,Improper Resource Shutdown or Release,"## Overview
[org.apache.tomcat.embed:tomcat-embed-core](https://mvnrepository.com/artifact/org.apache.tomcat.embed/tomcat-embed-core) is a Core Tomcat implementation.

Affected versions of this package are vulnerable to Improper Resource Shutdown or Release via the HTTP/2 Handler. An attacker can cause a denial of service by sending specially crafted requests that exploit improper handling of resource shutdown.
## Remediation
Upgrade `org.apache.tomcat.embed:tomcat-embed-core` to version 9.0.108, 10.1.44, 11.0.10 or higher.
## References
- [Apache Thread](https://lists.apache.org/thread/9ydfg0xr0tchmglcprhxgwhj0hfwxlyf)
- [Apache Tomcat Advisory](https://tomcat.apache.org/security-10.html)
- [Apache Tomcat Advisory](https://tomcat.apache.org/security-11.html)
- [Apache Tomcat Advisory](https://tomcat.apache.org/security-9.html)
- [GitHub Commit](https://github.com/apache/tomcat/commit/73c04a10395774bda71a0b37802cf983662ce255)
- [GitHub Commit](https://github.com/apache/tomcat/commit/f362c8eb3b8ec5b7f312f7f5610731c0fb299a06)
- [GitHub Commit](https://github.com/apache/tomcat/commit/f36b8a4eea4ce8a0bc035079e1d259d29f5eb7bf)
",HIGH,org.apache.tomcat.embed:tomcat-embed-core,8.7,9.0.108,tn.esprit.spring.services:timesheet-devops@1.0,,,['Snyk'],Snyk,1,0.6,scanner_consensus_v1,"['tn.esprit.spring.services:timesheet-devops@1.0', 'Java', 'pom.xml']",cve,CVE-2025-48989,['Snyk'],,0,Unknown,,0.03514,0.88541,0,tomcat-embed-core,pkg:maven/org.apache.tomcat.embed/tomcat-embed-core@9.0.113?type=jar,9.0.113,,name_suffix,farahh448/timesheet-devops,sha256:7b0272947968067c8962590fa528cd14c1110e7c62c0023979032d2e3affeae4,,,timesheet-devops,image_digest,1.0,FALSE,"[""no Ingress"", ""no LoadBalancer/NodePort externe confirme"", ""Service/timesheet-devops type=ClusterIP""]",0,0,1,7,prod,platform,default,['internal-service'],0,0,1,0,0,[],[],99,[],True,False,0.0,timesheet-devops,0,0,[],33.5,1,deployment,65.0,70,8.7,0.03514,0.8,65.2288,0.01,62.83805881127557,65.03079223632812,60.64532538622303,2,65.001366,64.13216089298018,64.56676327730064,0.8692051070198232,0,64.8,63.8,0.95,VERY_HIGH,"[{""feature"": ""time_decay_factor"", ""impact"": 8.719, ""feature_value"": 0.8, ""direction"": ""raises_risk""}, {""feature"": ""severity_score"", ""impact"": 7.249, ""feature_value"": 70.0, ""direction"": ""raises_risk""}, {""feature"": ""cvss_numeric"", ""impact"": 3.338, ""feature_value"": 8.7, ""direction"": ""raises_risk""}, {""feature"": ""confidence_score"", ""impact"": 1.792, ""feature_value"": 0.6, ""direction"": ""raises_risk""}, {""feature"": ""epss_numeric"", ""impact"": -0.562, ""feature_value"": 0.0351, ""direction"": ""lowers_risk""}]",P3_7D,19.804631536700104,0,
CVE-2025-49124,finding/v7.1,vulnerability,9.0.52,9.0.106,CVE-2025-49124,,,,,Untrusted Search Path,"## Overview
[org.apache.tomcat.embed:tomcat-embed-core](https://mvnrepository.com/artifact/org.apache.tomcat.embed/tomcat-embed-core) is a Core Tomcat implementation.

Affected versions of this package are vulnerable to Untrusted Search Path via the `icacls.exe` call during Windows installation, when a full path is not specified. An attacker can execute arbitrary code with elevated privileges by placing a malicious executable in a directory that is searched before the intended system directory.
## Remediation
Upgrade `org.apache.tomcat.embed:tomcat-embed-core` to version 9.0.106, 10.1.42, 11.0.8 or higher.
## References
- [Apache Advisory](https://lists.apache.org/thread/lnow7tt2j6hb9kcpkggx32ht6o90vqzv)
- [Apache Tomcat Advisory](https://tomcat.apache.org/security-10.html#Fixed_in_Apache_Tomcat_10.1.42)
- [Apache Tomcat Advisory](https://tomcat.apache.org/security-11.html#Fixed_in_Apache_Tomcat_11.0.8)
- [Apache Tomcat Advisory](https://tomcat.apache.org/security-9.html#Fixed_in_Apache_Tomcat_9.0.106)
- [GitHub Commit](https://github.com/apache/tomcat/commit/c56456cda8151c9504dfb7985700824559d769a7)
- [GitHub Commit](https://github.com/apache/tomcat/commit/e0e07812224d327a321babb554f5a5758d30cc49)
- [OSS Security Advisory](http://www.openwall.com/lists/oss-security/2025/06/16/3)
",HIGH,org.apache.tomcat.embed:tomcat-embed-core,7.5,9.0.106,tn.esprit.spring.services:timesheet-devops@1.0,,,['Snyk'],Snyk,1,0.4,scanner_consensus_v1,['tn.esprit.spring.services:timesheet-devops@1.0'],cve,CVE-2025-49124,['Snyk'],,0,Unknown,,0.00373,0.30733,0,tomcat-embed-core,pkg:maven/org.apache.tomcat.embed/tomcat-embed-core@9.0.113?type=jar,9.0.113,,name_suffix,farahh448/timesheet-devops,sha256:7b0272947968067c8962590fa528cd14c1110e7c62c0023979032d2e3affeae4,,,timesheet-devops,image_digest,1.0,FALSE,"[""no Ingress"", ""no LoadBalancer/NodePort externe confirme"", ""Service/timesheet-devops type=ClusterIP""]",0,0,1,7,prod,platform,default,['internal-service'],0,0,1,0,0,[],[],99,[],True,False,0.0,timesheet-devops,0,0,[],32.8,1,deployment,,70,7.5,0.00373,0.8,60.211200000000005,0.01,,,,-1,47.537098,46.52749077090241,47.0322943509053,1.0096072290975897,0,52.3,,0.722,HIGH,"[{""feature"": ""severity_score"", ""impact"": 5.445, ""feature_value"": 70.0, ""direction"": ""raises_risk""}, {""feature"": ""time_decay_factor"", ""impact"": 5.076, ""feature_value"": 0.8, ""direction"": ""raises_risk""}, {""feature"": ""cvss_numeric"", ""impact"": -3.301, ""feature_value"": 7.5, ""direction"": ""lowers_risk""}, {""feature"": ""epss_numeric"", ""impact"": -2.623, ""feature_value"": 0.0037, ""direction"": ""lowers_risk""}, {""feature"": ""confidence_score"", ""impact"": -1.526, ""feature_value"": 0.4, ""direction"": ""lowers_risk""}]",P3_7D,14.614491919820386,0,
CVE-2026-22737,finding/v7.1,vulnerability,5.3.9,6.2.17,CVE-2026-22737,,,,,Directory Traversal,"## Overview
[org.springframework:spring-webmvc](https://mvnrepository.com/artifact/org.springframework/spring-webmvc) is a package that provides Model-View-Controller (MVC) architecture and ready components that can be used to develop flexible and loosely coupled web applications.

Affected versions of this package are vulnerable to Directory Traversal via the Script View Templates. An attacker can access sensitive file contents outside of the intended directories by leveraging the Java scripting engine in template rendering.

**Note:**

This is only exploitable if the application has a mapping for `""/**""` that results in view rendering, and where the view name is not explicitly specified.

## Details

A Directory Traversal attack (also known as path traversal) aims to access files and directories that are stored outside the intended folder. By manipulating files with ""dot-dot-slash (../)"" sequences and its variations, or by using absolute file paths, it may be possible to access arbitrary files and directories stored on file system, including application source code, configuration, and other critical system files.

Directory Traversal vulnerabilities can be generally divided into two types:

- **Information Disclosure**: Allows the attacker to gain information about the folder structure or read the contents of sensitive files on the system.

`st` is a module for serving static files on web pages, and contains a [vulnerability of this type](https://snyk.io/vuln/npm:st:20140206). In our example, we will serve files from the `public` route.

If an attacker requests the following URL from our server, it will in turn leak the sensitive private key of the root user.

```
curl http://localhost:8080/public/%2e%2e/%2e%2e/%2e%2e/%2e%2e/%2e%2e/root/.ssh/id_rsa
```
**Note** `%2e` is the URL encoded version of `.` (dot).

- **Writing arbitrary files**: Allows the attacker to create or replace existing files. This type of vulnerability is also known as `Zip-Slip`. 

One way to achieve this is by using a malicious `zip` archive that holds path traversal filenames. When each filename in the zip archive gets concatenated to the target extraction folder, without validation, the final path ends up outside of the target folder. If an executable or a configuration file is overwritten with a file containing malicious code, the problem can turn into an arbitrary code execution issue quite easily.

The following is an example of a `zip` archive with one benign file and one malicious file. Extracting the malicious file will result in traversing out of the target folder, ending up in `/root/.ssh/` overwriting the `authorized_keys` file:

```
2018-04-15 22:04:29 .....           19           19  good.txt
2018-04-15 22:04:42 .....           20           20  ../../../../../../root/.ssh/authorized_keys
```

## Remediation
Upgrade `org.springframework:spring-webmvc` to version 6.2.17, 7.0.6 or higher.
## References
- [GitHub Commit](https://github.com/spring-projects/spring-framework/commit/317a1f9909a2394a5a1b03e5e17deb25066fbaf6)
- [Spring Advisory](https://spring.io/security/cve-2026-22737)
",HIGH,org.springframework:spring-webmvc,8.2,6.2.17,tn.esprit.spring.services:timesheet-devops@1.0,,,['Snyk'],Snyk,1,0.4,scanner_consensus_v1,['tn.esprit.spring.services:timesheet-devops@1.0'],cve,CVE-2026-22737,['Snyk'],,0,Unknown,,0.00385,0.3198,0,spring-webmvc,pkg:maven/org.springframework/spring-webmvc@5.3.39?type=jar,5.3.39,,name_suffix,farahh448/timesheet-devops,sha256:7b0272947968067c8962590fa528cd14c1110e7c62c0023979032d2e3affeae4,,,timesheet-devops,image_digest,1.0,FALSE,"[""no Ingress"", ""no LoadBalancer/NodePort externe confirme"", ""Service/timesheet-devops type=ClusterIP""]",0,0,1,7,prod,platform,default,['internal-service'],0,0,1,0,0,[],[],99,[],True,False,0.0,timesheet-devops,0,0,[],32.8,1,deployment,,70,8.2,0.00385,0.8,60.211200000000005,0.01,,,,-1,58.573303,46.52749077090241,52.55039699677933,12.045812229097592,0,55.6,,0.722,HIGH,"[{""feature"": ""severity_score"", ""impact"": 6.587, ""feature_value"": 70.0, ""direction"": ""raises_risk""}, {""feature"": ""time_decay_factor"", ""impact"": 5.914, ""feature_value"": 0.8, ""direction"": ""raises_risk""}, {""feature"": ""cvss_numeric"", ""impact"": 3.734, ""feature_value"": 8.2, ""direction"": ""raises_risk""}, {""feature"": ""confidence_score"", ""impact"": -1.146, ""feature_value"": 0.4, ""direction"": ""lowers_risk""}, {""feature"": ""epss_numeric"", ""impact"": -0.98, ""feature_value"": 0.0039, ""direction"": ""lowers_risk""}]",P3_7D,21.788025213582593,0,
CVE-2026-22740,finding/v7.1,vulnerability,5.3.9,6.2.18,CVE-2026-22740,,,,,Incomplete Cleanup,"## Overview
[org.springframework:spring-web](https://github.com/spring-projects/spring-framework) is a package that provides a comprehensive programming and configuration model for modern Java-based enterprise applications - on any kind of deployment platform.

Affected versions of this package are vulnerable to Incomplete Cleanup via multipart request handling in WebFlux. An attacker can exhaust disk space by sending multipart requests with large parts that trigger creation of temporary files, which under certain conditions are not deleted after the request completes, leading to accumulation of temp files and denial of service.
## Remediation
Upgrade `org.springframework:spring-web` to version 6.2.18, 7.0.7 or higher.
## References
- [GitHub Commit](https://github.com/spring-projects/spring-framework/commit/b338fdd99dd87974870f90ababb39fcb8727e1b4)
- [spring Security Advisory](https://spring.io/security/cve-2026-22740)
",HIGH,org.springframework:spring-web,7.1,6.2.18,tn.esprit.spring.services:timesheet-devops@1.0,,,['Snyk'],Snyk,1,0.4,scanner_consensus_v1,['tn.esprit.spring.services:timesheet-devops@1.0'],cve,CVE-2026-22740,['Snyk'],,0,Unknown,,0.00344,0.27596,0,spring-web,pkg:maven/org.springframework/spring-web@5.3.39?type=jar,5.3.39,,name_suffix,farahh448/timesheet-devops,sha256:7b0272947968067c8962590fa528cd14c1110e7c62c0023979032d2e3affeae4,,,timesheet-devops,image_digest,1.0,FALSE,"[""no Ingress"", ""no LoadBalancer/NodePort externe confirme"", ""Service/timesheet-devops type=ClusterIP""]",0,0,1,7,prod,platform,default,['internal-service'],0,0,1,0,0,[],[],99,[],True,False,0.0,timesheet-devops,0,0,[],32.8,1,deployment,,70,7.1,0.00344,0.8,60.211200000000005,0.01,,,,-1,47.814316,39.99627043848373,43.905293117191086,7.818045561516271,0,50.4,,0.649,HIGH,"[{""feature"": ""severity_score"", ""impact"": 5.414, ""feature_value"": 70.0, ""direction"": ""raises_risk""}, {""feature"": ""time_decay_factor"", ""impact"": 5.088, ""feature_value"": 0.8, ""direction"": ""raises_risk""}, {""feature"": ""epss_numeric"", ""impact"": -2.813, ""feature_value"": 0.0034, ""direction"": ""lowers_risk""}, {""feature"": ""cvss_numeric"", ""impact"": -2.762, ""feature_value"": 7.1, ""direction"": ""lowers_risk""}, {""feature"": ""confidence_score"", ""impact"": -1.578, ""feature_value"": 0.4, ""direction"": ""lowers_risk""}]",P3_7D,17.080610715915462,0,
CVE-2026-24880,finding/v7.1,vulnerability,9.0.52,9.0.116,CVE-2026-24880,,,,,HTTP Request Smuggling,"## Overview
[org.apache.tomcat.embed:tomcat-embed-core](https://mvnrepository.com/artifact/org.apache.tomcat.embed/tomcat-embed-core) is a Core Tomcat implementation.

Affected versions of this package are vulnerable to HTTP Request Smuggling in `ChunkedInputFilter`, when handling HTTP/1.1 requests with invalid chunk extensions. An attacker can interfere with the interpretation of HTTP requests and responses by injecting CRLF sequences and sending the payload to an application using a reverse proxy that allows those sequences.
## Remediation
Upgrade `org.apache.tomcat.embed:tomcat-embed-core` to version 9.0.116, 10.1.53, 11.0.20 or higher.
## References
- [Apache Mailing List](https://lists.apache.org/thread/2c682qnlg2tv4o5knlggqbl9yc2gb5sn)
- [GitHub Commit](https://github.com/apache/tomcat/commit/2cb06c34f661ca42f7570bbcc21e99806184bcc5)
- [GitHub Commit](https://github.com/apache/tomcat/commit/fde1a8235fb73125217bd41e162aa0a113f33552)
- [OSS Security Advisory](http://www.openwall.com/lists/oss-security/2026/04/09/20)
",HIGH,org.apache.tomcat.embed:tomcat-embed-core,8.2,9.0.116,tn.esprit.spring.services:timesheet-devops@1.0,,,['Snyk'],Snyk,1,0.4,scanner_consensus_v1,['tn.esprit.spring.services:timesheet-devops@1.0'],cve,CVE-2026-24880,['Snyk'],,0,Unknown,,0.0052,0.42644,0,tomcat-embed-core,pkg:maven/org.apache.tomcat.embed/tomcat-embed-core@9.0.113?type=jar,9.0.113,,name_suffix,farahh448/timesheet-devops,sha256:7b0272947968067c8962590fa528cd14c1110e7c62c0023979032d2e3affeae4,,,timesheet-devops,image_digest,1.0,FALSE,"[""no Ingress"", ""no LoadBalancer/NodePort externe confirme"", ""Service/timesheet-devops type=ClusterIP""]",0,0,1,7,prod,platform,default,['internal-service'],0,0,1,0,0,[],[],99,[],True,False,0.0,timesheet-devops,0,0,[],32.9,1,deployment,,70,8.2,0.0052,0.8,60.211200000000005,0.01,,,,-1,62.78877,44.18297087337663,53.48586982084359,18.605799126623367,0,56.2,,0.722,HIGH,"[{""feature"": ""severity_score"", ""impact"": 7.071, ""feature_value"": 70.0, ""direction"": ""raises_risk""}, {""feature"": ""time_decay_factor"", ""impact"": 6.237, ""feature_value"": 0.8, ""direction"": ""raises_risk""}, {""feature"": ""cvss_numeric"", ""impact"": 3.934, ""feature_value"": 8.2, ""direction"": ""raises_risk""}, {""feature"": ""epss_numeric"", ""impact"": 2.201, ""feature_value"": 0.0052, ""direction"": ""raises_risk""}, {""feature"": ""confidence_score"", ""impact"": -1.119, ""feature_value"": 0.4, ""direction"": ""lowers_risk""}]",P3_7D,25.34866050956476,0,
CVE-2026-29145,finding/v7.1,vulnerability,9.0.52,9.0.116,CVE-2026-29145,,,,,Improper Authentication,"## Overview
[org.apache.tomcat.embed:tomcat-embed-core](https://mvnrepository.com/artifact/org.apache.tomcat.embed/tomcat-embed-core) is a Core Tomcat implementation.

Affected versions of this package are vulnerable to Improper Authentication in `processOCSPRequest()`, which is part of the the `CLIENT_CERT` authentication process. An attacker can trigger a soft-fail of OCSP checks when soft-fail is disabled.
## Remediation
Upgrade `org.apache.tomcat.embed:tomcat-embed-core` to version 9.0.116, 10.1.53, 11.0.20 or higher.
## References
- [Apache Mailing List](https://lists.apache.org/thread/yz5fxmhd2j43wgqykssdo7kltws57jfz)
- [GitHub Commit](https://github.com/apache/tomcat/commit/721591f7bff424c693f26adc18ae9b9abac3655b)
- [GitHub Commit](https://github.com/apache/tomcat-native/commit/a0127f7d3b68dca553261f8d7d3540bfeeafc0d2)
- [OSS Security Advisory](http://www.openwall.com/lists/oss-security/2026/04/09/23)
",HIGH,org.apache.tomcat.embed:tomcat-embed-core,8.8,9.0.116,tn.esprit.spring.services:timesheet-devops@1.0,,,['Snyk'],Snyk,1,0.4,scanner_consensus_v1,['tn.esprit.spring.services:timesheet-devops@1.0'],cve,CVE-2026-29145,['Snyk'],,0,Unknown,,0.00715,0.51725,0,tomcat-embed-core,pkg:maven/org.apache.tomcat.embed/tomcat-embed-core@9.0.113?type=jar,9.0.113,,name_suffix,farahh448/timesheet-devops,sha256:7b0272947968067c8962590fa528cd14c1110e7c62c0023979032d2e3affeae4,,,timesheet-devops,image_digest,1.0,FALSE,"[""no Ingress"", ""no LoadBalancer/NodePort externe confirme"", ""Service/timesheet-devops type=ClusterIP""]",0,0,1,7,prod,platform,default,['internal-service'],0,0,1,0,0,[],[],99,[],True,False,0.0,timesheet-devops,0,0,[],32.9,1,deployment,65.0,70,8.8,0.00715,0.8,60.211200000000005,0.01,52.59110104729436,61.02724456787109,44.15495752671762,3,64.99848,49.45080558118376,57.22464366583602,15.547674418816243,0,58.4,55.6,0.85,VERY_HIGH,"[{""feature"": ""severity_score"", ""impact"": 6.793, ""feature_value"": 70.0, ""direction"": ""raises_risk""}, {""feature"": ""time_decay_factor"", ""impact"": 6.448, ""feature_value"": 0.8, ""direction"": ""raises_risk""}, {""feature"": ""cvss_numeric"", ""impact"": 5.755, ""feature_value"": 8.8, ""direction"": ""raises_risk""}, {""feature"": ""epss_numeric"", ""impact"": 2.642, ""feature_value"": 0.0072, ""direction"": ""raises_risk""}, {""feature"": ""confidence_score"", ""impact"": -1.104, ""feature_value"": 0.4, ""direction"": ""lowers_risk""}]",P3_7D,24.941230309158925,0,
CVE-2025-53506,finding/v7.1,vulnerability,9.0.52,9.0.107,CVE-2025-53506,,,,,Allocation of Resources Without Limits or Throttling,"## Overview
[org.apache.tomcat.embed:tomcat-embed-core](https://mvnrepository.com/artifact/org.apache.tomcat.embed/tomcat-embed-core) is a Core Tomcat implementation.

Affected versions of this package are vulnerable to Allocation of Resources Without Limits or Throttling via HTTP/2 multiplexing feature. an attacker can trigger resource exhaustion by creating excessive HTTP/2 streams within a single TCP connection.
## Remediation
Upgrade `org.apache.tomcat.embed:tomcat-embed-core` to version 9.0.107, 10.1.43, 11.0.9 or higher.
## References
- [Apache Tomcat Advisory](https://lists.apache.org/thread/p09775q0rd185m6zz98krg0fp45j8kr0)
- [Apache Tomcat Advisory](https://tomcat.apache.org/security-10.html)
- [Apache Tomcat Advisory](https://tomcat.apache.org/security-11.html)
- [Apache Tomcat Advisory](https://tomcat.apache.org/security-9.html)
- [GitHub Commit](https://github.com/apache/tomcat/commit/434772930f362145516dd60681134e7f0cf8115b)
",HIGH,org.apache.tomcat.embed:tomcat-embed-core,8.7,9.0.107,tn.esprit.spring.services:timesheet-devops@1.0,,,['Snyk'],Snyk,1,0.6,scanner_consensus_v1,"['tn.esprit.spring.services:timesheet-devops@1.0', 'Java', 'pom.xml']",cve,CVE-2025-53506,['Snyk'],,0,Unknown,,0.01991,0.79512,0,tomcat-embed-core,pkg:maven/org.apache.tomcat.embed/tomcat-embed-core@9.0.113?type=jar,9.0.113,,name_suffix,farahh448/timesheet-devops,sha256:7b0272947968067c8962590fa528cd14c1110e7c62c0023979032d2e3affeae4,,,timesheet-devops,image_digest,1.0,FALSE,"[""no Ingress"", ""no LoadBalancer/NodePort externe confirme"", ""Service/timesheet-devops type=ClusterIP""]",0,0,1,7,prod,platform,default,['internal-service'],0,0,1,0,0,[],[],99,[],True,False,0.0,timesheet-devops,0,0,[],33.1,1,deployment,66.0,70,8.7,0.01991,0.8,65.2288,0.01,63.921836219293546,63.06037521362305,64.78329722496404,1,66.00065,71.31019093266066,68.6554197155979,5.309540932660667,0,67.3,64.4,0.95,VERY_HIGH,"[{""feature"": ""time_decay_factor"", ""impact"": 8.716, ""feature_value"": 0.8, ""direction"": ""raises_risk""}, {""feature"": ""severity_score"", ""impact"": 7.375, ""feature_value"": 70.0, ""direction"": ""raises_risk""}, {""feature"": ""cvss_numeric"", ""impact"": 3.593, ""feature_value"": 8.7, ""direction"": ""raises_risk""}, {""feature"": ""confidence_score"", ""impact"": 1.765, ""feature_value"": 0.6, ""direction"": ""raises_risk""}, {""feature"": ""epss_numeric"", ""impact"": 0.088, ""feature_value"": 0.0199, ""direction"": ""raises_risk""}]",P3_7D,23.2513963810097,0,
CVE-2025-52999,finding/v7.1,vulnerability,2.12.4,2.15.0-rc1,CVE-2025-52999,,,,,Stack-based Buffer Overflow,"## Overview
[com.fasterxml.jackson.core:jackson-core](https://github.com/FasterXML/jackson-core) is a Core Jackson abstractions, basic JSON streaming API implementation

Affected versions of this package are vulnerable to Stack-based Buffer Overflow due to the `parse` process, which accepts an unlimited input file with deeply nested data. An attacker can cause a stack overflow and crash the application by providing input files with excessively deep nesting.
## Remediation
Upgrade `com.fasterxml.jackson.core:jackson-core` to version 2.15.0-rc1 or higher.
## References
- [GitHub Commit](https://github.com/FasterXML/jackson-core/commit/54f78a9cff5e3bace1cf8042ac1b4c3785dc9f5e)
- [GitHub PR](https://github.com/FasterXML/jackson-core/pull/943)
",HIGH,com.fasterxml.jackson.core:jackson-core,8.7,2.15.0-rc1,tn.esprit.spring.services:timesheet-devops@1.0,,,['Snyk'],Snyk,1,0.6,scanner_consensus_v1,"['tn.esprit.spring.services:timesheet-devops@1.0', 'Java', 'pom.xml']",cve,CVE-2025-52999,['Snyk'],,0,Unknown,,0.00665,0.49814,0,jackson-core,pkg:maven/com.fasterxml.jackson.core/jackson-core@2.18.8?type=jar,2.18.8,,name_suffix,farahh448/timesheet-devops,sha256:7b0272947968067c8962590fa528cd14c1110e7c62c0023979032d2e3affeae4,,,timesheet-devops,image_digest,1.0,FALSE,"[""no Ingress"", ""no LoadBalancer/NodePort externe confirme"", ""Service/timesheet-devops type=ClusterIP""]",0,0,1,7,prod,platform,default,['internal-service'],0,0,1,0,0,[],[],99,[],True,False,0.0,timesheet-devops,0,0,[],32.9,1,deployment,66.0,70,8.7,0.00665,0.8,65.2288,0.01,72.67138899813204,65.99601745605469,79.34676054020942,4,66.00016,72.330827376815,69.16549379705008,6.330667376815001,0,67.6,69.7,0.95,VERY_HIGH,"[{""feature"": ""severity_score"", ""impact"": 7.325, ""feature_value"": 70.0, ""direction"": ""raises_risk""}, {""feature"": ""time_decay_factor"", ""impact"": 6.559, ""feature_value"": 0.8, ""direction"": ""raises_risk""}, {""feature"": ""cvss_numeric"", ""impact"": 3.973, ""feature_value"": 8.7, ""direction"": ""raises_risk""}, {""feature"": ""epss_numeric"", ""impact"": 2.186, ""feature_value"": 0.0066, ""direction"": ""raises_risk""}, {""feature"": ""confidence_score"", ""impact"": 1.492, ""feature_value"": 0.6, ""direction"": ""raises_risk""}]",P3_7D,23.91498182752252,0,
CVE-2025-52520,finding/v7.1,vulnerability,9.0.52,9.0.107,CVE-2025-52520,,,,,Integer Overflow or Wraparound,"## Overview
[org.apache.tomcat.embed:tomcat-embed-core](https://mvnrepository.com/artifact/org.apache.tomcat.embed/tomcat-embed-core) is a Core Tomcat implementation.

Affected versions of this package are vulnerable to Integer Overflow or Wraparound via file uploads through servlet containers. An attacker can craft malicious multipart/form-data requests with specially crafted Content-Length headers that trigger integer overflow vulnerabilities, potentially bypassing file size restrictions and causing memory exhaustion.
## Remediation
Upgrade `org.apache.tomcat.embed:tomcat-embed-core` to version 9.0.107, 10.1.43, 11.0.9 or higher.
## References
- [Apache Advisory](https://lists.apache.org/thread/trqq01bbxw6c92zx69kx2mw2qgmfy0o5)
- [Apache Tomcat Advisory](https://tomcat.apache.org/security-9.html)
- [GitHub Commit](https://github.com/apache/tomcat/commit/927d66fbc294cb65242102b817a45fd80834e040)
",HIGH,org.apache.tomcat.embed:tomcat-embed-core,8.7,9.0.107,tn.esprit.spring.services:timesheet-devops@1.0,,,['Snyk'],Snyk,1,0.6,scanner_consensus_v1,"['tn.esprit.spring.services:timesheet-devops@1.0', 'Java', 'pom.xml']",cve,CVE-2025-52520,['Snyk'],,0,Unknown,,0.02056,0.80206,0,tomcat-embed-core,pkg:maven/org.apache.tomcat.embed/tomcat-embed-core@9.0.113?type=jar,9.0.113,,name_suffix,farahh448/timesheet-devops,sha256:7b0272947968067c8962590fa528cd14c1110e7c62c0023979032d2e3affeae4,,,timesheet-devops,image_digest,1.0,FALSE,"[""no Ingress"", ""no LoadBalancer/NodePort externe confirme"", ""Service/timesheet-devops type=ClusterIP""]",0,0,1,7,prod,platform,default,['internal-service'],0,0,1,0,0,[],[],99,[],True,False,0.0,timesheet-devops,0,0,[],33.2,1,deployment,,70,8.7,0.02056,0.8,65.2288,0.01,,,,-1,66.00065,71.31019093266066,68.6554197155979,5.309540932660667,0,67.3,,0.95,VERY_HIGH,"[{""feature"": ""time_decay_factor"", ""impact"": 8.716, ""feature_value"": 0.8, ""direction"": ""raises_risk""}, {""feature"": ""severity_score"", ""impact"": 7.375, ""feature_value"": 70.0, ""direction"": ""raises_risk""}, {""feature"": ""cvss_numeric"", ""impact"": 3.593, ""feature_value"": 8.7, ""direction"": ""raises_risk""}, {""feature"": ""confidence_score"", ""impact"": 1.765, ""feature_value"": 0.6, ""direction"": ""raises_risk""}, {""feature"": ""epss_numeric"", ""impact"": 0.088, ""feature_value"": 0.0206, ""direction"": ""raises_risk""}]",P3_7D,23.2513963810097,0,
CVE-2025-52434,finding/v7.1,vulnerability,9.0.52,9.0.107,CVE-2025-52434,,,,,Race Condition,"## Overview
[org.apache.tomcat.embed:tomcat-embed-core](https://mvnrepository.com/artifact/org.apache.tomcat.embed/tomcat-embed-core) is a Core Tomcat implementation.

Affected versions of this package are vulnerable to Race Condition on connection close when using the APR/Native connector. An attacker could trigger a JVM crash by rapidly opening and closing HTTP/2 connections. The likelihood of hitting the race condition increases if the connections are closed from the client side.
## Remediation
Upgrade `org.apache.tomcat.embed:tomcat-embed-core` to version 9.0.107 or higher.
## References
- [Apache Advisory](https://lists.apache.org/thread/gxgh65004f25y8519coth6w7vchww030)
- [Apache Tomcat Advisory](https://tomcat.apache.org/security-9.html)
- [GitHub Commit](https://github.com/apache/tomcat/commit/8a83c3c42d20762782678932c14005cd3397a018)
",HIGH,org.apache.tomcat.embed:tomcat-embed-core,8.9,9.0.107,tn.esprit.spring.services:timesheet-devops@1.0,,,['Snyk'],Snyk,1,0.4,scanner_consensus_v1,['tn.esprit.spring.services:timesheet-devops@1.0'],cve,CVE-2025-52434,['Snyk'],,0,Unknown,,0.01909,0.78608,0,tomcat-embed-core,pkg:maven/org.apache.tomcat.embed/tomcat-embed-core@9.0.113?type=jar,9.0.113,,name_suffix,farahh448/timesheet-devops,sha256:7b0272947968067c8962590fa528cd14c1110e7c62c0023979032d2e3affeae4,,,timesheet-devops,image_digest,1.0,FALSE,"[""no Ingress"", ""no LoadBalancer/NodePort externe confirme"", ""Service/timesheet-devops type=ClusterIP""]",0,0,1,7,prod,platform,default,['internal-service'],0,0,1,0,0,[],[],99,[],True,False,0.0,timesheet-devops,0,0,[],33.1,1,deployment,64.0,70,8.9,0.01909,0.8,60.211200000000005,0.01,50.67137091594826,58.81974792480469,42.52299390709184,1,64.00072,48.430169137029445,56.215443150057695,15.570550862970556,0,57.8,54.5,0.722,HIGH,"[{""feature"": ""time_decay_factor"", ""impact"": 7.132, ""feature_value"": 0.8, ""direction"": ""raises_risk""}, {""feature"": ""severity_score"", ""impact"": 6.89, ""feature_value"": 70.0, ""direction"": ""raises_risk""}, {""feature"": ""cvss_numeric"", ""impact"": 4.712, ""feature_value"": 8.9, ""direction"": ""raises_risk""}, {""feature"": ""epss_numeric"", ""impact"": 1.876, ""feature_value"": 0.0191, ""direction"": ""raises_risk""}, {""feature"": ""confidence_score"", ""impact"": -1.073, ""feature_value"": 0.4, ""direction"": ""lowers_risk""}]",P3_7D,24.649908376502587,0,
CVE-2024-38816,finding/v7.1,vulnerability,5.3.9,6.1.13,CVE-2024-38816,,,,,Path Traversal,"## Overview
[org.springframework:spring-webmvc](https://mvnrepository.com/artifact/org.springframework/spring-webmvc) is a package that provides Model-View-Controller (MVC) architecture and ready components that can be used to develop flexible and loosely coupled web applications.

Affected versions of this package are vulnerable to Path Traversal via the `WebMvc.fn` and `WebFlux.fn` frameworks. An attacker can access any file on the file system that is also accessible to the process in which the Spring application is running by crafting malicious HTTP requests.

**Note:**

This is only exploitable if the web application uses `RouterFunctions` to serve static resources and resource handling is explicitly configured with a `FileSystemResource` location.

## Workaround

This vulnerability can be mitigated by using the Spring Security HTTP Firewall or running the application on Tomcat or Jetty.
## Remediation
Upgrade `org.springframework:spring-webmvc` to version 6.1.13 or higher.
## References
- [GitHub Commit](https://github.com/spring-projects/spring-framework/commit/d86bf8b2056429edf5494456cffcb2b243331c49)
- [Spring Security Advisory](https://spring.io/security/cve-2024-38816)
- [Nuclei Templates](https://github.com/projectdiscovery/nuclei-templates/blob/main/http/cves/2024/CVE-2024-38816.yaml)
- [PoC in GitHub](https://github.com/WULINPIN/CVE-2024-38816-PoC)
",HIGH,org.springframework:spring-webmvc,8.7,6.1.13,tn.esprit.spring.services:timesheet-devops@1.0,,,['Snyk'],Snyk,1,0.6,scanner_consensus_v1,"['tn.esprit.spring.services:timesheet-devops@1.0', 'Java', 'pom.xml']",cve,CVE-2024-38816,['Snyk'],,0,Unknown,,0.14718,0.96471,0,spring-webmvc,pkg:maven/org.springframework/spring-webmvc@5.3.39?type=jar,5.3.39,,name_suffix,farahh448/timesheet-devops,sha256:7b0272947968067c8962590fa528cd14c1110e7c62c0023979032d2e3affeae4,,,timesheet-devops,image_digest,1.0,FALSE,"[""no Ingress"", ""no LoadBalancer/NodePort externe confirme"", ""Service/timesheet-devops type=ClusterIP""]",0,0,1,7,prod,platform,default,['internal-service'],0,0,1,0,0,[],[],99,[],True,False,0.0,timesheet-devops,0,0,[],35.7,1,deployment,66.0,70,8.7,0.14718,0.8,65.2288,0.01,68.63598760173983,72.48867797851562,64.78329722496404,1,66.000916,64.13216089298018,65.06653821016197,1.8687551070198225,0,65.1,67.3,0.95,VERY_HIGH,"[{""feature"": ""time_decay_factor"", ""impact"": 9.021, ""feature_value"": 0.8, ""direction"": ""raises_risk""}, {""feature"": ""severity_score"", ""impact"": 7.505, ""feature_value"": 70.0, ""direction"": ""raises_risk""}, {""feature"": ""cvss_numeric"", ""impact"": 3.293, ""feature_value"": 8.7, ""direction"": ""raises_risk""}, {""feature"": ""confidence_score"", ""impact"": 1.32, ""feature_value"": 0.6, ""direction"": ""raises_risk""}, {""feature"": ""epss_numeric"", ""impact"": 0.397, ""feature_value"": 0.1472, ""direction"": ""raises_risk""}]",P3_7D,20.4543390165585,0,
CVE-2024-38819,finding/v7.1,vulnerability,5.3.9,6.1.14,CVE-2024-38819,,,,,Path Traversal,"## Overview
[org.springframework:spring-webmvc](https://mvnrepository.com/artifact/org.springframework/spring-webmvc) is a package that provides Model-View-Controller (MVC) architecture and ready components that can be used to develop flexible and loosely coupled web applications.

Affected versions of this package are vulnerable to Path Traversal through the functional web frameworks `WebMvc.fn` or `WebFlux.fn`. An attacker can craft malicious HTTP requests and obtain any file on the file system that is also accessible.

**Note:**
This is similar to [CVE-2024-38816](https://security.snyk.io/vuln/SNYK-JAVA-ORGSPRINGFRAMEWORK-7945490), but with different input.
## Remediation
Upgrade `org.springframework:spring-webmvc` to version 6.1.14 or higher.
## References
- [GitHub Commit](https://github.com/spring-projects/spring-framework/commit/fb7890d73975a3d9e0763e0926df2bd0a608e87e)
- [Spring Security Advisory](https://spring.io/security/cve-2024-38819)
- [PoC in GitHub](https://github.com/masa42/CVE-2024-38819-POC)
- [Nuclei Templates](https://github.com/projectdiscovery/nuclei-templates/blob/main/http/cves/2024/CVE-2024-38819.yaml)
",HIGH,org.springframework:spring-webmvc,8.7,6.1.14,tn.esprit.spring.services:timesheet-devops@1.0,,,['Snyk'],Snyk,1,0.6,scanner_consensus_v1,"['tn.esprit.spring.services:timesheet-devops@1.0', 'Java', 'pom.xml']",cve,CVE-2024-38819,['Snyk'],,0,Unknown,,0.54862,0.98962,0,spring-webmvc,pkg:maven/org.springframework/spring-webmvc@5.3.39?type=jar,5.3.39,,name_suffix,farahh448/timesheet-devops,sha256:7b0272947968067c8962590fa528cd14c1110e7c62c0023979032d2e3affeae4,,,timesheet-devops,image_digest,1.0,FALSE,"[""no Ingress"", ""no LoadBalancer/NodePort externe confirme"", ""Service/timesheet-devops type=ClusterIP""]",0,0,1,7,prod,platform,default,['internal-service'],0,0,1,0,0,[],[],99,[],True,False,0.0,timesheet-devops,0,0,[],43.7,1,deployment,74.0,70,8.7,0.54862,0.8,74.54719999999999,0.01,68.2165870074497,76.0185317993164,60.41464221558301,0,74.00088,64.13216089298018,69.06651913667564,9.868719107019814,0,71.3,70.7,0.95,VERY_HIGH,"[{""feature"": ""time_decay_factor"", ""impact"": 9.571, ""feature_value"": 0.8, ""direction"": ""raises_risk""}, {""feature"": ""severity_score"", ""impact"": 8.605, ""feature_value"": 70.0, ""direction"": ""raises_risk""}, {""feature"": ""epss_numeric"", ""impact"": 5.765, ""feature_value"": 0.5486, ""direction"": ""raises_risk""}, {""feature"": ""cvss_numeric"", ""impact"": 3.681, ""feature_value"": 8.7, ""direction"": ""raises_risk""}, {""feature"": ""confidence_score"", ""impact"": 1.915, ""feature_value"": 0.6, ""direction"": ""raises_risk""}]",P2_72H,25.654315294512596,0,
CVE-2025-22235,finding/v7.1,vulnerability,2.5.4,"3.3.11, 3.4.5",CVE-2025-22235,,,,,org.springframework.boot/spring-boot: Spring Boot EndpointRequest.to() creates wrong matcher if actuator endpoint is not exposed,"EndpointRequest.to() creates a matcher for null/** if the actuator endpoint, for which the EndpointRequest has been created, is disabled or not exposed.

Your application may be affected by this if all the following conditions are met:

  *  You use Spring Security
  *  EndpointRequest.to() has been used in a Spring Security chain configuration
  *  The endpoint which EndpointRequest references is disabled or not exposed via web
  *  Your application handles requests to /null and this path needs protection


You are not affected if any of the following is true:

  *  You don't use Spring Security
  *  You don't use EndpointRequest.to()
  *  The endpoint which EndpointRequest.to() refers to is enabled and is exposed
  *  Your application does not handle requests to /null or this path does not need protection",HIGH,org.springframework.boot:spring-boot,7.3,"3.3.11, 3.4.5",Java,"https://access.redhat.com/security/cve/CVE-2025-22235, https://github.com/advisories/GHSA-rc42-6c7j-7h5r",2025-04-28T08:15:15.273Z,['Trivy'],Trivy,1,0.4,scanner_consensus_v1,"['Java', 'pom.xml']",cve,CVE-2025-22235,['Trivy'],,0,Unknown,,0.00415,0.35038,0,spring-boot,pkg:maven/org.springframework.boot/spring-boot@2.5.4?type=jar,2.5.4,,name_suffix,farahh448/timesheet-devops,sha256:7b0272947968067c8962590fa528cd14c1110e7c62c0023979032d2e3affeae4,,,timesheet-devops,image_digest,1.0,FALSE,"[""no Ingress"", ""no LoadBalancer/NodePort externe confirme"", ""Service/timesheet-devops type=ClusterIP""]",0,0,1,7,prod,platform,default,['internal-service'],0,0,1,0,0,[],[],99,[],True,False,0.0,timesheet-devops,0,0,[],32.8,1,deployment,45.0,70,7.3,0.00415,0.4842465753424658,36.44633424657535,0.01,53.99515736641227,69.30487823486328,38.68543649796126,1,45.00147,46.52749077090241,45.76447971467484,1.526020770902413,0,42.0,47.0,0.722,HIGH,"[{""feature"": ""severity_score"", ""impact"": 5.133, ""feature_value"": 70.0, ""direction"": ""raises_risk""}, {""feature"": ""time_decay_factor"", ""impact"": 3.624, ""feature_value"": 0.4842, ""direction"": ""raises_risk""}, {""feature"": ""cvss_numeric"", ""impact"": -3.554, ""feature_value"": 7.3, ""direction"": ""lowers_risk""}, {""feature"": ""epss_numeric"", ""impact"": -3.14, ""feature_value"": 0.0042, ""direction"": ""lowers_risk""}, {""feature"": ""confidence_score"", ""impact"": -1.527, ""feature_value"": 0.4, ""direction"": ""lowers_risk""}]",P4_30D,14.492354299853659,0,
CVE-2025-41242,finding/v7.1,vulnerability,5.3.9,6.2.10,CVE-2025-41242,,,,,Relative Path Traversal,"## Overview
[org.springframework:spring-beans](https://www.baeldung.com/spring-bean) is a package that is the basis for Spring Framework's IoC container. The BeanFactory interface provides an advanced configuration mechanism capable of managing any type of object.

Affected versions of this package are vulnerable to Relative Path Traversal when deployed on non-compliant Servlet containers. An unauthenticated attacker could gain access to files and directories outside the intended web root.

**Notes:**

1) This is only exploitable if the application is deployed as a WAR or with an embedded Servlet container, the Servlet container does not reject suspicious sequences and the application serves static resources with Spring resource handling.

2) Applications deployed on Apache Tomcat or Eclipse Jetty are not vulnerable, as long as default security features are not disabled in the configuration.

3) This vulnerability was also fixed in the commercial versions 6.1.22 and 5.3.44.
## Remediation
Upgrade `org.springframework:spring-beans` to version 6.2.10 or higher.
## References
- [GitHub Commit](https://github.com/spring-projects/spring-framework/commit/3781ba223ed76823b99e9c699e0957b391e22bf9)
- [GitHub Release](https://github.com/spring-projects/spring-framework/releases/tag/v6.2.10)
- [Spring Release](https://spring.io/blog/2025/08/14/spring-framework-6-2-10-release-fixes-cve-2025-41242)
- [Vendor Advisory](https://spring.io/security/cve-2025-41242)
",HIGH,org.springframework:spring-beans,8.2,6.2.10,tn.esprit.spring.services:timesheet-devops@1.0,,,['Snyk'],Snyk,1,0.4,scanner_consensus_v1,['tn.esprit.spring.services:timesheet-devops@1.0'],cve,CVE-2025-41242,['Snyk'],,0,Unknown,,0.02054,0.80186,0,spring-beans,pkg:maven/org.springframework/spring-beans@5.3.39?type=jar,5.3.39,,name_suffix,farahh448/timesheet-devops,sha256:7b0272947968067c8962590fa528cd14c1110e7c62c0023979032d2e3affeae4,,,timesheet-devops,image_digest,1.0,FALSE,"[""no Ingress"", ""no LoadBalancer/NodePort externe confirme"", ""Service/timesheet-devops type=ClusterIP""]",0,0,1,7,prod,platform,default,['internal-service'],0,0,1,0,0,[],[],99,[],True,False,0.0,timesheet-devops,0,0,[],33.2,1,deployment,,70,8.2,0.02054,0.8,60.211200000000005,0.01,,,,-1,61.99996,36.459847977926856,49.2299049154771,25.540112022073146,0,53.6,,0.722,HIGH,"[{""feature"": ""time_decay_factor"", ""impact"": 8.396, ""feature_value"": 0.8, ""direction"": ""raises_risk""}, {""feature"": ""severity_score"", ""impact"": 7.115, ""feature_value"": 70.0, ""direction"": ""raises_risk""}, {""feature"": ""cvss_numeric"", ""impact"": 3.573, ""feature_value"": 8.2, ""direction"": ""raises_risk""}, {""feature"": ""confidence_score"", ""impact"": -1.271, ""feature_value"": 0.4, ""direction"": ""lowers_risk""}, {""feature"": ""epss_numeric"", ""impact"": -0.277, ""feature_value"": 0.0205, ""direction"": ""lowers_risk""}]",P3_7D,27.539027485679703,0,
CVE-2023-6481,finding/v7.1,vulnerability,1.2.5,1.2.13,CVE-2023-6481,,,,,Uncontrolled Resource Consumption ('Resource Exhaustion'),"## Overview
[ch.qos.logback:logback-classic](https://mvnrepository.com/artifact/ch.qos.logback/logback-classic) is a reliable, generic, fast and flexible logging library for Java.

Affected versions of this package are vulnerable to Uncontrolled Resource Consumption ('Resource Exhaustion') via the `logback receiver` component. An attacker can mount a denial-of-service attack by sending poisoned data.

**Note:**

Successful exploitation requires the logback-receiver component being enabled and also reachable by the attacker.
## Remediation
Upgrade `ch.qos.logback:logback-classic` to version 1.2.13, 1.3.14, 1.4.14 or higher.
## References
- [GitHub Commit](https://github.com/qos-ch/logback/commit/7018a3609c7bcc9dc7bf5903509901a986e5f578)
- [GitHub Commit](https://github.com/qos-ch/logback/commit/bb095154be011267b64e37a1d401546e7cc2b7c3)
- [GitHub Commit](https://github.com/qos-ch/logback/commit/c612b2fa3caf6eef3c75f1cd5859438451d0fd6f)
- [Release Notes](https://logback.qos.ch/news.html#1.2.13)
- [Release Notes](https://logback.qos.ch/news.html#1.3.14)
",HIGH,ch.qos.logback:logback-classic,7.1,1.2.13,tn.esprit.spring.services:timesheet-devops@1.0,,,['Snyk'],Snyk,1,0.4,scanner_consensus_v1,['tn.esprit.spring.services:timesheet-devops@1.0'],cve,CVE-2023-6481,['Snyk'],,0,Unknown,,0.00682,0.50518,0,logback-classic,pkg:maven/ch.qos.logback/logback-classic@1.2.5?type=jar,1.2.5,,name_suffix,farahh448/timesheet-devops,sha256:7b0272947968067c8962590fa528cd14c1110e7c62c0023979032d2e3affeae4,,,timesheet-devops,image_digest,1.0,FALSE,"[""no Ingress"", ""no LoadBalancer/NodePort externe confirme"", ""Service/timesheet-devops type=ClusterIP""]",0,0,1,7,prod,platform,default,['internal-service'],0,0,1,0,0,[],[],99,[],True,False,0.0,timesheet-devops,0,0,[],32.9,1,deployment,,70,7.1,0.00682,0.8,60.211200000000005,0.01,,,,-1,54.886024,30.26195979503165,42.57399213506466,24.62406420496835,0,49.6,,0.5,MEDIUM,"[{""feature"": ""severity_score"", ""impact"": 6.165, ""feature_value"": 70.0, ""direction"": ""raises_risk""}, {""feature"": ""time_decay_factor"", ""impact"": 5.573, ""feature_value"": 0.8, ""direction"": ""raises_risk""}, {""feature"": ""epss_numeric"", ""impact"": 1.619, ""feature_value"": 0.0068, ""direction"": ""raises_risk""}, {""feature"": ""confidence_score"", ""impact"": -1.536, ""feature_value"": 0.4, ""direction"": ""lowers_risk""}, {""feature"": ""cvss_numeric"", ""impact"": -1.401, ""feature_value"": 7.1, ""direction"": ""lowers_risk""}]",P4_30D,25.08422974300357,0,
CVE-2024-22243,finding/v7.1,vulnerability,5.3.9,5.3.32,CVE-2024-22243,,,,,Open Redirect,"## Overview
[org.springframework:spring-web](https://github.com/spring-projects/spring-framework) is a package that provides a comprehensive programming and configuration model for modern Java-based enterprise applications - on any kind of deployment platform.

Affected versions of this package are vulnerable to Open Redirect when `UriComponentsBuilder` parses an externally provided URL, and the application subsequently uses that URL. If it contains hierarchical components such as path, query, and fragment it may evade validation.
## Remediation
Upgrade `org.springframework:spring-web` to version 5.3.32, 6.0.17, 6.1.4 or higher.
## References
- [GitHub Commit](https://github.com/spring-projects/spring-framework/commit/120ea0a51c63171e624ca55dbd7cae627d53a042)
- [PoC](https://github.com/SeanPesce/CVE-2024-22243)
- [Spring Advisory](https://spring.io/security/cve-2024-22243)
",HIGH,org.springframework:spring-web,7.1,5.3.32,tn.esprit.spring.services:timesheet-devops@1.0,,,['Snyk'],Snyk,1,0.6,scanner_consensus_v1,"['tn.esprit.spring.services:timesheet-devops@1.0', 'Java', 'pom.xml']",cve,CVE-2024-22243,['Snyk'],,0,Unknown,,0.03967,0.89866,0,spring-web,pkg:maven/org.springframework/spring-web@5.3.39?type=jar,5.3.39,,name_suffix,farahh448/timesheet-devops,sha256:7b0272947968067c8962590fa528cd14c1110e7c62c0023979032d2e3affeae4,,,timesheet-devops,image_digest,1.0,FALSE,"[""no Ingress"", ""no LoadBalancer/NodePort externe confirme"", ""Service/timesheet-devops type=ClusterIP""]",0,0,1,7,prod,platform,default,['internal-service'],0,0,1,0,0,[],[],99,[],True,False,0.0,timesheet-devops,0,0,[],33.5,1,deployment,60.0,70,7.1,0.03967,0.8,65.2288,0.01,57.85323120247598,58.859375,56.84708740495196,3,59.998425,49.30493037182704,54.65167745092816,10.693494628172957,0,58.9,60.8,0.722,HIGH,"[{""feature"": ""time_decay_factor"", ""impact"": 8.155, ""feature_value"": 0.8, ""direction"": ""raises_risk""}, {""feature"": ""severity_score"", ""impact"": 6.581, ""feature_value"": 70.0, ""direction"": ""raises_risk""}, {""feature"": ""confidence_score"", ""impact"": 1.947, ""feature_value"": 0.6, ""direction"": ""raises_risk""}, {""feature"": ""epss_numeric"", ""impact"": -0.879, ""feature_value"": 0.0397, ""direction"": ""lowers_risk""}, {""feature"": ""cvss_numeric"", ""impact"": -0.271, ""feature_value"": 7.1, ""direction"": ""lowers_risk""}]",P3_7D,21.742250549364925,0,
CVE-2024-22259,finding/v7.1,vulnerability,5.3.9,5.3.33,CVE-2024-22259,,,,,Open Redirect,"## Overview
[org.springframework:spring-web](https://github.com/spring-projects/spring-framework) is a package that provides a comprehensive programming and configuration model for modern Java-based enterprise applications - on any kind of deployment platform.

Affected versions of this package are vulnerable to Open Redirect when using `UriComponentsBuilder` to parse an externally provided `URL` and perform validation checks on the host of the parsed URL. 

**Note:**
This is the same as [CVE-2024-22243](https://security.snyk.io/vuln/SNYK-JAVA-ORGSPRINGFRAMEWORK-6261586), but with different input.
## Remediation
Upgrade `org.springframework:spring-web` to version 5.3.33, 6.0.18, 6.1.5 or higher.
## References
- [GitHub Commit](https://github.com/spring-projects/spring-framework/commit/1d2b55e670bcdaa19086f6af9a5cec31dd0390f0)
- [Spring Advisory](https://spring.io/security/cve-2024-22259)
",HIGH,org.springframework:spring-web,7.1,5.3.33,tn.esprit.spring.services:timesheet-devops@1.0,,,['Snyk'],Snyk,1,0.6,scanner_consensus_v1,"['tn.esprit.spring.services:timesheet-devops@1.0', 'Java', 'pom.xml']",cve,CVE-2024-22259,['Snyk'],,0,Unknown,,0.02573,0.84294,0,spring-web,pkg:maven/org.springframework/spring-web@5.3.39?type=jar,5.3.39,,name_suffix,farahh448/timesheet-devops,sha256:7b0272947968067c8962590fa528cd14c1110e7c62c0023979032d2e3affeae4,,,timesheet-devops,image_digest,1.0,FALSE,"[""no Ingress"", ""no LoadBalancer/NodePort externe confirme"", ""Service/timesheet-devops type=ClusterIP""]",0,0,1,7,prod,platform,default,['internal-service'],0,0,1,0,0,[],[],99,[],True,False,0.0,timesheet-devops,0,0,[],33.3,1,deployment,60.0,70,7.1,0.02573,0.8,65.2288,0.01,45.04512339808683,52.959171295166016,37.13107550100764,0,60.001434,52.66577073741313,56.33360253179251,7.33566326258687,0,59.9,53.1,0.722,HIGH,"[{""feature"": ""time_decay_factor"", ""impact"": 8.129, ""feature_value"": 0.8, ""direction"": ""raises_risk""}, {""feature"": ""severity_score"", ""impact"": 6.571, ""feature_value"": 70.0, ""direction"": ""raises_risk""}, {""feature"": ""confidence_score"", ""impact"": 2.449, ""feature_value"": 0.6, ""direction"": ""raises_risk""}, {""feature"": ""cvss_numeric"", ""impact"": -0.839, ""feature_value"": 7.1, ""direction"": ""lowers_risk""}, {""feature"": ""epss_numeric"", ""impact"": -0.774, ""feature_value"": 0.0257, ""direction"": ""lowers_risk""}]",P3_7D,20.567912390831186,0,
CVE-2024-22262,finding/v7.1,vulnerability,5.3.9,"5.3.34, 6.0.19, 6.1.6",CVE-2024-22262,,,,,springframework: URL Parsing with Host Validation,"Applications that use UriComponentsBuilder to parse an externally provided URL (e.g. through a query parameter) AND perform validation checks on the host of the parsed URL may be vulnerable to a  open redirect https://cwe.mitre.org/data/definitions/601.html  attack or to a SSRF attack if the URL is used after passing validation checks.

This is the same as  CVE-2024-22259 https://spring.io/security/cve-2024-22259  and  CVE-2024-22243 https://spring.io/security/cve-2024-22243 , but with different input.",HIGH,org.springframework:spring-web,8.1,"5.3.34, 6.0.19, 6.1.6",Java,"https://access.redhat.com/security/cve/CVE-2024-22262, https://github.com/spring-projects/spring-framework",2024-04-16T06:15:46.27Z,['Trivy'],Trivy,1,0.4,scanner_consensus_v1,"['Java', 'pom.xml']",cve,CVE-2024-22262,['Trivy'],,0,Unknown,,0.01191,0.66184,0,spring-web,pkg:maven/org.springframework/spring-web@5.3.39?type=jar,5.3.39,,name_suffix,farahh448/timesheet-devops,sha256:7b0272947968067c8962590fa528cd14c1110e7c62c0023979032d2e3affeae4,,,timesheet-devops,image_digest,1.0,FALSE,"[""no Ingress"", ""no LoadBalancer/NodePort externe confirme"", ""Service/timesheet-devops type=ClusterIP""]",0,0,1,7,prod,platform,default,['internal-service'],0,0,1,0,0,[],[],99,[],True,False,0.0,timesheet-devops,0,0,[],33.0,1,deployment,25.0,70,8.1,0.01191,0.25,18.816,0.01,14.277355816993934,0.0,28.554711633987868,1,25.0,25.01703708326784,25.00851854163392,0.017037083267840814,0,22.5,16.1,0.0,VERY_LOW,"[{""feature"": ""time_decay_factor"", ""impact"": -32.531, ""feature_value"": 0.25, ""direction"": ""lowers_risk""}, {""feature"": ""epss_numeric"", ""impact"": 9.15, ""feature_value"": 0.0119, ""direction"": ""raises_risk""}, {""feature"": ""severity_score"", ""impact"": 3.482, ""feature_value"": 70.0, ""direction"": ""raises_risk""}, {""feature"": ""cvss_numeric"", ""impact"": 0.611, ""feature_value"": 8.1, ""direction"": ""raises_risk""}, {""feature"": ""confidence_score"", ""impact"": -0.177, ""feature_value"": 0.4, ""direction"": ""lowers_risk""}]",P5_BACKLOG,7.511074104124096,0,
CVE-2024-23672,finding/v7.1,vulnerability,9.0.52,8.5.99,CVE-2024-23672,,,,,Denial of Service (DoS),"## Overview

Affected versions of this package are vulnerable to Denial of Service (DoS) when a WebSocket client can keep a WebSocket connection open which is leading to increased resource consumption.

## Details

Denial of Service (DoS) describes a family of attacks, all aimed at making a system inaccessible to its intended and legitimate users.

Unlike other vulnerabilities, DoS attacks usually do not aim at breaching security. Rather, they are focused on making websites and services unavailable to genuine users resulting in downtime.

One popular Denial of Service vulnerability is DDoS (a Distributed Denial of Service), an attack that attempts to clog network pipes to the system by generating a large volume of traffic from many machines.

When it comes to open source libraries, DoS vulnerabilities allow attackers to trigger such a crash or crippling of the service by using a flaw either in the application code or from the use of open source libraries.

Two common types of DoS vulnerabilities:

* High CPU/Memory Consumption- An attacker sending crafted requests that could cause the system to take a disproportionate amount of time to process. For example, [commons-fileupload:commons-fileupload](https://security.snyk.io/vuln/SNYK-JAVA-COMMONSFILEUPLOAD-30082).

* Crash - An attacker sending crafted requests that could cause the system to crash. For Example,  [npm `ws` package](https://snyk.io/vuln/npm:ws:20171108)

## Remediation
Upgrade `org.apache.tomcat.embed:tomcat-embed-websocket` to version 8.5.99, 9.0.86, 10.1.19, 1.0.0-M17 or higher.
## References
- [Apache Thread](https://lists.apache.org/thread/cmpswfx6tj4s7x0nxxosvfqs11lvdx2f)
- [GitHub Commit](https://github.com/apache/tomcat/commit/b0e3b1bd78de270d53e319d7cb79eb282aa53cb9)
",HIGH,org.apache.tomcat.embed:tomcat-embed-websocket,7.5,8.5.99,tn.esprit.spring.services:timesheet-devops@1.0,,,['Snyk'],Snyk,1,0.4,scanner_consensus_v1,['tn.esprit.spring.services:timesheet-devops@1.0'],cve,CVE-2024-23672,['Snyk'],,0,Unknown,,0.02313,0.82439,0,tomcat-embed-websocket,pkg:maven/org.apache.tomcat.embed/tomcat-embed-websocket@9.0.113?type=jar,9.0.113,,name_suffix,farahh448/timesheet-devops,sha256:7b0272947968067c8962590fa528cd14c1110e7c62c0023979032d2e3affeae4,,,timesheet-devops,image_digest,1.0,FALSE,"[""no Ingress"", ""no LoadBalancer/NodePort externe confirme"", ""Service/timesheet-devops type=ClusterIP""]",0,0,1,7,prod,platform,default,['internal-service'],0,0,1,0,0,[],[],99,[],True,False,0.0,timesheet-devops,0,0,[],33.2,1,deployment,46.0,70,7.5,0.02313,0.8,60.211200000000005,0.01,41.02539633768055,59.20400619506836,22.84678648029273,4,46.003418,36.459847977926856,41.23163297333843,9.543570022073148,0,48.8,48.7,0.5,MEDIUM,"[{""feature"": ""time_decay_factor"", ""impact"": 7.584, ""feature_value"": 0.8, ""direction"": ""raises_risk""}, {""feature"": ""epss_numeric"", ""impact"": -7.093, ""feature_value"": 0.0231, ""direction"": ""lowers_risk""}, {""feature"": ""severity_score"", ""impact"": 6.016, ""feature_value"": 70.0, ""direction"": ""raises_risk""}, {""feature"": ""cvss_numeric"", ""impact"": -2.831, ""feature_value"": 7.5, ""direction"": ""lowers_risk""}, {""feature"": ""confidence_score"", ""impact"": -2.137, ""feature_value"": 0.4, ""direction"": ""lowers_risk""}]",P4_30D,17.141274903038102,0,
CVE-2024-24549,finding/v7.1,vulnerability,9.0.52,8.5.99,CVE-2024-24549,,,,,Denial of Service (DoS),"## Overview
[org.apache.tomcat.embed:tomcat-embed-core](https://mvnrepository.com/artifact/org.apache.tomcat.embed/tomcat-embed-core) is a Core Tomcat implementation.

Affected versions of this package are vulnerable to Denial of Service (DoS) when processing a crafted HTTP/2 request. If the request exceeded any of the configured limits for headers, the associated HTTP/2 stream was not reset until after all of the headers had been processed.

## Details

Denial of Service (DoS) describes a family of attacks, all aimed at making a system inaccessible to its intended and legitimate users.

Unlike other vulnerabilities, DoS attacks usually do not aim at breaching security. Rather, they are focused on making websites and services unavailable to genuine users resulting in downtime.

One popular Denial of Service vulnerability is DDoS (a Distributed Denial of Service), an attack that attempts to clog network pipes to the system by generating a large volume of traffic from many machines.

When it comes to open source libraries, DoS vulnerabilities allow attackers to trigger such a crash or crippling of the service by using a flaw either in the application code or from the use of open source libraries.

Two common types of DoS vulnerabilities:

* High CPU/Memory Consumption- An attacker sending crafted requests that could cause the system to take a disproportionate amount of time to process. For example, [commons-fileupload:commons-fileupload](https://security.snyk.io/vuln/SNYK-JAVA-COMMONSFILEUPLOAD-30082).

* Crash - An attacker sending crafted requests that could cause the system to crash. For Example,  [npm `ws` package](https://snyk.io/vuln/npm:ws:20171108)

## Remediation
Upgrade `org.apache.tomcat.embed:tomcat-embed-core` to version 8.5.99, 9.0.86, 10.1.19, 1.0.0-M17 or higher.
## References
- [Apache Thread](https://lists.apache.org/thread/4c50rmomhbbsdgfjsgwlb51xdwfjdcvg)
- [GitHub Commit](https://github.com/apache/tomcat/commit/810f49d5ff6d64b704af85d5b8d0aab9ec3c83f5)
- [PoC](https://github.com/Abdurahmon3236/CVE-2024-24549)
",HIGH,org.apache.tomcat.embed:tomcat-embed-core,7.5,8.5.99,tn.esprit.spring.services:timesheet-devops@1.0,,,['Snyk'],Snyk,1,0.4,scanner_consensus_v1,['tn.esprit.spring.services:timesheet-devops@1.0'],cve,CVE-2024-24549,['Snyk'],,0,Unknown,,0.23072,0.97628,0,tomcat-embed-core,pkg:maven/org.apache.tomcat.embed/tomcat-embed-core@9.0.113?type=jar,9.0.113,,name_suffix,farahh448/timesheet-devops,sha256:7b0272947968067c8962590fa528cd14c1110e7c62c0023979032d2e3affeae4,,,timesheet-devops,image_digest,1.0,FALSE,"[""no Ingress"", ""no LoadBalancer/NodePort externe confirme"", ""Service/timesheet-devops type=ClusterIP""]",0,0,1,7,prod,platform,default,['internal-service'],0,0,1,0,0,[],[],99,[],True,False,0.0,timesheet-devops,0,0,[],37.4,1,deployment,55.0,70,7.5,0.23072,0.8,60.211200000000005,0.01,41.89058493631336,60.934383392333984,22.84678648029273,4,54.997852,29.281817938246466,42.13983513184296,25.716034061753536,0,49.4,49.2,0.5,MEDIUM,"[{""feature"": ""time_decay_factor"", ""impact"": 8.125, ""feature_value"": 0.8, ""direction"": ""raises_risk""}, {""feature"": ""severity_score"", ""impact"": 6.282, ""feature_value"": 70.0, ""direction"": ""raises_risk""}, {""feature"": ""cvss_numeric"", ""impact"": -3.097, ""feature_value"": 7.5, ""direction"": ""lowers_risk""}, {""feature"": ""confidence_score"", ""impact"": -1.685, ""feature_value"": 0.4, ""direction"": ""lowers_risk""}, {""feature"": ""epss_numeric"", ""impact"": 0.909, ""feature_value"": 0.2307, ""direction"": ""raises_risk""}]",P4_30D,25.499967570429654,0,
CVE-2024-34750,finding/v7.1,vulnerability,9.0.52,9.0.90,CVE-2024-34750,,,,,Insufficient Session Expiration,"## Overview
[org.apache.tomcat.embed:tomcat-embed-core](https://mvnrepository.com/artifact/org.apache.tomcat.embed/tomcat-embed-core) is a Core Tomcat implementation.

Affected versions of this package are vulnerable to Insufficient Session Expiration due to an infinite timeout being assigned to an open connection improperly, in `http2/Stream.java`. An attacker can force this situation by sending an HTTP/2 stream with excessive headers, causing an out-of-memory error or exhausting `maxConnections`.
## Remediation
Upgrade `org.apache.tomcat.embed:tomcat-embed-core` to version 9.0.90, 10.1.25, 11.0.0-M21 or higher.
## References
- [Apache Mailing List](https://lists.apache.org/thread/4kqf0bc9gxymjc2x7v3p7dvplnl77y8l)
- [Apache Tomcat Advisory](https://tomcat.apache.org/security-10.html)
- [Apache Tomcat Advisory](https://tomcat.apache.org/security-11.html)
- [Apache Tomcat Advisory](https://tomcat.apache.org/security-9.html)
- [GitHub Commit](https://github.com/apache/tomcat/commit/2344a4c0d03e307ba6b8ab6dc8b894cc8bac63f2)
- [GitHub Commit](https://github.com/apache/tomcat/commit/2afae300c9ac9c0e516e2e9de580847d925365c3)
- [GitHub Commit](https://github.com/apache/tomcat/commit/9fec9a82887853402833a80b584e3762c7423f5f)
",HIGH,org.apache.tomcat.embed:tomcat-embed-core,8.7,9.0.90,tn.esprit.spring.services:timesheet-devops@1.0,,,['Snyk'],Snyk,1,0.6,scanner_consensus_v1,"['tn.esprit.spring.services:timesheet-devops@1.0', 'Java', 'pom.xml']",cve,CVE-2024-34750,['Snyk'],,0,Unknown,,0.04602,0.91131,0,tomcat-embed-core,pkg:maven/org.apache.tomcat.embed/tomcat-embed-core@9.0.113?type=jar,9.0.113,,name_suffix,farahh448/timesheet-devops,sha256:7b0272947968067c8962590fa528cd14c1110e7c62c0023979032d2e3affeae4,,,timesheet-devops,image_digest,1.0,FALSE,"[""no Ingress"", ""no LoadBalancer/NodePort externe confirme"", ""Service/timesheet-devops type=ClusterIP""]",0,0,1,7,prod,platform,default,['internal-service'],0,0,1,0,0,[],[],99,[],True,False,0.0,timesheet-devops,0,0,[],33.7,1,deployment,54.0,70,8.7,0.04602,0.8,65.2288,0.01,63.44960778992041,66.48457336425781,60.41464221558301,0,54.002136,64.13216089298018,59.06714856172447,10.130024892980181,0,61.5,64.2,0.95,VERY_HIGH,"[{""feature"": ""epss_numeric"", ""impact"": -8.615, ""feature_value"": 0.046, ""direction"": ""lowers_risk""}, {""feature"": ""time_decay_factor"", ""impact"": 8.467, ""feature_value"": 0.8, ""direction"": ""raises_risk""}, {""feature"": ""severity_score"", ""impact"": 6.909, ""feature_value"": 70.0, ""direction"": ""raises_risk""}, {""feature"": ""cvss_numeric"", ""impact"": 1.804, ""feature_value"": 8.7, ""direction"": ""raises_risk""}, {""feature"": ""confidence_score"", ""impact"": 0.972, ""feature_value"": 0.6, ""direction"": ""raises_risk""}]",P3_7D,22.78515701500743,0,
CVE-2024-38286,finding/v7.1,vulnerability,9.0.52,9.0.90,CVE-2024-38286,,,,,Allocation of Resources Without Limits or Throttling,"## Overview
[org.apache.tomcat.embed:tomcat-embed-core](https://mvnrepository.com/artifact/org.apache.tomcat.embed/tomcat-embed-core) is a Core Tomcat implementation.

Affected versions of this package are vulnerable to Allocation of Resources Without Limits or Throttling via the `unwrap()` function in `SecureNio2Channel` class, during a TLS handshake. Under certain configurations using TLS 1.3, an attacker can trigger an `OutOfMemoryError`.
## Remediation
Upgrade `org.apache.tomcat.embed:tomcat-embed-core` to version 9.0.90, 10.1.25, 11.0.0-M21 or higher.
## References
- [Apache Tomcat 10 Advisory](https://tomcat.apache.org/security-10.html#Fixed_in_Apache_Tomcat_10.1.25)
- [Apache Tomcat 11 Advisory](https://tomcat.apache.org/security-11.html#Fixed_in_Apache_Tomcat_11.0.0-M21)
- [Apache Tomcat 9 Advisory](https://tomcat.apache.org/security-9.html#Fixed_in_Apache_Tomcat_9.0.90)
- [GitHub Commit](https://github.com/apache/tomcat/commit/3197862639732e16ec1164557bcd289ebc116c93)
- [GitHub Commit](https://github.com/apache/tomcat/commit/3344c17cef094da4bb616f4186ed32039627b543)
- [GitHub Commit](https://github.com/apache/tomcat/commit/76c5cce6f0bcef14b0c21c38910371ca7d322d13)
",HIGH,org.apache.tomcat.embed:tomcat-embed-core,8.7,9.0.90,tn.esprit.spring.services:timesheet-devops@1.0,,,['Snyk'],Snyk,1,0.4,scanner_consensus_v1,['tn.esprit.spring.services:timesheet-devops@1.0'],cve,CVE-2024-38286,['Snyk'],,0,Unknown,,0.0169,0.75767,0,tomcat-embed-core,pkg:maven/org.apache.tomcat.embed/tomcat-embed-core@9.0.113?type=jar,9.0.113,,name_suffix,farahh448/timesheet-devops,sha256:7b0272947968067c8962590fa528cd14c1110e7c62c0023979032d2e3affeae4,,,timesheet-devops,image_digest,1.0,FALSE,"[""no Ingress"", ""no LoadBalancer/NodePort externe confirme"", ""Service/timesheet-devops type=ClusterIP""]",0,0,1,7,prod,platform,default,['internal-service'],0,0,1,0,0,[],[],99,[],True,False,0.0,timesheet-devops,0,0,[],33.1,1,deployment,,70,8.7,0.0169,0.8,60.211200000000005,0.01,,,,-1,64.3173,36.987358242370384,50.65232856576527,27.32994175762962,0,54.5,,0.722,HIGH,"[{""feature"": ""severity_score"", ""impact"": 7.23, ""feature_value"": 70.0, ""direction"": ""raises_risk""}, {""feature"": ""time_decay_factor"", ""impact"": 6.771, ""feature_value"": 0.8, ""direction"": ""raises_risk""}, {""feature"": ""cvss_numeric"", ""impact"": 3.505, ""feature_value"": 8.7, ""direction"": ""raises_risk""}, {""feature"": ""epss_numeric"", ""impact"": 3.275, ""feature_value"": 0.0169, ""direction"": ""raises_risk""}, {""feature"": ""confidence_score"", ""impact"": -0.929, ""feature_value"": 0.4, ""direction"": ""lowers_risk""}]",P3_7D,28.860669448544392,0,
CIS-5.7.3,finding/v7.1,cis_benchmark,,"Follow the Kubernetes documentation and apply SecurityContexts to your Pods. For a
suggested list of SecurityContexts, you may refer to the CIS Security Benchmark for Docker
Containers.
",,,,,,Apply SecurityContext to your Pods and Containers (Manual),"Apply SecurityContext to your Pods and Containers (Manual) | remediation: Follow the Kubernetes documentation and apply SecurityContexts to your Pods. For a
suggested list of SecurityContexts, you may refer to the CIS Security Benchmark for Docker
Containers.
",MEDIUM,General Policies,,"Follow the Kubernetes documentation and apply SecurityContexts to your Pods. For a
suggested list of SecurityContexts, you may refer to the CIS Security Benchmark for Docker
Containers.
",policies,https://www.cisecurity.org/benchmark/kubernetes,,['kube-bench'],kube-bench,1,0.4,scanner_consensus_v1,['policies'],image_pkg,policies::general policies::CIS-5.7.3,['kube-bench'],,0,Unknown,,0.0,0.0,0,,,,,unmatched,,,,,unresolved,unresolved,0.0,UNKNOWN,"[""asset non resolu""]",0,1,0,5,unknown,unknown,,[],0,0,1,0,0,[],[],99,[],False,True,,unresolved,0,0,[],0.0,0,unresolved,,45,5.0,0.0,0.8,34.56,0.01,,,,-1,0.003773272,28.80290282398244,14.403338048009973,28.79912955198244,0,22.5,,0.0,VERY_LOW,"[{""feature"": ""cvss_numeric"", ""impact"": -21.911, ""feature_value"": 5.0, ""direction"": ""lowers_risk""}, {""feature"": ""severity_score"", ""impact"": -21.289, ""feature_value"": 45.0, ""direction"": ""lowers_risk""}, {""feature"": ""epss_numeric"", ""impact"": -1.484, ""feature_value"": 0.0, ""direction"": ""lowers_risk""}, {""feature"": ""time_decay_factor"", ""impact"": 1.247, ""feature_value"": 0.8, ""direction"": ""raises_risk""}, {""feature"": ""confidence_score"", ""impact"": -1.024, ""feature_value"": 0.4, ""direction"": ""lowers_risk""}]",P5_BACKLOG,18.720566190394212,0,
CIS-5.7.4,finding/v7.1,cis_benchmark,,"Ensure that namespaces are created to allow for appropriate segregation of Kubernetes
resources and that all new resources are created in a specific namespace.
",,,,,,The default namespace should not be used (Manual),"The default namespace should not be used (Manual) | remediation: Ensure that namespaces are created to allow for appropriate segregation of Kubernetes
resources and that all new resources are created in a specific namespace.
",MEDIUM,General Policies,,"Ensure that namespaces are created to allow for appropriate segregation of Kubernetes
resources and that all new resources are created in a specific namespace.
",policies,https://www.cisecurity.org/benchmark/kubernetes,,['kube-bench'],kube-bench,1,0.4,scanner_consensus_v1,['policies'],image_pkg,policies::general policies::CIS-5.7.4,['kube-bench'],,0,Unknown,,0.0,0.0,0,,,,,unmatched,,,,,unresolved,unresolved,0.0,UNKNOWN,"[""asset non resolu""]",0,1,0,5,unknown,unknown,,[],0,0,1,0,0,[],[],99,[],False,True,,unresolved,0,0,[],0.0,0,unresolved,,45,5.0,0.0,0.8,34.56,0.01,,,,-1,0.003773272,28.80290282398244,14.403338048009973,28.79912955198244,0,22.5,,0.0,VERY_LOW,"[{""feature"": ""cvss_numeric"", ""impact"": -21.911, ""feature_value"": 5.0, ""direction"": ""lowers_risk""}, {""feature"": ""severity_score"", ""impact"": -21.289, ""feature_value"": 45.0, ""direction"": ""lowers_risk""}, {""feature"": ""epss_numeric"", ""impact"": -1.484, ""feature_value"": 0.0, ""direction"": ""lowers_risk""}, {""feature"": ""time_decay_factor"", ""impact"": 1.247, ""feature_value"": 0.8, ""direction"": ""raises_risk""}, {""feature"": ""confidence_score"", ""impact"": -1.024, ""feature_value"": 0.4, ""direction"": ""lowers_risk""}]",P5_BACKLOG,18.720566190394212,0,
SOC-IMAGEPKG-faddad731e67,finding/v7.1,k8s_best_practice,,Ajuster le manifeste Kubernetes,,,,,,Pod Probes,Makes sure that all Pods have safe probe configurations | Container is missing a livenessProbe,MEDIUM,Deployment/apps/v1//timesheet-devops-mysql,,Ajuster le manifeste Kubernetes,Deployment/Deployment/apps/v1//timesheet-devops-mysql,https://kube-score.com/,,['kube-score'],kube-score,1,0.4,scanner_consensus_v1,['Deployment/Deployment/apps/v1//timesheet-devops-mysql'],image_pkg,deployment/deployment/apps/v1//timesheet-devops-mysql::deployment/apps/v1//timesheet-devops-mysql::pod-probes,['kube-score'],,0,Unknown,,0.0,0.0,0,,,,,unmatched,,,,,timesheet-devops-mysql,k8s_workload_target,0.7,FALSE,"[""no Ingress"", ""no LoadBalancer/NodePort externe confirme"", ""Service/timesheet-devops-mysql type=ClusterIP""]",0,0,1,8,prod,platform,default,"['internal-service', 'data']",0,0,1,0,0,[],[],99,[],True,False,0.0,timesheet-devops-mysql,0,0,[],27.2,1,deployment,,45,5.0,0.0,0.8,40.7808,0.01,,,,-1,0.003773272,28.80290282398244,14.403338048009973,28.79912955198244,0,25.0,,0.0,VERY_LOW,"[{""feature"": ""cvss_numeric"", ""impact"": -21.911, ""feature_value"": 5.0, ""direction"": ""lowers_risk""}, {""feature"": ""severity_score"", ""impact"": -21.289, ""feature_value"": 45.0, ""direction"": ""lowers_risk""}, {""feature"": ""epss_numeric"", ""impact"": -1.484, ""feature_value"": 0.0, ""direction"": ""lowers_risk""}, {""feature"": ""time_decay_factor"", ""impact"": 1.247, ""feature_value"": 0.8, ""direction"": ""raises_risk""}, {""feature"": ""confidence_score"", ""impact"": -1.024, ""feature_value"": 0.4, ""direction"": ""lowers_risk""}]",P5_BACKLOG,18.720566190394212,0,
SOC-IMAGEPKG-4ea41137f771,finding/v7.1,vulnerability,,Review server configuration,,,,,,+ Target Host: localhost,+ Target Host: localhost,MEDIUM,Web Server,,Review server configuration,Web Application,https://owasp.org,,['Nikto'],Nikto,1,0.4,scanner_consensus_v1,['Web Application'],image_pkg,web application::web server::NIKTO-FINDING,['Nikto'],,0,Unknown,,0.0,0.0,0,,,,,unmatched,,,,,unresolved,unresolved,0.0,UNKNOWN,"[""asset non resolu""]",0,1,0,5,unknown,unknown,,[],0,0,0,1,0,[],[],99,[],False,True,,unresolved,0,0,[],0.0,0,unresolved,,45,5.0,0.0,0.8,34.56,0.01,,,,-1,0.003773272,28.80290282398244,14.403338048009973,28.79912955198244,0,22.5,,0.0,VERY_LOW,"[{""feature"": ""cvss_numeric"", ""impact"": -21.911, ""feature_value"": 5.0, ""direction"": ""lowers_risk""}, {""feature"": ""severity_score"", ""impact"": -21.289, ""feature_value"": 45.0, ""direction"": ""lowers_risk""}, {""feature"": ""epss_numeric"", ""impact"": -1.484, ""feature_value"": 0.0, ""direction"": ""lowers_risk""}, {""feature"": ""time_decay_factor"", ""impact"": 1.247, ""feature_value"": 0.8, ""direction"": ""raises_risk""}, {""feature"": ""confidence_score"", ""impact"": -1.024, ""feature_value"": 0.4, ""direction"": ""lowers_risk""}]",P5_BACKLOG,18.720566190394212,0,
SOC-IMAGEPKG-bc0653f590b2,finding/v7.1,vulnerability,,Code fix required,,,,,,java.spring.security.audit.spring-actuator-non-health-enabled.spring-actuator-dangerous-endpoints-enabled,"Spring Boot Actuators ""health,info"" are enabled. Depending on the actuators, this can pose a significant security risk. Please double-check if the actuators are needed and properly secured.",MEDIUM,src/main/resources/application.properties,,Code fix required,src/main/resources/application.properties:L33,https://docs.spring.io/spring-boot/docs/current/reference/html/production-ready-features.html#production-ready-endpoints-exposing-endpoints,,['Semgrep SAST'],Semgrep SAST,1,0.4,scanner_consensus_v1,['src/main/resources/application.properties:L33'],image_pkg,src/main/resources/application.properties:l33::src/main/resources/application.properties::java.spring.security.audit.spring-actuator-non-health-enabled.spring-actuator-dangerous-endpoints-enabled,['Semgrep SAST'],,0,Unknown,,0.0,0.0,0,,,,,unmatched,,,,,timesheet-devops,repo_path_mapping,0.7,FALSE,"[""no Ingress"", ""no LoadBalancer/NodePort externe confirme"", ""Service/timesheet-devops type=ClusterIP""]",0,0,1,7,prod,platform,default,['internal-service'],0,0,0,0,0,[],[],99,[],True,False,0.0,timesheet-devops,0,0,[],25.2,1,deployment,,45,5.0,0.0,0.8,38.70719999999999,0.01,,,,-1,0.003773272,28.80290282398244,14.403338048009973,28.79912955198244,0,24.1,,0.0,VERY_LOW,"[{""feature"": ""cvss_numeric"", ""impact"": -21.911, ""feature_value"": 5.0, ""direction"": ""lowers_risk""}, {""feature"": ""severity_score"", ""impact"": -21.289, ""feature_value"": 45.0, ""direction"": ""lowers_risk""}, {""feature"": ""epss_numeric"", ""impact"": -1.484, ""feature_value"": 0.0, ""direction"": ""lowers_risk""}, {""feature"": ""time_decay_factor"", ""impact"": 1.247, ""feature_value"": 0.8, ""direction"": ""raises_risk""}, {""feature"": ""confidence_score"", ""impact"": -1.024, ""feature_value"": 0.4, ""direction"": ""lowers_risk""}]",P5_BACKLOG,18.720566190394212,0,
SOC-K8SPOLICY-16d1cf33b1b3,finding/v7.1,vulnerability,,Ensure Vault is initialized and unsealed,,,,,,Vault Status: vault_unavailable,HashiCorp Vault reported status: vault_unavailable at 2026-04-30T18:24:25Z,MEDIUM,Secret Management,,Ensure Vault is initialized and unsealed,,https://www.vaultproject.io/docs,,['HashiCorp Vault'],HashiCorp Vault,1,0.4,scanner_consensus_v1,['N/A'],k8s_policy,nan::VAULT-STATUS,['HashiCorp Vault'],,0,Unknown,,0.0,0.0,0,,,,,unmatched,,,,,unresolved,unresolved,0.0,UNKNOWN,"[""asset non resolu""]",0,1,0,5,unknown,unknown,,[],0,0,0,0,0,[],[],99,[],False,True,,unresolved,0,0,[],0.0,0,unresolved,,45,5.0,0.0,0.8,34.56,0.01,,,,-1,0.003773272,28.80290282398244,14.403338048009973,28.79912955198244,0,22.5,,0.0,VERY_LOW,"[{""feature"": ""cvss_numeric"", ""impact"": -21.911, ""feature_value"": 5.0, ""direction"": ""lowers_risk""}, {""feature"": ""severity_score"", ""impact"": -21.289, ""feature_value"": 45.0, ""direction"": ""lowers_risk""}, {""feature"": ""epss_numeric"", ""impact"": -1.484, ""feature_value"": 0.0, ""direction"": ""lowers_risk""}, {""feature"": ""time_decay_factor"", ""impact"": 1.247, ""feature_value"": 0.8, ""direction"": ""raises_risk""}, {""feature"": ""confidence_score"", ""impact"": -1.024, ""feature_value"": 0.4, ""direction"": ""lowers_risk""}]",P5_BACKLOG,18.720566190394212,0,
CIS-DI-0005,finding/v7.1,container_hardening,,Corriger le Dockerfile / l image de base,,,,,,Enable Content trust for Docker,export DOCKER_CONTENT_TRUST=1 before docker pull/build,MEDIUM,container_image,,Corriger le Dockerfile / l image de base,timesheet-devops:build-673,https://github.com/goodwithtech/dockle/blob/master/CHECKPOINT.md,,['Dockle'],Dockle,1,0.4,scanner_consensus_v1,['timesheet-devops:build-673'],image_pkg,timesheet-devops:build-673::container_image::CIS-DI-0005,['Dockle'],,0,Unknown,,0.0,0.0,0,,,,,unmatched,,,,,timesheet-devops,k8s_workload_target,0.85,FALSE,"[""no Ingress"", ""no LoadBalancer/NodePort externe confirme"", ""Service/timesheet-devops type=ClusterIP""]",0,0,1,7,prod,platform,default,['internal-service'],0,0,1,0,0,[],[],99,[],True,False,0.0,timesheet-devops,0,0,[],25.2,1,deployment,,45,5.0,0.0,0.8,38.70719999999999,0.01,,,,-1,0.003773272,28.80290282398244,14.403338048009973,28.79912955198244,0,24.1,,0.0,VERY_LOW,"[{""feature"": ""cvss_numeric"", ""impact"": -21.911, ""feature_value"": 5.0, ""direction"": ""lowers_risk""}, {""feature"": ""severity_score"", ""impact"": -21.289, ""feature_value"": 45.0, ""direction"": ""lowers_risk""}, {""feature"": ""epss_numeric"", ""impact"": -1.484, ""feature_value"": 0.0, ""direction"": ""lowers_risk""}, {""feature"": ""time_decay_factor"", ""impact"": 1.247, ""feature_value"": 0.8, ""direction"": ""raises_risk""}, {""feature"": ""confidence_score"", ""impact"": -1.024, ""feature_value"": 0.4, ""direction"": ""lowers_risk""}]",P5_BACKLOG,18.720566190394212,0,
GHSA-qppj-fm5r-hxr3,finding/v7.1,vulnerability,9.0.52,9.0.81,,,,,,HTTP/2 Stream Cancellation Attack,HTTP/2 Stream Cancellation Attack,MEDIUM,tomcat-embed-core,5.3,9.0.81,tomcat-embed-core v9.0.52,https://github.com/advisories/GHSA-qppj-fm5r-hxr3,,['Grype'],Grype,1,0.4,scanner_consensus_v1,['tomcat-embed-core v9.0.52'],pkg_version,tomcat-embed-core@9.0.52::GHSA-QPPJ-FM5R-HXR3,['Grype'],,0,Unknown,,0.0,0.0,0,tomcat-embed-core,pkg:maven/org.apache.tomcat.embed/tomcat-embed-core@9.0.113?type=jar,9.0.113,,name,farahh448/timesheet-devops,sha256:7b0272947968067c8962590fa528cd14c1110e7c62c0023979032d2e3affeae4,,,timesheet-devops,image_digest,1.0,FALSE,"[""no Ingress"", ""no LoadBalancer/NodePort externe confirme"", ""Service/timesheet-devops type=ClusterIP""]",0,0,1,7,prod,platform,default,['internal-service'],0,0,1,0,0,[],[],99,[],True,False,0.0,timesheet-devops,0,0,[],25.2,1,deployment,65.0,45,5.3,0.0,0.8,38.70719999999999,0.01,31.22462452771005,32.6659049987793,29.783344056640804,1,40.599796,28.80290282398244,34.701349559574226,11.796893176017559,0,36.3,34.2,0.133,VERY_LOW,"[{""feature"": ""severity_score"", ""impact"": -10.187, ""feature_value"": 45.0, ""direction"": ""lowers_risk""}, {""feature"": ""cvss_numeric"", ""impact"": 4.809, ""feature_value"": 5.3, ""direction"": ""raises_risk""}, {""feature"": ""time_decay_factor"", ""impact"": 3.516, ""feature_value"": 0.8, ""direction"": ""raises_risk""}, {""feature"": ""epss_numeric"", ""impact"": -1.112, ""feature_value"": 0.0, ""direction"": ""lowers_risk""}, {""feature"": ""confidence_score"", ""impact"": -0.891, ""feature_value"": 0.4, ""direction"": ""lowers_risk""}]",P4_30D,16.308851455881047,0,
GHSA-7w75-32cg-r6g2,finding/v7.1,vulnerability,9.0.52,9.0.86,,,,,,Apache Tomcat Denial of Service due to improper input validation vulnerability for HTTP/2 requests,Apache Tomcat Denial of Service due to improper input validation vulnerability for HTTP/2 requests,MEDIUM,tomcat-embed-core,7.5,9.0.86,tomcat-embed-core v9.0.52,https://github.com/advisories/GHSA-7w75-32cg-r6g2,,['Grype'],Grype,1,0.4,scanner_consensus_v1,['tomcat-embed-core v9.0.52'],pkg_version,tomcat-embed-core@9.0.52::GHSA-7W75-32CG-R6G2,['Grype'],,0,Unknown,,0.0,0.0,0,tomcat-embed-core,pkg:maven/org.apache.tomcat.embed/tomcat-embed-core@9.0.113?type=jar,9.0.113,,name,farahh448/timesheet-devops,sha256:7b0272947968067c8962590fa528cd14c1110e7c62c0023979032d2e3affeae4,,,timesheet-devops,image_digest,1.0,FALSE,"[""no Ingress"", ""no LoadBalancer/NodePort externe confirme"", ""Service/timesheet-devops type=ClusterIP""]",0,0,1,7,prod,platform,default,['internal-service'],0,0,1,0,0,[],[],99,[],True,False,0.0,timesheet-devops,0,0,[],25.2,1,deployment,,45,7.5,0.0,0.8,38.70719999999999,0.01,,,,-1,39.520737,35.334123156401105,37.42742992536852,4.1866138435988915,0,37.9,,0.133,VERY_LOW,"[{""feature"": ""severity_score"", ""impact"": -10.403, ""feature_value"": 45.0, ""direction"": ""lowers_risk""}, {""feature"": ""time_decay_factor"", ""impact"": 3.972, ""feature_value"": 0.8, ""direction"": ""raises_risk""}, {""feature"": ""cvss_numeric"", ""impact"": 3.025, ""feature_value"": 7.5, ""direction"": ""raises_risk""}, {""feature"": ""confidence_score"", ""impact"": -0.848, ""feature_value"": 0.4, ""direction"": ""lowers_risk""}, {""feature"": ""epss_numeric"", ""impact"": -0.691, ""feature_value"": 0.0, ""direction"": ""lowers_risk""}]",P4_30D,13.321535899410001,0,
GHSA-w6f2-8wx4-47r5,finding/v7.1,vulnerability,8.0.26,8.0.27,,,,,,Incorrect Authorization in MySQL Connector Java,Incorrect Authorization in MySQL Connector Java,MEDIUM,mysql-connector-java,5.9,8.0.27,mysql-connector-java v8.0.26,https://github.com/advisories/GHSA-w6f2-8wx4-47r5,,['Grype'],Grype,1,0.4,scanner_consensus_v1,['mysql-connector-java v8.0.26'],pkg_version,mysql-connector-java@8.0.26::GHSA-W6F2-8WX4-47R5,['Grype'],,0,Unknown,,0.0,0.0,0,mysql-connector-java,pkg:maven/mysql/mysql-connector-java@8.0.26?type=jar,8.0.26,,name_version,farahh448/timesheet-devops,sha256:7b0272947968067c8962590fa528cd14c1110e7c62c0023979032d2e3affeae4,,,timesheet-devops,image_digest,1.0,FALSE,"[""no Ingress"", ""no LoadBalancer/NodePort externe confirme"", ""Service/timesheet-devops type=ClusterIP""]",0,0,1,7,prod,platform,default,['internal-service'],0,0,1,0,0,[],[],99,[],True,False,0.0,timesheet-devops,0,0,[],25.2,1,deployment,,45,5.9,0.0,0.8,38.70719999999999,0.01,,,,-1,40.599796,28.80290282398244,34.701349559574226,11.796893176017559,0,36.3,,0.133,VERY_LOW,"[{""feature"": ""severity_score"", ""impact"": -10.187, ""feature_value"": 45.0, ""direction"": ""lowers_risk""}, {""feature"": ""cvss_numeric"", ""impact"": 4.809, ""feature_value"": 5.9, ""direction"": ""raises_risk""}, {""feature"": ""time_decay_factor"", ""impact"": 3.516, ""feature_value"": 0.8, ""direction"": ""raises_risk""}, {""feature"": ""epss_numeric"", ""impact"": -1.112, ""feature_value"": 0.0, ""direction"": ""lowers_risk""}, {""feature"": ""confidence_score"", ""impact"": -0.891, ""feature_value"": 0.4, ""direction"": ""lowers_risk""}]",P4_30D,16.308851455881047,0,
GHSA-r6j3-px5g-cq3x,finding/v7.1,vulnerability,9.0.52,9.0.81,,,,,,Apache Tomcat Improper Input Validation vulnerability,Apache Tomcat Improper Input Validation vulnerability,MEDIUM,tomcat-embed-core,5.3,9.0.81,tomcat-embed-core v9.0.52,https://github.com/advisories/GHSA-r6j3-px5g-cq3x,,['Grype'],Grype,1,0.4,scanner_consensus_v1,['tomcat-embed-core v9.0.52'],pkg_version,tomcat-embed-core@9.0.52::GHSA-R6J3-PX5G-CQ3X,['Grype'],,0,Unknown,,0.0,0.0,0,tomcat-embed-core,pkg:maven/org.apache.tomcat.embed/tomcat-embed-core@9.0.113?type=jar,9.0.113,,name,farahh448/timesheet-devops,sha256:7b0272947968067c8962590fa528cd14c1110e7c62c0023979032d2e3affeae4,,,timesheet-devops,image_digest,1.0,FALSE,"[""no Ingress"", ""no LoadBalancer/NodePort externe confirme"", ""Service/timesheet-devops type=ClusterIP""]",0,0,1,7,prod,platform,default,['internal-service'],0,0,1,0,0,[],[],99,[],True,False,0.0,timesheet-devops,0,0,[],25.2,1,deployment,35.0,45,5.3,0.0,0.8,38.70719999999999,0.01,33.95184152701152,41.9994010925293,25.904281961493737,0,40.599796,28.80290282398244,34.701349559574226,11.796893176017559,0,36.3,35.9,0.133,VERY_LOW,"[{""feature"": ""severity_score"", ""impact"": -10.187, ""feature_value"": 45.0, ""direction"": ""lowers_risk""}, {""feature"": ""cvss_numeric"", ""impact"": 4.809, ""feature_value"": 5.3, ""direction"": ""raises_risk""}, {""feature"": ""time_decay_factor"", ""impact"": 3.516, ""feature_value"": 0.8, ""direction"": ""raises_risk""}, {""feature"": ""epss_numeric"", ""impact"": -1.112, ""feature_value"": 0.0, ""direction"": ""lowers_risk""}, {""feature"": ""confidence_score"", ""impact"": -0.891, ""feature_value"": 0.4, ""direction"": ""lowers_risk""}]",P4_30D,16.308851455881047,0,
GHSA-q3mw-pvr8-9ggc,finding/v7.1,vulnerability,9.0.52,9.0.80,,,,,,Apache Tomcat Open Redirect vulnerability,Apache Tomcat Open Redirect vulnerability,MEDIUM,tomcat-embed-core,6.1,9.0.80,tomcat-embed-core v9.0.52,https://github.com/advisories/GHSA-q3mw-pvr8-9ggc,,['Grype'],Grype,1,0.4,scanner_consensus_v1,['tomcat-embed-core v9.0.52'],pkg_version,tomcat-embed-core@9.0.52::GHSA-Q3MW-PVR8-9GGC,['Grype'],,0,Unknown,,0.0,0.0,0,tomcat-embed-core,pkg:maven/org.apache.tomcat.embed/tomcat-embed-core@9.0.113?type=jar,9.0.113,,name,farahh448/timesheet-devops,sha256:7b0272947968067c8962590fa528cd14c1110e7c62c0023979032d2e3affeae4,,,timesheet-devops,image_digest,1.0,FALSE,"[""no Ingress"", ""no LoadBalancer/NodePort externe confirme"", ""Service/timesheet-devops type=ClusterIP""]",0,0,1,7,prod,platform,default,['internal-service'],0,0,1,0,0,[],[],99,[],True,False,0.0,timesheet-devops,0,0,[],25.2,1,deployment,,45,6.1,0.0,0.8,38.70719999999999,0.01,,,,-1,40.599796,28.80290282398244,34.701349559574226,11.796893176017559,0,36.3,,0.133,VERY_LOW,"[{""feature"": ""severity_score"", ""impact"": -10.187, ""feature_value"": 45.0, ""direction"": ""lowers_risk""}, {""feature"": ""cvss_numeric"", ""impact"": 4.809, ""feature_value"": 6.1, ""direction"": ""raises_risk""}, {""feature"": ""time_decay_factor"", ""impact"": 3.516, ""feature_value"": 0.8, ""direction"": ""raises_risk""}, {""feature"": ""epss_numeric"", ""impact"": -1.112, ""feature_value"": 0.0, ""direction"": ""lowers_risk""}, {""feature"": ""confidence_score"", ""impact"": -0.891, ""feature_value"": 0.4, ""direction"": ""lowers_risk""}]",P4_30D,16.308851455881047,0,
GHSA-558x-2xjg-6232,finding/v7.1,vulnerability,5.3.9,5.3.17,,,,,,Allocation of Resources Without Limits or Throttling in Spring Framework,Allocation of Resources Without Limits or Throttling in Spring Framework,MEDIUM,spring-expression,6.5,5.3.17,spring-expression v5.3.9,https://github.com/advisories/GHSA-558x-2xjg-6232,,['Grype'],Grype,1,0.4,scanner_consensus_v1,['spring-expression v5.3.9'],pkg_version,spring-expression@5.3.9::GHSA-558X-2XJG-6232,['Grype'],,0,Unknown,,0.0,0.0,0,spring-expression,pkg:maven/org.springframework/spring-expression@5.3.39?type=jar,5.3.39,,name,farahh448/timesheet-devops,sha256:7b0272947968067c8962590fa528cd14c1110e7c62c0023979032d2e3affeae4,,,timesheet-devops,image_digest,1.0,FALSE,"[""no Ingress"", ""no LoadBalancer/NodePort externe confirme"", ""Service/timesheet-devops type=ClusterIP""]",0,0,1,7,prod,platform,default,['internal-service'],0,0,1,0,0,[],[],99,[],True,False,0.0,timesheet-devops,0,0,[],25.2,1,deployment,,45,6.5,0.0,0.8,38.70719999999999,0.01,,,,-1,40.44007,28.80290282398244,34.62148696496973,11.63716717601756,0,36.3,,0.133,VERY_LOW,"[{""feature"": ""severity_score"", ""impact"": -10.221, ""feature_value"": 45.0, ""direction"": ""lowers_risk""}, {""feature"": ""cvss_numeric"", ""impact"": 4.432, ""feature_value"": 6.5, ""direction"": ""raises_risk""}, {""feature"": ""time_decay_factor"", ""impact"": 3.643, ""feature_value"": 0.8, ""direction"": ""raises_risk""}, {""feature"": ""epss_numeric"", ""impact"": -0.978, ""feature_value"": 0.0, ""direction"": ""lowers_risk""}, {""feature"": ""confidence_score"", ""impact"": -0.901, ""feature_value"": 0.4, ""direction"": ""lowers_risk""}]",P4_30D,16.2050296774997,0,
GHSA-668q-qrv7-99fm,finding/v7.1,vulnerability,1.2.5,1.2.9,,,,,,Deserialization of Untrusted Data in logback,Deserialization of Untrusted Data in logback,MEDIUM,logback-core,6.6,1.2.9,logback-core v1.2.5,https://github.com/advisories/GHSA-668q-qrv7-99fm,,['Grype'],Grype,1,0.4,scanner_consensus_v1,['logback-core v1.2.5'],pkg_version,logback-core@1.2.5::GHSA-668Q-QRV7-99FM,['Grype'],,0,Unknown,,0.0,0.0,0,logback-core,pkg:maven/ch.qos.logback/logback-core@1.2.5?type=jar,1.2.5,,name_version,farahh448/timesheet-devops,sha256:7b0272947968067c8962590fa528cd14c1110e7c62c0023979032d2e3affeae4,,,timesheet-devops,image_digest,1.0,FALSE,"[""no Ingress"", ""no LoadBalancer/NodePort externe confirme"", ""Service/timesheet-devops type=ClusterIP""]",0,0,1,7,prod,platform,default,['internal-service'],0,0,1,0,0,[],[],99,[],True,False,0.0,timesheet-devops,0,0,[],25.2,1,deployment,,45,6.6,0.0,0.8,38.70719999999999,0.01,,,,-1,40.44007,28.80290282398244,34.62148696496973,11.63716717601756,0,36.3,,0.133,VERY_LOW,"[{""feature"": ""severity_score"", ""impact"": -10.221, ""feature_value"": 45.0, ""direction"": ""lowers_risk""}, {""feature"": ""cvss_numeric"", ""impact"": 4.432, ""feature_value"": 6.6, ""direction"": ""raises_risk""}, {""feature"": ""time_decay_factor"", ""impact"": 3.643, ""feature_value"": 0.8, ""direction"": ""raises_risk""}, {""feature"": ""epss_numeric"", ""impact"": -0.978, ""feature_value"": 0.0, ""direction"": ""lowers_risk""}, {""feature"": ""confidence_score"", ""impact"": -0.901, ""feature_value"": 0.4, ""direction"": ""lowers_risk""}]",P4_30D,16.2050296774997,0,
GHSA-4gc7-5j7h-4qph,finding/v7.1,vulnerability,5.3.9,No fix,,,,,,Spring Framework DataBinder Case Sensitive Match Exception,Spring Framework DataBinder Case Sensitive Match Exception,MEDIUM,spring-context,5.3,No fix,spring-context v5.3.9,https://github.com/advisories/GHSA-4gc7-5j7h-4qph,,['Grype'],Grype,1,0.4,scanner_consensus_v1,['spring-context v5.3.9'],pkg_version,spring-context@5.3.9::GHSA-4GC7-5J7H-4QPH,['Grype'],,0,Unknown,,0.0,0.0,0,spring-context,pkg:maven/org.springframework/spring-context@5.3.39?type=jar,5.3.39,,name,farahh448/timesheet-devops,sha256:7b0272947968067c8962590fa528cd14c1110e7c62c0023979032d2e3affeae4,,,timesheet-devops,image_digest,1.0,FALSE,"[""no Ingress"", ""no LoadBalancer/NodePort externe confirme"", ""Service/timesheet-devops type=ClusterIP""]",0,0,1,7,prod,platform,default,['internal-service'],0,0,1,0,0,[],[],99,[],True,False,0.0,timesheet-devops,0,0,[],25.2,1,deployment,25.0,45,5.3,0.0,0.8,38.70719999999999,0.01,35.751438669580004,44.49949264526367,27.003384693896333,2,40.599796,28.80290282398244,34.701349559574226,11.796893176017559,0,36.3,36.9,0.133,VERY_LOW,"[{""feature"": ""severity_score"", ""impact"": -10.187, ""feature_value"": 45.0, ""direction"": ""lowers_risk""}, {""feature"": ""cvss_numeric"", ""impact"": 4.809, ""feature_value"": 5.3, ""direction"": ""raises_risk""}, {""feature"": ""time_decay_factor"", ""impact"": 3.516, ""feature_value"": 0.8, ""direction"": ""raises_risk""}, {""feature"": ""epss_numeric"", ""impact"": -1.112, ""feature_value"": 0.0, ""direction"": ""lowers_risk""}, {""feature"": ""confidence_score"", ""impact"": -0.891, ""feature_value"": 0.4, ""direction"": ""lowers_risk""}]",P4_30D,16.308851455881047,0,
GHSA-4gc7-5j7h-4qph#796a61,finding/v7.1,vulnerability,5.3.9,No fix,,,,,,Spring Framework DataBinder Case Sensitive Match Exception,Spring Framework DataBinder Case Sensitive Match Exception,MEDIUM,spring-web,5.3,No fix,spring-web v5.3.9,https://github.com/advisories/GHSA-4gc7-5j7h-4qph,,['Grype'],Grype,1,0.4,scanner_consensus_v1,['spring-web v5.3.9'],pkg_version,spring-web@5.3.9::GHSA-4GC7-5J7H-4QPH,['Grype'],,0,Unknown,,0.0,0.0,0,spring-web,pkg:maven/org.springframework/spring-web@5.3.39?type=jar,5.3.39,,name,farahh448/timesheet-devops,sha256:7b0272947968067c8962590fa528cd14c1110e7c62c0023979032d2e3affeae4,,,timesheet-devops,image_digest,1.0,FALSE,"[""no Ingress"", ""no LoadBalancer/NodePort externe confirme"", ""Service/timesheet-devops type=ClusterIP""]",0,0,1,7,prod,platform,default,['internal-service'],0,0,1,0,0,[],[],99,[],True,False,0.0,timesheet-devops,0,0,[],25.2,1,deployment,,45,5.3,0.0,0.8,38.70719999999999,0.01,,,,-1,40.599796,28.80290282398244,34.701349559574226,11.796893176017559,0,36.3,,0.133,VERY_LOW,"[{""feature"": ""severity_score"", ""impact"": -10.187, ""feature_value"": 45.0, ""direction"": ""lowers_risk""}, {""feature"": ""cvss_numeric"", ""impact"": 4.809, ""feature_value"": 5.3, ""direction"": ""raises_risk""}, {""feature"": ""time_decay_factor"", ""impact"": 3.516, ""feature_value"": 0.8, ""direction"": ""raises_risk""}, {""feature"": ""epss_numeric"", ""impact"": -1.112, ""feature_value"": 0.0, ""direction"": ""lowers_risk""}, {""feature"": ""confidence_score"", ""impact"": -0.891, ""feature_value"": 0.4, ""direction"": ""lowers_risk""}]",P4_30D,16.308851455881047,0,
GHSA-v682-8vv8-vpwr,finding/v7.1,vulnerability,9.0.52,9.0.86,,,,,,Denial of Service via incomplete cleanup vulnerability in Apache Tomcat,Denial of Service via incomplete cleanup vulnerability in Apache Tomcat,MEDIUM,tomcat-embed-websocket,6.3,9.0.86,tomcat-embed-websocket v9.0.52,https://github.com/advisories/GHSA-v682-8vv8-vpwr,,['Grype'],Grype,1,0.4,scanner_consensus_v1,['tomcat-embed-websocket v9.0.52'],pkg_version,tomcat-embed-websocket@9.0.52::GHSA-V682-8VV8-VPWR,['Grype'],,0,Unknown,,0.0,0.0,0,tomcat-embed-websocket,pkg:maven/org.apache.tomcat.embed/tomcat-embed-websocket@9.0.113?type=jar,9.0.113,,name,farahh448/timesheet-devops,sha256:7b0272947968067c8962590fa528cd14c1110e7c62c0023979032d2e3affeae4,,,timesheet-devops,image_digest,1.0,FALSE,"[""no Ingress"", ""no LoadBalancer/NodePort externe confirme"", ""Service/timesheet-devops type=ClusterIP""]",0,0,1,7,prod,platform,default,['internal-service'],0,0,1,0,0,[],[],99,[],True,False,0.0,timesheet-devops,0,0,[],25.2,1,deployment,,45,6.3,0.0,0.8,38.70719999999999,0.01,,,,-1,40.599796,28.80290282398244,34.701349559574226,11.796893176017559,0,36.3,,0.133,VERY_LOW,"[{""feature"": ""severity_score"", ""impact"": -10.187, ""feature_value"": 45.0, ""direction"": ""lowers_risk""}, {""feature"": ""cvss_numeric"", ""impact"": 4.809, ""feature_value"": 6.3, ""direction"": ""raises_risk""}, {""feature"": ""time_decay_factor"", ""impact"": 3.516, ""feature_value"": 0.8, ""direction"": ""raises_risk""}, {""feature"": ""epss_numeric"", ""impact"": -1.112, ""feature_value"": 0.0, ""direction"": ""lowers_risk""}, {""feature"": ""confidence_score"", ""impact"": -0.891, ""feature_value"": 0.4, ""direction"": ""lowers_risk""}]",P4_30D,16.308851455881047,0,
CKV_K8S_35#594235,finding/v7.1,iac_misconfiguration/kubernetes,,Corriger la definition IaC,,/reports/helm/helm-rendered.yaml,174.0,,,Prefer using secrets as files over secrets as environment variables,Prefer using secrets as files over secrets as environment variables | resource=Deployment.default.timesheet-devops,MEDIUM,Deployment.default.timesheet-devops,,Corriger la definition IaC,/reports/helm/helm-rendered.yaml,https://docs.prismacloud.io/en/enterprise-edition/policy-reference/kubernetes-policies/kubernetes-policy-index/bc-k8s-33,,['Checkov'],Checkov,1,0.4,scanner_consensus_v1,['/reports/helm/helm-rendered.yaml'],file_rule,/reports/helm/helm-rendered.yaml::CKV_K8S_35,['Checkov'],,0,Unknown,,0.0,0.0,0,,,,,unmatched,,,,,timesheet-devops,repo_path_mapping,0.7,FALSE,"[""no Ingress"", ""no LoadBalancer/NodePort externe confirme"", ""Service/timesheet-devops type=ClusterIP""]",0,0,1,7,prod,platform,default,['internal-service'],0,0,1,0,0,[],[],99,[],True,False,0.0,timesheet-devops,0,0,[],25.2,1,deployment,,45,5.0,0.0,0.8,38.70719999999999,0.01,,,,-1,0.003773272,28.80290282398244,14.403338048009973,28.79912955198244,0,24.1,,0.0,VERY_LOW,"[{""feature"": ""cvss_numeric"", ""impact"": -21.911, ""feature_value"": 5.0, ""direction"": ""lowers_risk""}, {""feature"": ""severity_score"", ""impact"": -21.289, ""feature_value"": 45.0, ""direction"": ""lowers_risk""}, {""feature"": ""epss_numeric"", ""impact"": -1.484, ""feature_value"": 0.0, ""direction"": ""lowers_risk""}, {""feature"": ""time_decay_factor"", ""impact"": 1.247, ""feature_value"": 0.8, ""direction"": ""raises_risk""}, {""feature"": ""confidence_score"", ""impact"": -1.024, ""feature_value"": 0.4, ""direction"": ""lowers_risk""}]",P5_BACKLOG,18.720566190394212,0,
CKV_K8S_15#d3bde0,finding/v7.1,iac_misconfiguration/kubernetes,,Corriger la definition IaC,,/reports/helm/helm-rendered.yaml,174.0,,,Image Pull Policy should be Always,Image Pull Policy should be Always | resource=Deployment.default.timesheet-devops,MEDIUM,Deployment.default.timesheet-devops,,Corriger la definition IaC,/reports/helm/helm-rendered.yaml,https://docs.prismacloud.io/en/enterprise-edition/policy-reference/kubernetes-policies/kubernetes-policy-index/bc-k8s-14,,['Checkov'],Checkov,1,0.4,scanner_consensus_v1,['/reports/helm/helm-rendered.yaml'],file_rule,/reports/helm/helm-rendered.yaml::CKV_K8S_15,['Checkov'],,0,Unknown,,0.0,0.0,0,,,,,unmatched,,,,,timesheet-devops,repo_path_mapping,0.7,FALSE,"[""no Ingress"", ""no LoadBalancer/NodePort externe confirme"", ""Service/timesheet-devops type=ClusterIP""]",0,0,1,7,prod,platform,default,['internal-service'],0,0,1,0,0,[],[],99,[],True,False,0.0,timesheet-devops,0,0,[],25.2,1,deployment,,45,5.0,0.0,0.8,38.70719999999999,0.01,,,,-1,0.003773272,28.80290282398244,14.403338048009973,28.79912955198244,0,24.1,,0.0,VERY_LOW,"[{""feature"": ""cvss_numeric"", ""impact"": -21.911, ""feature_value"": 5.0, ""direction"": ""lowers_risk""}, {""feature"": ""severity_score"", ""impact"": -21.289, ""feature_value"": 45.0, ""direction"": ""lowers_risk""}, {""feature"": ""epss_numeric"", ""impact"": -1.484, ""feature_value"": 0.0, ""direction"": ""lowers_risk""}, {""feature"": ""time_decay_factor"", ""impact"": 1.247, ""feature_value"": 0.8, ""direction"": ""raises_risk""}, {""feature"": ""confidence_score"", ""impact"": -1.024, ""feature_value"": 0.4, ""direction"": ""lowers_risk""}]",P5_BACKLOG,18.720566190394212,0,
CKV_K8S_11#dadfff,finding/v7.1,iac_misconfiguration/kubernetes,,Corriger la definition IaC,,/reports/helm/helm-rendered.yaml,174.0,,,CPU limits should be set,CPU limits should be set | resource=Deployment.default.timesheet-devops,MEDIUM,Deployment.default.timesheet-devops,,Corriger la definition IaC,/reports/helm/helm-rendered.yaml,https://docs.prismacloud.io/en/enterprise-edition/policy-reference/kubernetes-policies/kubernetes-policy-index/bc-k8s-10,,['Checkov'],Checkov,1,0.4,scanner_consensus_v1,['/reports/helm/helm-rendered.yaml'],file_rule,/reports/helm/helm-rendered.yaml::CKV_K8S_11,['Checkov'],,0,Unknown,,0.0,0.0,0,,,,,unmatched,,,,,timesheet-devops,repo_path_mapping,0.7,FALSE,"[""no Ingress"", ""no LoadBalancer/NodePort externe confirme"", ""Service/timesheet-devops type=ClusterIP""]",0,0,1,7,prod,platform,default,['internal-service'],0,0,1,0,0,[],[],99,[],True,False,0.0,timesheet-devops,0,0,[],25.2,1,deployment,,45,5.0,0.0,0.8,38.70719999999999,0.01,,,,-1,0.003773272,28.80290282398244,14.403338048009973,28.79912955198244,0,24.1,,0.0,VERY_LOW,"[{""feature"": ""cvss_numeric"", ""impact"": -21.911, ""feature_value"": 5.0, ""direction"": ""lowers_risk""}, {""feature"": ""severity_score"", ""impact"": -21.289, ""feature_value"": 45.0, ""direction"": ""lowers_risk""}, {""feature"": ""epss_numeric"", ""impact"": -1.484, ""feature_value"": 0.0, ""direction"": ""lowers_risk""}, {""feature"": ""time_decay_factor"", ""impact"": 1.247, ""feature_value"": 0.8, ""direction"": ""raises_risk""}, {""feature"": ""confidence_score"", ""impact"": -1.024, ""feature_value"": 0.4, ""direction"": ""lowers_risk""}]",P5_BACKLOG,18.720566190394212,0,
CKV_K8S_13#bdba74,finding/v7.1,iac_misconfiguration/kubernetes,,Corriger la definition IaC,,/reports/helm/helm-rendered.yaml,174.0,,,Memory limits should be set,Memory limits should be set | resource=Deployment.default.timesheet-devops,MEDIUM,Deployment.default.timesheet-devops,,Corriger la definition IaC,/reports/helm/helm-rendered.yaml,https://docs.prismacloud.io/en/enterprise-edition/policy-reference/kubernetes-policies/kubernetes-policy-index/bc-k8s-12,,['Checkov'],Checkov,1,0.4,scanner_consensus_v1,['/reports/helm/helm-rendered.yaml'],file_rule,/reports/helm/helm-rendered.yaml::CKV_K8S_13,['Checkov'],,0,Unknown,,0.0,0.0,0,,,,,unmatched,,,,,timesheet-devops,repo_path_mapping,0.7,FALSE,"[""no Ingress"", ""no LoadBalancer/NodePort externe confirme"", ""Service/timesheet-devops type=ClusterIP""]",0,0,1,7,prod,platform,default,['internal-service'],0,0,1,0,0,[],[],99,[],True,False,0.0,timesheet-devops,0,0,[],25.2,1,deployment,,45,5.0,0.0,0.8,38.70719999999999,0.01,,,,-1,0.003773272,28.80290282398244,14.403338048009973,28.79912955198244,0,24.1,,0.0,VERY_LOW,"[{""feature"": ""cvss_numeric"", ""impact"": -21.911, ""feature_value"": 5.0, ""direction"": ""lowers_risk""}, {""feature"": ""severity_score"", ""impact"": -21.289, ""feature_value"": 45.0, ""direction"": ""lowers_risk""}, {""feature"": ""epss_numeric"", ""impact"": -1.484, ""feature_value"": 0.0, ""direction"": ""lowers_risk""}, {""feature"": ""time_decay_factor"", ""impact"": 1.247, ""feature_value"": 0.8, ""direction"": ""raises_risk""}, {""feature"": ""confidence_score"", ""impact"": -1.024, ""feature_value"": 0.4, ""direction"": ""lowers_risk""}]",P5_BACKLOG,18.720566190394212,0,
CKV_K8S_38#cddede,finding/v7.1,iac_misconfiguration/kubernetes,,Corriger la definition IaC,,/reports/helm/helm-rendered.yaml,306.0,,,Ensure that Service Account Tokens are only mounted where necessary,Ensure that Service Account Tokens are only mounted where necessary | resource=Deployment.default.timesheet-devops-mysql,MEDIUM,Deployment.default.timesheet-devops-mysql,,Corriger la definition IaC,/reports/helm/helm-rendered.yaml,https://docs.prismacloud.io/en/enterprise-edition/policy-reference/kubernetes-policies/kubernetes-policy-index/bc-k8s-35,,['Checkov'],Checkov,1,0.4,scanner_consensus_v1,['/reports/helm/helm-rendered.yaml'],file_rule,/reports/helm/helm-rendered.yaml::CKV_K8S_38,['Checkov'],,0,Unknown,,0.0,0.0,0,,,,,unmatched,,,,,timesheet-devops,repo_path_mapping,0.7,FALSE,"[""no Ingress"", ""no LoadBalancer/NodePort externe confirme"", ""Service/timesheet-devops type=ClusterIP""]",0,0,1,7,prod,platform,default,['internal-service'],0,0,1,0,0,[],[],99,[],True,False,0.0,timesheet-devops,0,0,[],25.2,1,deployment,,45,5.0,0.0,0.8,38.70719999999999,0.01,,,,-1,0.003773272,28.80290282398244,14.403338048009973,28.79912955198244,0,24.1,,0.0,VERY_LOW,"[{""feature"": ""cvss_numeric"", ""impact"": -21.911, ""feature_value"": 5.0, ""direction"": ""lowers_risk""}, {""feature"": ""severity_score"", ""impact"": -21.289, ""feature_value"": 45.0, ""direction"": ""lowers_risk""}, {""feature"": ""epss_numeric"", ""impact"": -1.484, ""feature_value"": 0.0, ""direction"": ""lowers_risk""}, {""feature"": ""time_decay_factor"", ""impact"": 1.247, ""feature_value"": 0.8, ""direction"": ""raises_risk""}, {""feature"": ""confidence_score"", ""impact"": -1.024, ""feature_value"": 0.4, ""direction"": ""lowers_risk""}]",P5_BACKLOG,18.720566190394212,0,
CKV_K8S_40#18b073,finding/v7.1,iac_misconfiguration/kubernetes,,Corriger la definition IaC,,/reports/helm/helm-rendered.yaml,306.0,,,Containers should run as a high UID to avoid host conflict,Containers should run as a high UID to avoid host conflict | resource=Deployment.default.timesheet-devops-mysql,MEDIUM,Deployment.default.timesheet-devops-mysql,,Corriger la definition IaC,/reports/helm/helm-rendered.yaml,https://docs.prismacloud.io/en/enterprise-edition/policy-reference/kubernetes-policies/kubernetes-policy-index/bc-k8s-37,,['Checkov'],Checkov,1,0.4,scanner_consensus_v1,['/reports/helm/helm-rendered.yaml'],file_rule,/reports/helm/helm-rendered.yaml::CKV_K8S_40,['Checkov'],,0,Unknown,,0.0,0.0,0,,,,,unmatched,,,,,timesheet-devops,repo_path_mapping,0.7,FALSE,"[""no Ingress"", ""no LoadBalancer/NodePort externe confirme"", ""Service/timesheet-devops type=ClusterIP""]",0,0,1,7,prod,platform,default,['internal-service'],0,0,1,0,0,[],[],99,[],True,False,0.0,timesheet-devops,0,0,[],25.2,1,deployment,,45,5.0,0.0,0.8,38.70719999999999,0.01,,,,-1,0.003773272,28.80290282398244,14.403338048009973,28.79912955198244,0,24.1,,0.0,VERY_LOW,"[{""feature"": ""cvss_numeric"", ""impact"": -21.911, ""feature_value"": 5.0, ""direction"": ""lowers_risk""}, {""feature"": ""severity_score"", ""impact"": -21.289, ""feature_value"": 45.0, ""direction"": ""lowers_risk""}, {""feature"": ""epss_numeric"", ""impact"": -1.484, ""feature_value"": 0.0, ""direction"": ""lowers_risk""}, {""feature"": ""time_decay_factor"", ""impact"": 1.247, ""feature_value"": 0.8, ""direction"": ""raises_risk""}, {""feature"": ""confidence_score"", ""impact"": -1.024, ""feature_value"": 0.4, ""direction"": ""lowers_risk""}]",P5_BACKLOG,18.720566190394212,0,
CKV_K8S_8#22bc44,finding/v7.1,iac_misconfiguration/kubernetes,,Corriger la definition IaC,,/reports/helm/helm-rendered.yaml,306.0,,,Liveness Probe Should be Configured,Liveness Probe Should be Configured | resource=Deployment.default.timesheet-devops-mysql,MEDIUM,Deployment.default.timesheet-devops-mysql,,Corriger la definition IaC,/reports/helm/helm-rendered.yaml,https://docs.prismacloud.io/en/enterprise-edition/policy-reference/kubernetes-policies/kubernetes-policy-index/bc-k8s-7,,['Checkov'],Checkov,1,0.4,scanner_consensus_v1,['/reports/helm/helm-rendered.yaml'],file_rule,/reports/helm/helm-rendered.yaml::CKV_K8S_8,['Checkov'],,0,Unknown,,0.0,0.0,0,,,,,unmatched,,,,,timesheet-devops,repo_path_mapping,0.7,FALSE,"[""no Ingress"", ""no LoadBalancer/NodePort externe confirme"", ""Service/timesheet-devops type=ClusterIP""]",0,0,1,7,prod,platform,default,['internal-service'],0,0,1,0,0,[],[],99,[],True,False,0.0,timesheet-devops,0,0,[],25.2,1,deployment,,45,5.0,0.0,0.8,38.70719999999999,0.01,,,,-1,0.003773272,28.80290282398244,14.403338048009973,28.79912955198244,0,24.1,,0.0,VERY_LOW,"[{""feature"": ""cvss_numeric"", ""impact"": -21.911, ""feature_value"": 5.0, ""direction"": ""lowers_risk""}, {""feature"": ""severity_score"", ""impact"": -21.289, ""feature_value"": 45.0, ""direction"": ""lowers_risk""}, {""feature"": ""epss_numeric"", ""impact"": -1.484, ""feature_value"": 0.0, ""direction"": ""lowers_risk""}, {""feature"": ""time_decay_factor"", ""impact"": 1.247, ""feature_value"": 0.8, ""direction"": ""raises_risk""}, {""feature"": ""confidence_score"", ""impact"": -1.024, ""feature_value"": 0.4, ""direction"": ""lowers_risk""}]",P5_BACKLOG,18.720566190394212,0,
CKV2_K8S_6,finding/v7.1,iac_misconfiguration/kubernetes,,Corriger la definition IaC,,/argocd/patches/repo-server-timeout.yaml,1.0,,,Minimize the admission of pods which lack an associated NetworkPolicy,Minimize the admission of pods which lack an associated NetworkPolicy | resource=Pod.argocd.argocd-repo-server.app.kubernetes.io/name-argocd-repo-server,MEDIUM,Pod.argocd.argocd-repo-server.app.kubernetes.io/name-argocd-repo-server,,Corriger la definition IaC,/argocd/patches/repo-server-timeout.yaml,https://www.checkov.io/,,['Checkov'],Checkov,1,0.4,scanner_consensus_v1,['/argocd/patches/repo-server-timeout.yaml'],file_rule,/argocd/patches/repo-server-timeout.yaml::CKV2_K8S_6,['Checkov'],,0,Unknown,,0.0,0.0,0,,,,,unmatched,,,,,timesheet-devops,repo_path_mapping,0.7,FALSE,"[""no Ingress"", ""no LoadBalancer/NodePort externe confirme"", ""Service/timesheet-devops type=ClusterIP""]",0,0,1,7,prod,platform,default,['internal-service'],0,0,1,0,0,[],[],99,[],True,False,0.0,timesheet-devops,0,0,[],25.2,1,deployment,,45,5.0,0.0,0.8,38.70719999999999,0.01,,,,-1,0.003773272,28.80290282398244,14.403338048009973,28.79912955198244,0,24.1,,0.0,VERY_LOW,"[{""feature"": ""cvss_numeric"", ""impact"": -21.911, ""feature_value"": 5.0, ""direction"": ""lowers_risk""}, {""feature"": ""severity_score"", ""impact"": -21.289, ""feature_value"": 45.0, ""direction"": ""lowers_risk""}, {""feature"": ""epss_numeric"", ""impact"": -1.484, ""feature_value"": 0.0, ""direction"": ""lowers_risk""}, {""feature"": ""time_decay_factor"", ""impact"": 1.247, ""feature_value"": 0.8, ""direction"": ""raises_risk""}, {""feature"": ""confidence_score"", ""impact"": -1.024, ""feature_value"": 0.4, ""direction"": ""lowers_risk""}]",P5_BACKLOG,18.720566190394212,0,
CKV2_K8S_6#c49326,finding/v7.1,iac_misconfiguration/kubernetes,,Corriger la definition IaC,,/reports/helm/helm-rendered.yaml,306.0,,,Minimize the admission of pods which lack an associated NetworkPolicy,Minimize the admission of pods which lack an associated NetworkPolicy | resource=Pod.default.timesheet-devops-mysql.app.kubernetes.io/component-mysql.app.kubernetes.io/instance-timesheet-devops,MEDIUM,Pod.default.timesheet-devops-mysql.app.kubernetes.io/component-mysql.app.kubernetes.io/instance-timesheet-devops,,Corriger la definition IaC,/reports/helm/helm-rendered.yaml,https://www.checkov.io/,,['Checkov'],Checkov,1,0.4,scanner_consensus_v1,['/reports/helm/helm-rendered.yaml'],file_rule,/reports/helm/helm-rendered.yaml::CKV2_K8S_6,['Checkov'],,0,Unknown,,0.0,0.0,0,,,,,unmatched,,,,,timesheet-devops,repo_path_mapping,0.7,FALSE,"[""no Ingress"", ""no LoadBalancer/NodePort externe confirme"", ""Service/timesheet-devops type=ClusterIP""]",0,0,1,7,prod,platform,default,['internal-service'],0,0,1,0,0,[],[],99,[],True,False,0.0,timesheet-devops,0,0,[],25.2,1,deployment,,45,5.0,0.0,0.8,38.70719999999999,0.01,,,,-1,0.003773272,28.80290282398244,14.403338048009973,28.79912955198244,0,24.1,,0.0,VERY_LOW,"[{""feature"": ""cvss_numeric"", ""impact"": -21.911, ""feature_value"": 5.0, ""direction"": ""lowers_risk""}, {""feature"": ""severity_score"", ""impact"": -21.289, ""feature_value"": 45.0, ""direction"": ""lowers_risk""}, {""feature"": ""epss_numeric"", ""impact"": -1.484, ""feature_value"": 0.0, ""direction"": ""lowers_risk""}, {""feature"": ""time_decay_factor"", ""impact"": 1.247, ""feature_value"": 0.8, ""direction"": ""raises_risk""}, {""feature"": ""confidence_score"", ""impact"": -1.024, ""feature_value"": 0.4, ""direction"": ""lowers_risk""}]",P5_BACKLOG,18.720566190394212,0,
CKV_K8S_21#96e0ac,finding/v7.1,iac_misconfiguration/helm,,Corriger la definition IaC,,/helm/timesheet-devops/templates/secret.yaml,3.0,,,The default namespace should not be used,The default namespace should not be used | resource=Secret.default.release-name-timesheet-devops-db,MEDIUM,Secret.default.release-name-timesheet-devops-db,,Corriger la definition IaC,/helm/timesheet-devops/templates/secret.yaml,https://docs.prismacloud.io/en/enterprise-edition/policy-reference/kubernetes-policies/kubernetes-policy-index/bc-k8s-20,,['Checkov'],Checkov,1,0.4,scanner_consensus_v1,['/helm/timesheet-devops/templates/secret.yaml'],file_rule,/helm/timesheet-devops/templates/secret.yaml::CKV_K8S_21,['Checkov'],,0,Unknown,,0.0,0.0,0,,,,,unmatched,,,,,timesheet-devops,k8s_workload_target,0.85,FALSE,"[""no Ingress"", ""no LoadBalancer/NodePort externe confirme"", ""Service/timesheet-devops type=ClusterIP""]",0,0,1,7,prod,platform,default,['internal-service'],0,0,1,0,0,[],[],99,[],True,False,0.0,timesheet-devops,0,0,[],25.2,1,deployment,,45,5.0,0.0,0.8,38.70719999999999,0.01,,,,-1,0.003773272,28.80290282398244,14.403338048009973,28.79912955198244,0,24.1,,0.0,VERY_LOW,"[{""feature"": ""cvss_numeric"", ""impact"": -21.911, ""feature_value"": 5.0, ""direction"": ""lowers_risk""}, {""feature"": ""severity_score"", ""impact"": -21.289, ""feature_value"": 45.0, ""direction"": ""lowers_risk""}, {""feature"": ""epss_numeric"", ""impact"": -1.484, ""feature_value"": 0.0, ""direction"": ""lowers_risk""}, {""feature"": ""time_decay_factor"", ""impact"": 1.247, ""feature_value"": 0.8, ""direction"": ""raises_risk""}, {""feature"": ""confidence_score"", ""impact"": -1.024, ""feature_value"": 0.4, ""direction"": ""lowers_risk""}]",P5_BACKLOG,18.720566190394212,0,
CKV_K8S_21#45833b,finding/v7.1,iac_misconfiguration/helm,,Corriger la definition IaC,,/helm/timesheet-devops/templates/serviceaccount.yaml,3.0,,,The default namespace should not be used,The default namespace should not be used | resource=ServiceAccount.default.release-name-timesheet-devops,MEDIUM,ServiceAccount.default.release-name-timesheet-devops,,Corriger la definition IaC,/helm/timesheet-devops/templates/serviceaccount.yaml,https://docs.prismacloud.io/en/enterprise-edition/policy-reference/kubernetes-policies/kubernetes-policy-index/bc-k8s-20,,['Checkov'],Checkov,1,0.4,scanner_consensus_v1,['/helm/timesheet-devops/templates/serviceaccount.yaml'],file_rule,/helm/timesheet-devops/templates/serviceaccount.yaml::CKV_K8S_21,['Checkov'],,0,Unknown,,0.0,0.0,0,,,,,unmatched,,,,,timesheet-devops,k8s_workload_target,0.85,FALSE,"[""no Ingress"", ""no LoadBalancer/NodePort externe confirme"", ""Service/timesheet-devops type=ClusterIP""]",0,0,1,7,prod,platform,default,['internal-service'],0,0,1,0,0,[],[],99,[],True,False,0.0,timesheet-devops,0,0,[],25.2,1,deployment,,45,5.0,0.0,0.8,38.70719999999999,0.01,,,,-1,0.003773272,28.80290282398244,14.403338048009973,28.79912955198244,0,24.1,,0.0,VERY_LOW,"[{""feature"": ""cvss_numeric"", ""impact"": -21.911, ""feature_value"": 5.0, ""direction"": ""lowers_risk""}, {""feature"": ""severity_score"", ""impact"": -21.289, ""feature_value"": 45.0, ""direction"": ""lowers_risk""}, {""feature"": ""epss_numeric"", ""impact"": -1.484, ""feature_value"": 0.0, ""direction"": ""lowers_risk""}, {""feature"": ""time_decay_factor"", ""impact"": 1.247, ""feature_value"": 0.8, ""direction"": ""raises_risk""}, {""feature"": ""confidence_score"", ""impact"": -1.024, ""feature_value"": 0.4, ""direction"": ""lowers_risk""}]",P5_BACKLOG,18.720566190394212,0,
CKV_K8S_12#32123b,finding/v7.1,iac_misconfiguration/helm,,Corriger la definition IaC,,/helm/timesheet-devops/templates/deployment.yaml,3.0,,,Memory requests should be set,Memory requests should be set | resource=Deployment.default.release-name-timesheet-devops,MEDIUM,Deployment.default.release-name-timesheet-devops,,Corriger la definition IaC,/helm/timesheet-devops/templates/deployment.yaml,https://docs.prismacloud.io/en/enterprise-edition/policy-reference/kubernetes-policies/kubernetes-policy-index/bc-k8s-11,,['Checkov'],Checkov,1,0.4,scanner_consensus_v1,['/helm/timesheet-devops/templates/deployment.yaml'],file_rule,/helm/timesheet-devops/templates/deployment.yaml::CKV_K8S_12,['Checkov'],,0,Unknown,,0.0,0.0,0,,,,,unmatched,,,,,timesheet-devops,k8s_workload_target,0.85,FALSE,"[""no Ingress"", ""no LoadBalancer/NodePort externe confirme"", ""Service/timesheet-devops type=ClusterIP""]",0,0,1,7,prod,platform,default,['internal-service'],0,0,1,0,0,[],[],99,[],True,False,0.0,timesheet-devops,0,0,[],25.2,1,deployment,,45,5.0,0.0,0.8,38.70719999999999,0.01,,,,-1,0.003773272,28.80290282398244,14.403338048009973,28.79912955198244,0,24.1,,0.0,VERY_LOW,"[{""feature"": ""cvss_numeric"", ""impact"": -21.911, ""feature_value"": 5.0, ""direction"": ""lowers_risk""}, {""feature"": ""severity_score"", ""impact"": -21.289, ""feature_value"": 45.0, ""direction"": ""lowers_risk""}, {""feature"": ""epss_numeric"", ""impact"": -1.484, ""feature_value"": 0.0, ""direction"": ""lowers_risk""}, {""feature"": ""time_decay_factor"", ""impact"": 1.247, ""feature_value"": 0.8, ""direction"": ""raises_risk""}, {""feature"": ""confidence_score"", ""impact"": -1.024, ""feature_value"": 0.4, ""direction"": ""lowers_risk""}]",P5_BACKLOG,18.720566190394212,0,
CKV_K8S_10#7736e5,finding/v7.1,iac_misconfiguration/helm,,Corriger la definition IaC,,/helm/timesheet-devops/templates/deployment.yaml,3.0,,,CPU requests should be set,CPU requests should be set | resource=Deployment.default.release-name-timesheet-devops,MEDIUM,Deployment.default.release-name-timesheet-devops,,Corriger la definition IaC,/helm/timesheet-devops/templates/deployment.yaml,https://docs.prismacloud.io/en/enterprise-edition/policy-reference/kubernetes-policies/kubernetes-policy-index/bc-k8s-9,,['Checkov'],Checkov,1,0.4,scanner_consensus_v1,['/helm/timesheet-devops/templates/deployment.yaml'],file_rule,/helm/timesheet-devops/templates/deployment.yaml::CKV_K8S_10,['Checkov'],,0,Unknown,,0.0,0.0,0,,,,,unmatched,,,,,timesheet-devops,k8s_workload_target,0.85,FALSE,"[""no Ingress"", ""no LoadBalancer/NodePort externe confirme"", ""Service/timesheet-devops type=ClusterIP""]",0,0,1,7,prod,platform,default,['internal-service'],0,0,1,0,0,[],[],99,[],True,False,0.0,timesheet-devops,0,0,[],25.2,1,deployment,,45,5.0,0.0,0.8,38.70719999999999,0.01,,,,-1,0.003773272,28.80290282398244,14.403338048009973,28.79912955198244,0,24.1,,0.0,VERY_LOW,"[{""feature"": ""cvss_numeric"", ""impact"": -21.911, ""feature_value"": 5.0, ""direction"": ""lowers_risk""}, {""feature"": ""severity_score"", ""impact"": -21.289, ""feature_value"": 45.0, ""direction"": ""lowers_risk""}, {""feature"": ""epss_numeric"", ""impact"": -1.484, ""feature_value"": 0.0, ""direction"": ""lowers_risk""}, {""feature"": ""time_decay_factor"", ""impact"": 1.247, ""feature_value"": 0.8, ""direction"": ""raises_risk""}, {""feature"": ""confidence_score"", ""impact"": -1.024, ""feature_value"": 0.4, ""direction"": ""lowers_risk""}]",P5_BACKLOG,18.720566190394212,0,
CKV_K8S_22#b6c936,finding/v7.1,iac_misconfiguration/helm,,Corriger la definition IaC,,/helm/timesheet-devops/templates/deployment.yaml,3.0,,,Use read-only filesystem for containers where possible,Use read-only filesystem for containers where possible | resource=Deployment.default.release-name-timesheet-devops,MEDIUM,Deployment.default.release-name-timesheet-devops,,Corriger la definition IaC,/helm/timesheet-devops/templates/deployment.yaml,https://docs.prismacloud.io/en/enterprise-edition/policy-reference/kubernetes-policies/kubernetes-policy-index/bc-k8s-21,,['Checkov'],Checkov,1,0.4,scanner_consensus_v1,['/helm/timesheet-devops/templates/deployment.yaml'],file_rule,/helm/timesheet-devops/templates/deployment.yaml::CKV_K8S_22,['Checkov'],,0,Unknown,,0.0,0.0,0,,,,,unmatched,,,,,timesheet-devops,k8s_workload_target,0.85,FALSE,"[""no Ingress"", ""no LoadBalancer/NodePort externe confirme"", ""Service/timesheet-devops type=ClusterIP""]",0,0,1,7,prod,platform,default,['internal-service'],0,0,1,0,0,[],[],99,[],True,False,0.0,timesheet-devops,0,0,[],25.2,1,deployment,,45,5.0,0.0,0.8,38.70719999999999,0.01,,,,-1,0.003773272,28.80290282398244,14.403338048009973,28.79912955198244,0,24.1,,0.0,VERY_LOW,"[{""feature"": ""cvss_numeric"", ""impact"": -21.911, ""feature_value"": 5.0, ""direction"": ""lowers_risk""}, {""feature"": ""severity_score"", ""impact"": -21.289, ""feature_value"": 45.0, ""direction"": ""lowers_risk""}, {""feature"": ""epss_numeric"", ""impact"": -1.484, ""feature_value"": 0.0, ""direction"": ""lowers_risk""}, {""feature"": ""time_decay_factor"", ""impact"": 1.247, ""feature_value"": 0.8, ""direction"": ""raises_risk""}, {""feature"": ""confidence_score"", ""impact"": -1.024, ""feature_value"": 0.4, ""direction"": ""lowers_risk""}]",P5_BACKLOG,18.720566190394212,0,
CKV_K8S_43#d86545,finding/v7.1,iac_misconfiguration/helm,,Corriger la definition IaC,,/helm/timesheet-devops/templates/deployment.yaml,3.0,,,Image should use digest,Image should use digest | resource=Deployment.default.release-name-timesheet-devops,MEDIUM,Deployment.default.release-name-timesheet-devops,,Corriger la definition IaC,/helm/timesheet-devops/templates/deployment.yaml,https://docs.prismacloud.io/en/enterprise-edition/policy-reference/kubernetes-policies/kubernetes-policy-index/bc-k8s-39,,['Checkov'],Checkov,1,0.4,scanner_consensus_v1,['/helm/timesheet-devops/templates/deployment.yaml'],file_rule,/helm/timesheet-devops/templates/deployment.yaml::CKV_K8S_43,['Checkov'],,0,Unknown,,0.0,0.0,0,,,,,unmatched,,,,,timesheet-devops,k8s_workload_target,0.85,FALSE,"[""no Ingress"", ""no LoadBalancer/NodePort externe confirme"", ""Service/timesheet-devops type=ClusterIP""]",0,0,1,7,prod,platform,default,['internal-service'],0,0,1,0,0,[],[],99,[],True,False,0.0,timesheet-devops,0,0,[],25.2,1,deployment,,45,5.0,0.0,0.8,38.70719999999999,0.01,,,,-1,0.003773272,28.80290282398244,14.403338048009973,28.79912955198244,0,24.1,,0.0,VERY_LOW,"[{""feature"": ""cvss_numeric"", ""impact"": -21.911, ""feature_value"": 5.0, ""direction"": ""lowers_risk""}, {""feature"": ""severity_score"", ""impact"": -21.289, ""feature_value"": 45.0, ""direction"": ""lowers_risk""}, {""feature"": ""epss_numeric"", ""impact"": -1.484, ""feature_value"": 0.0, ""direction"": ""lowers_risk""}, {""feature"": ""time_decay_factor"", ""impact"": 1.247, ""feature_value"": 0.8, ""direction"": ""raises_risk""}, {""feature"": ""confidence_score"", ""impact"": -1.024, ""feature_value"": 0.4, ""direction"": ""lowers_risk""}]",P5_BACKLOG,18.720566190394212,0,
CKV_K8S_21,finding/v7.1,iac_misconfiguration/helm,,Corriger la definition IaC,,/helm/timesheet-devops/templates/deployment.yaml,3.0,,,The default namespace should not be used,The default namespace should not be used | resource=Deployment.default.release-name-timesheet-devops,MEDIUM,Deployment.default.release-name-timesheet-devops,,Corriger la definition IaC,/helm/timesheet-devops/templates/deployment.yaml,https://docs.prismacloud.io/en/enterprise-edition/policy-reference/kubernetes-policies/kubernetes-policy-index/bc-k8s-20,,['Checkov'],Checkov,1,0.4,scanner_consensus_v1,['/helm/timesheet-devops/templates/deployment.yaml'],file_rule,/helm/timesheet-devops/templates/deployment.yaml::CKV_K8S_21,['Checkov'],,0,Unknown,,0.0,0.0,0,,,,,unmatched,,,,,timesheet-devops,k8s_workload_target,0.85,FALSE,"[""no Ingress"", ""no LoadBalancer/NodePort externe confirme"", ""Service/timesheet-devops type=ClusterIP""]",0,0,1,7,prod,platform,default,['internal-service'],0,0,1,0,0,[],[],99,[],True,False,0.0,timesheet-devops,0,0,[],25.2,1,deployment,,45,5.0,0.0,0.8,38.70719999999999,0.01,,,,-1,0.003773272,28.80290282398244,14.403338048009973,28.79912955198244,0,24.1,,0.0,VERY_LOW,"[{""feature"": ""cvss_numeric"", ""impact"": -21.911, ""feature_value"": 5.0, ""direction"": ""lowers_risk""}, {""feature"": ""severity_score"", ""impact"": -21.289, ""feature_value"": 45.0, ""direction"": ""lowers_risk""}, {""feature"": ""epss_numeric"", ""impact"": -1.484, ""feature_value"": 0.0, ""direction"": ""lowers_risk""}, {""feature"": ""time_decay_factor"", ""impact"": 1.247, ""feature_value"": 0.8, ""direction"": ""raises_risk""}, {""feature"": ""confidence_score"", ""impact"": -1.024, ""feature_value"": 0.4, ""direction"": ""lowers_risk""}]",P5_BACKLOG,18.720566190394212,0,
CKV_K8S_35,finding/v7.1,iac_misconfiguration/helm,,Corriger la definition IaC,,/helm/timesheet-devops/templates/deployment.yaml,3.0,,,Prefer using secrets as files over secrets as environment variables,Prefer using secrets as files over secrets as environment variables | resource=Deployment.default.release-name-timesheet-devops,MEDIUM,Deployment.default.release-name-timesheet-devops,,Corriger la definition IaC,/helm/timesheet-devops/templates/deployment.yaml,https://docs.prismacloud.io/en/enterprise-edition/policy-reference/kubernetes-policies/kubernetes-policy-index/bc-k8s-33,,['Checkov'],Checkov,1,0.4,scanner_consensus_v1,['/helm/timesheet-devops/templates/deployment.yaml'],file_rule,/helm/timesheet-devops/templates/deployment.yaml::CKV_K8S_35,['Checkov'],,0,Unknown,,0.0,0.0,0,,,,,unmatched,,,,,timesheet-devops,k8s_workload_target,0.85,FALSE,"[""no Ingress"", ""no LoadBalancer/NodePort externe confirme"", ""Service/timesheet-devops type=ClusterIP""]",0,0,1,7,prod,platform,default,['internal-service'],0,0,1,0,0,[],[],99,[],True,False,0.0,timesheet-devops,0,0,[],25.2,1,deployment,,45,5.0,0.0,0.8,38.70719999999999,0.01,,,,-1,0.003773272,28.80290282398244,14.403338048009973,28.79912955198244,0,24.1,,0.0,VERY_LOW,"[{""feature"": ""cvss_numeric"", ""impact"": -21.911, ""feature_value"": 5.0, ""direction"": ""lowers_risk""}, {""feature"": ""severity_score"", ""impact"": -21.289, ""feature_value"": 45.0, ""direction"": ""lowers_risk""}, {""feature"": ""epss_numeric"", ""impact"": -1.484, ""feature_value"": 0.0, ""direction"": ""lowers_risk""}, {""feature"": ""time_decay_factor"", ""impact"": 1.247, ""feature_value"": 0.8, ""direction"": ""raises_risk""}, {""feature"": ""confidence_score"", ""impact"": -1.024, ""feature_value"": 0.4, ""direction"": ""lowers_risk""}]",P5_BACKLOG,18.720566190394212,0,
CKV_K8S_15#3205c7,finding/v7.1,iac_misconfiguration/helm,,Corriger la definition IaC,,/helm/timesheet-devops/templates/deployment.yaml,3.0,,,Image Pull Policy should be Always,Image Pull Policy should be Always | resource=Deployment.default.release-name-timesheet-devops,MEDIUM,Deployment.default.release-name-timesheet-devops,,Corriger la definition IaC,/helm/timesheet-devops/templates/deployment.yaml,https://docs.prismacloud.io/en/enterprise-edition/policy-reference/kubernetes-policies/kubernetes-policy-index/bc-k8s-14,,['Checkov'],Checkov,1,0.4,scanner_consensus_v1,['/helm/timesheet-devops/templates/deployment.yaml'],file_rule,/helm/timesheet-devops/templates/deployment.yaml::CKV_K8S_15,['Checkov'],,0,Unknown,,0.0,0.0,0,,,,,unmatched,,,,,timesheet-devops,k8s_workload_target,0.85,FALSE,"[""no Ingress"", ""no LoadBalancer/NodePort externe confirme"", ""Service/timesheet-devops type=ClusterIP""]",0,0,1,7,prod,platform,default,['internal-service'],0,0,1,0,0,[],[],99,[],True,False,0.0,timesheet-devops,0,0,[],25.2,1,deployment,,45,5.0,0.0,0.8,38.70719999999999,0.01,,,,-1,0.003773272,28.80290282398244,14.403338048009973,28.79912955198244,0,24.1,,0.0,VERY_LOW,"[{""feature"": ""cvss_numeric"", ""impact"": -21.911, ""feature_value"": 5.0, ""direction"": ""lowers_risk""}, {""feature"": ""severity_score"", ""impact"": -21.289, ""feature_value"": 45.0, ""direction"": ""lowers_risk""}, {""feature"": ""epss_numeric"", ""impact"": -1.484, ""feature_value"": 0.0, ""direction"": ""lowers_risk""}, {""feature"": ""time_decay_factor"", ""impact"": 1.247, ""feature_value"": 0.8, ""direction"": ""raises_risk""}, {""feature"": ""confidence_score"", ""impact"": -1.024, ""feature_value"": 0.4, ""direction"": ""lowers_risk""}]",P5_BACKLOG,18.720566190394212,0,
CKV_K8S_11#963f6e,finding/v7.1,iac_misconfiguration/helm,,Corriger la definition IaC,,/helm/timesheet-devops/templates/deployment.yaml,3.0,,,CPU limits should be set,CPU limits should be set | resource=Deployment.default.release-name-timesheet-devops,MEDIUM,Deployment.default.release-name-timesheet-devops,,Corriger la definition IaC,/helm/timesheet-devops/templates/deployment.yaml,https://docs.prismacloud.io/en/enterprise-edition/policy-reference/kubernetes-policies/kubernetes-policy-index/bc-k8s-10,,['Checkov'],Checkov,1,0.4,scanner_consensus_v1,['/helm/timesheet-devops/templates/deployment.yaml'],file_rule,/helm/timesheet-devops/templates/deployment.yaml::CKV_K8S_11,['Checkov'],,0,Unknown,,0.0,0.0,0,,,,,unmatched,,,,,timesheet-devops,k8s_workload_target,0.85,FALSE,"[""no Ingress"", ""no LoadBalancer/NodePort externe confirme"", ""Service/timesheet-devops type=ClusterIP""]",0,0,1,7,prod,platform,default,['internal-service'],0,0,1,0,0,[],[],99,[],True,False,0.0,timesheet-devops,0,0,[],25.2,1,deployment,,45,5.0,0.0,0.8,38.70719999999999,0.01,,,,-1,0.003773272,28.80290282398244,14.403338048009973,28.79912955198244,0,24.1,,0.0,VERY_LOW,"[{""feature"": ""cvss_numeric"", ""impact"": -21.911, ""feature_value"": 5.0, ""direction"": ""lowers_risk""}, {""feature"": ""severity_score"", ""impact"": -21.289, ""feature_value"": 45.0, ""direction"": ""lowers_risk""}, {""feature"": ""epss_numeric"", ""impact"": -1.484, ""feature_value"": 0.0, ""direction"": ""lowers_risk""}, {""feature"": ""time_decay_factor"", ""impact"": 1.247, ""feature_value"": 0.8, ""direction"": ""raises_risk""}, {""feature"": ""confidence_score"", ""impact"": -1.024, ""feature_value"": 0.4, ""direction"": ""lowers_risk""}]",P5_BACKLOG,18.720566190394212,0,
CKV_K8S_13#2abfd7,finding/v7.1,iac_misconfiguration/helm,,Corriger la definition IaC,,/helm/timesheet-devops/templates/deployment.yaml,3.0,,,Memory limits should be set,Memory limits should be set | resource=Deployment.default.release-name-timesheet-devops,MEDIUM,Deployment.default.release-name-timesheet-devops,,Corriger la definition IaC,/helm/timesheet-devops/templates/deployment.yaml,https://docs.prismacloud.io/en/enterprise-edition/policy-reference/kubernetes-policies/kubernetes-policy-index/bc-k8s-12,,['Checkov'],Checkov,1,0.4,scanner_consensus_v1,['/helm/timesheet-devops/templates/deployment.yaml'],file_rule,/helm/timesheet-devops/templates/deployment.yaml::CKV_K8S_13,['Checkov'],,0,Unknown,,0.0,0.0,0,,,,,unmatched,,,,,timesheet-devops,k8s_workload_target,0.85,FALSE,"[""no Ingress"", ""no LoadBalancer/NodePort externe confirme"", ""Service/timesheet-devops type=ClusterIP""]",0,0,1,7,prod,platform,default,['internal-service'],0,0,1,0,0,[],[],99,[],True,False,0.0,timesheet-devops,0,0,[],25.2,1,deployment,,45,5.0,0.0,0.8,38.70719999999999,0.01,,,,-1,0.003773272,28.80290282398244,14.403338048009973,28.79912955198244,0,24.1,,0.0,VERY_LOW,"[{""feature"": ""cvss_numeric"", ""impact"": -21.911, ""feature_value"": 5.0, ""direction"": ""lowers_risk""}, {""feature"": ""severity_score"", ""impact"": -21.289, ""feature_value"": 45.0, ""direction"": ""lowers_risk""}, {""feature"": ""epss_numeric"", ""impact"": -1.484, ""feature_value"": 0.0, ""direction"": ""lowers_risk""}, {""feature"": ""time_decay_factor"", ""impact"": 1.247, ""feature_value"": 0.8, ""direction"": ""raises_risk""}, {""feature"": ""confidence_score"", ""impact"": -1.024, ""feature_value"": 0.4, ""direction"": ""lowers_risk""}]",P5_BACKLOG,18.720566190394212,0,
CKV_K8S_21#b3cc4f,finding/v7.1,iac_misconfiguration/helm,,Corriger la definition IaC,,/helm/timesheet-devops/templates/service.yaml,3.0,,,The default namespace should not be used,The default namespace should not be used | resource=Service.default.release-name-timesheet-devops,MEDIUM,Service.default.release-name-timesheet-devops,,Corriger la definition IaC,/helm/timesheet-devops/templates/service.yaml,https://docs.prismacloud.io/en/enterprise-edition/policy-reference/kubernetes-policies/kubernetes-policy-index/bc-k8s-20,,['Checkov'],Checkov,1,0.4,scanner_consensus_v1,['/helm/timesheet-devops/templates/service.yaml'],file_rule,/helm/timesheet-devops/templates/service.yaml::CKV_K8S_21,['Checkov'],,0,Unknown,,0.0,0.0,0,,,,,unmatched,,,,,timesheet-devops,k8s_workload_target,0.85,FALSE,"[""no Ingress"", ""no LoadBalancer/NodePort externe confirme"", ""Service/timesheet-devops type=ClusterIP""]",0,0,1,7,prod,platform,default,['internal-service'],0,0,1,0,0,[],[],99,[],True,False,0.0,timesheet-devops,0,0,[],25.2,1,deployment,,45,5.0,0.0,0.8,38.70719999999999,0.01,,,,-1,0.003773272,28.80290282398244,14.403338048009973,28.79912955198244,0,24.1,,0.0,VERY_LOW,"[{""feature"": ""cvss_numeric"", ""impact"": -21.911, ""feature_value"": 5.0, ""direction"": ""lowers_risk""}, {""feature"": ""severity_score"", ""impact"": -21.289, ""feature_value"": 45.0, ""direction"": ""lowers_risk""}, {""feature"": ""epss_numeric"", ""impact"": -1.484, ""feature_value"": 0.0, ""direction"": ""lowers_risk""}, {""feature"": ""time_decay_factor"", ""impact"": 1.247, ""feature_value"": 0.8, ""direction"": ""raises_risk""}, {""feature"": ""confidence_score"", ""impact"": -1.024, ""feature_value"": 0.4, ""direction"": ""lowers_risk""}]",P5_BACKLOG,18.720566190394212,0,
CKV_K8S_21#84d3db,finding/v7.1,iac_misconfiguration/helm,,Corriger la definition IaC,,/helm/timesheet-devops/templates/mysql.yaml,23.0,,,The default namespace should not be used,The default namespace should not be used | resource=Service.default.release-name-timesheet-devops-mysql,MEDIUM,Service.default.release-name-timesheet-devops-mysql,,Corriger la definition IaC,/helm/timesheet-devops/templates/mysql.yaml,https://docs.prismacloud.io/en/enterprise-edition/policy-reference/kubernetes-policies/kubernetes-policy-index/bc-k8s-20,,['Checkov'],Checkov,1,0.4,scanner_consensus_v1,['/helm/timesheet-devops/templates/mysql.yaml'],file_rule,/helm/timesheet-devops/templates/mysql.yaml::CKV_K8S_21,['Checkov'],,0,Unknown,,0.0,0.0,0,,,,,unmatched,,,,,timesheet-devops,k8s_workload_target,0.85,FALSE,"[""no Ingress"", ""no LoadBalancer/NodePort externe confirme"", ""Service/timesheet-devops type=ClusterIP""]",0,0,1,7,prod,platform,default,['internal-service'],0,0,1,0,0,[],[],99,[],True,False,0.0,timesheet-devops,0,0,[],25.2,1,deployment,,45,5.0,0.0,0.8,38.70719999999999,0.01,,,,-1,0.003773272,28.80290282398244,14.403338048009973,28.79912955198244,0,24.1,,0.0,VERY_LOW,"[{""feature"": ""cvss_numeric"", ""impact"": -21.911, ""feature_value"": 5.0, ""direction"": ""lowers_risk""}, {""feature"": ""severity_score"", ""impact"": -21.289, ""feature_value"": 45.0, ""direction"": ""lowers_risk""}, {""feature"": ""epss_numeric"", ""impact"": -1.484, ""feature_value"": 0.0, ""direction"": ""lowers_risk""}, {""feature"": ""time_decay_factor"", ""impact"": 1.247, ""feature_value"": 0.8, ""direction"": ""raises_risk""}, {""feature"": ""confidence_score"", ""impact"": -1.024, ""feature_value"": 0.4, ""direction"": ""lowers_risk""}]",P5_BACKLOG,18.720566190394212,0,
CKV_K8S_22#dc9907,finding/v7.1,iac_misconfiguration/helm,,Corriger la definition IaC,,/helm/timesheet-devops/templates/mysql.yaml,44.0,,,Use read-only filesystem for containers where possible,Use read-only filesystem for containers where possible | resource=Deployment.default.release-name-timesheet-devops-mysql,MEDIUM,Deployment.default.release-name-timesheet-devops-mysql,,Corriger la definition IaC,/helm/timesheet-devops/templates/mysql.yaml,https://docs.prismacloud.io/en/enterprise-edition/policy-reference/kubernetes-policies/kubernetes-policy-index/bc-k8s-21,,['Checkov'],Checkov,1,0.4,scanner_consensus_v1,['/helm/timesheet-devops/templates/mysql.yaml'],file_rule,/helm/timesheet-devops/templates/mysql.yaml::CKV_K8S_22,['Checkov'],,0,Unknown,,0.0,0.0,0,,,,,unmatched,,,,,timesheet-devops,k8s_workload_target,0.85,FALSE,"[""no Ingress"", ""no LoadBalancer/NodePort externe confirme"", ""Service/timesheet-devops type=ClusterIP""]",0,0,1,7,prod,platform,default,['internal-service'],0,0,1,0,0,[],[],99,[],True,False,0.0,timesheet-devops,0,0,[],25.2,1,deployment,,45,5.0,0.0,0.8,38.70719999999999,0.01,,,,-1,0.003773272,28.80290282398244,14.403338048009973,28.79912955198244,0,24.1,,0.0,VERY_LOW,"[{""feature"": ""cvss_numeric"", ""impact"": -21.911, ""feature_value"": 5.0, ""direction"": ""lowers_risk""}, {""feature"": ""severity_score"", ""impact"": -21.289, ""feature_value"": 45.0, ""direction"": ""lowers_risk""}, {""feature"": ""epss_numeric"", ""impact"": -1.484, ""feature_value"": 0.0, ""direction"": ""lowers_risk""}, {""feature"": ""time_decay_factor"", ""impact"": 1.247, ""feature_value"": 0.8, ""direction"": ""raises_risk""}, {""feature"": ""confidence_score"", ""impact"": -1.024, ""feature_value"": 0.4, ""direction"": ""lowers_risk""}]",P5_BACKLOG,18.720566190394212,0,
CKV_K8S_43#7f080b,finding/v7.1,iac_misconfiguration/helm,,Corriger la definition IaC,,/helm/timesheet-devops/templates/mysql.yaml,44.0,,,Image should use digest,Image should use digest | resource=Deployment.default.release-name-timesheet-devops-mysql,MEDIUM,Deployment.default.release-name-timesheet-devops-mysql,,Corriger la definition IaC,/helm/timesheet-devops/templates/mysql.yaml,https://docs.prismacloud.io/en/enterprise-edition/policy-reference/kubernetes-policies/kubernetes-policy-index/bc-k8s-39,,['Checkov'],Checkov,1,0.4,scanner_consensus_v1,['/helm/timesheet-devops/templates/mysql.yaml'],file_rule,/helm/timesheet-devops/templates/mysql.yaml::CKV_K8S_43,['Checkov'],,0,Unknown,,0.0,0.0,0,,,,,unmatched,,,,,timesheet-devops,k8s_workload_target,0.85,FALSE,"[""no Ingress"", ""no LoadBalancer/NodePort externe confirme"", ""Service/timesheet-devops type=ClusterIP""]",0,0,1,7,prod,platform,default,['internal-service'],0,0,1,0,0,[],[],99,[],True,False,0.0,timesheet-devops,0,0,[],25.2,1,deployment,,45,5.0,0.0,0.8,38.70719999999999,0.01,,,,-1,0.003773272,28.80290282398244,14.403338048009973,28.79912955198244,0,24.1,,0.0,VERY_LOW,"[{""feature"": ""cvss_numeric"", ""impact"": -21.911, ""feature_value"": 5.0, ""direction"": ""lowers_risk""}, {""feature"": ""severity_score"", ""impact"": -21.289, ""feature_value"": 45.0, ""direction"": ""lowers_risk""}, {""feature"": ""epss_numeric"", ""impact"": -1.484, ""feature_value"": 0.0, ""direction"": ""lowers_risk""}, {""feature"": ""time_decay_factor"", ""impact"": 1.247, ""feature_value"": 0.8, ""direction"": ""raises_risk""}, {""feature"": ""confidence_score"", ""impact"": -1.024, ""feature_value"": 0.4, ""direction"": ""lowers_risk""}]",P5_BACKLOG,18.720566190394212,0,
CKV_K8S_38#cedf6b,finding/v7.1,iac_misconfiguration/helm,,Corriger la definition IaC,,/helm/timesheet-devops/templates/mysql.yaml,44.0,,,Ensure that Service Account Tokens are only mounted where necessary,Ensure that Service Account Tokens are only mounted where necessary | resource=Deployment.default.release-name-timesheet-devops-mysql,MEDIUM,Deployment.default.release-name-timesheet-devops-mysql,,Corriger la definition IaC,/helm/timesheet-devops/templates/mysql.yaml,https://docs.prismacloud.io/en/enterprise-edition/policy-reference/kubernetes-policies/kubernetes-policy-index/bc-k8s-35,,['Checkov'],Checkov,1,0.4,scanner_consensus_v1,['/helm/timesheet-devops/templates/mysql.yaml'],file_rule,/helm/timesheet-devops/templates/mysql.yaml::CKV_K8S_38,['Checkov'],,0,Unknown,,0.0,0.0,0,,,,,unmatched,,,,,timesheet-devops,k8s_workload_target,0.85,FALSE,"[""no Ingress"", ""no LoadBalancer/NodePort externe confirme"", ""Service/timesheet-devops type=ClusterIP""]",0,0,1,7,prod,platform,default,['internal-service'],0,0,1,0,0,[],[],99,[],True,False,0.0,timesheet-devops,0,0,[],25.2,1,deployment,,45,5.0,0.0,0.8,38.70719999999999,0.01,,,,-1,0.003773272,28.80290282398244,14.403338048009973,28.79912955198244,0,24.1,,0.0,VERY_LOW,"[{""feature"": ""cvss_numeric"", ""impact"": -21.911, ""feature_value"": 5.0, ""direction"": ""lowers_risk""}, {""feature"": ""severity_score"", ""impact"": -21.289, ""feature_value"": 45.0, ""direction"": ""lowers_risk""}, {""feature"": ""epss_numeric"", ""impact"": -1.484, ""feature_value"": 0.0, ""direction"": ""lowers_risk""}, {""feature"": ""time_decay_factor"", ""impact"": 1.247, ""feature_value"": 0.8, ""direction"": ""raises_risk""}, {""feature"": ""confidence_score"", ""impact"": -1.024, ""feature_value"": 0.4, ""direction"": ""lowers_risk""}]",P5_BACKLOG,18.720566190394212,0,
CKV_K8S_35#c1cf3d,finding/v7.1,iac_misconfiguration/helm,,Corriger la definition IaC,,/helm/timesheet-devops/templates/mysql.yaml,44.0,,,Prefer using secrets as files over secrets as environment variables,Prefer using secrets as files over secrets as environment variables | resource=Deployment.default.release-name-timesheet-devops-mysql,MEDIUM,Deployment.default.release-name-timesheet-devops-mysql,,Corriger la definition IaC,/helm/timesheet-devops/templates/mysql.yaml,https://docs.prismacloud.io/en/enterprise-edition/policy-reference/kubernetes-policies/kubernetes-policy-index/bc-k8s-33,,['Checkov'],Checkov,1,0.4,scanner_consensus_v1,['/helm/timesheet-devops/templates/mysql.yaml'],file_rule,/helm/timesheet-devops/templates/mysql.yaml::CKV_K8S_35,['Checkov'],,0,Unknown,,0.0,0.0,0,,,,,unmatched,,,,,timesheet-devops,k8s_workload_target,0.85,FALSE,"[""no Ingress"", ""no LoadBalancer/NodePort externe confirme"", ""Service/timesheet-devops type=ClusterIP""]",0,0,1,7,prod,platform,default,['internal-service'],0,0,1,0,0,[],[],99,[],True,False,0.0,timesheet-devops,0,0,[],25.2,1,deployment,,45,5.0,0.0,0.8,38.70719999999999,0.01,,,,-1,0.003773272,28.80290282398244,14.403338048009973,28.79912955198244,0,24.1,,0.0,VERY_LOW,"[{""feature"": ""cvss_numeric"", ""impact"": -21.911, ""feature_value"": 5.0, ""direction"": ""lowers_risk""}, {""feature"": ""severity_score"", ""impact"": -21.289, ""feature_value"": 45.0, ""direction"": ""lowers_risk""}, {""feature"": ""epss_numeric"", ""impact"": -1.484, ""feature_value"": 0.0, ""direction"": ""lowers_risk""}, {""feature"": ""time_decay_factor"", ""impact"": 1.247, ""feature_value"": 0.8, ""direction"": ""raises_risk""}, {""feature"": ""confidence_score"", ""impact"": -1.024, ""feature_value"": 0.4, ""direction"": ""lowers_risk""}]",P5_BACKLOG,18.720566190394212,0,
CKV_K8S_40#040589,finding/v7.1,iac_misconfiguration/helm,,Corriger la definition IaC,,/helm/timesheet-devops/templates/mysql.yaml,44.0,,,Containers should run as a high UID to avoid host conflict,Containers should run as a high UID to avoid host conflict | resource=Deployment.default.release-name-timesheet-devops-mysql,MEDIUM,Deployment.default.release-name-timesheet-devops-mysql,,Corriger la definition IaC,/helm/timesheet-devops/templates/mysql.yaml,https://docs.prismacloud.io/en/enterprise-edition/policy-reference/kubernetes-policies/kubernetes-policy-index/bc-k8s-37,,['Checkov'],Checkov,1,0.4,scanner_consensus_v1,['/helm/timesheet-devops/templates/mysql.yaml'],file_rule,/helm/timesheet-devops/templates/mysql.yaml::CKV_K8S_40,['Checkov'],,0,Unknown,,0.0,0.0,0,,,,,unmatched,,,,,timesheet-devops,k8s_workload_target,0.85,FALSE,"[""no Ingress"", ""no LoadBalancer/NodePort externe confirme"", ""Service/timesheet-devops type=ClusterIP""]",0,0,1,7,prod,platform,default,['internal-service'],0,0,1,0,0,[],[],99,[],True,False,0.0,timesheet-devops,0,0,[],25.2,1,deployment,,45,5.0,0.0,0.8,38.70719999999999,0.01,,,,-1,0.003773272,28.80290282398244,14.403338048009973,28.79912955198244,0,24.1,,0.0,VERY_LOW,"[{""feature"": ""cvss_numeric"", ""impact"": -21.911, ""feature_value"": 5.0, ""direction"": ""lowers_risk""}, {""feature"": ""severity_score"", ""impact"": -21.289, ""feature_value"": 45.0, ""direction"": ""lowers_risk""}, {""feature"": ""epss_numeric"", ""impact"": -1.484, ""feature_value"": 0.0, ""direction"": ""lowers_risk""}, {""feature"": ""time_decay_factor"", ""impact"": 1.247, ""feature_value"": 0.8, ""direction"": ""raises_risk""}, {""feature"": ""confidence_score"", ""impact"": -1.024, ""feature_value"": 0.4, ""direction"": ""lowers_risk""}]",P5_BACKLOG,18.720566190394212,0,
CKV_K8S_15#0f6bdd,finding/v7.1,iac_misconfiguration/helm,,Corriger la definition IaC,,/helm/timesheet-devops/templates/mysql.yaml,44.0,,,Image Pull Policy should be Always,Image Pull Policy should be Always | resource=Deployment.default.release-name-timesheet-devops-mysql,MEDIUM,Deployment.default.release-name-timesheet-devops-mysql,,Corriger la definition IaC,/helm/timesheet-devops/templates/mysql.yaml,https://docs.prismacloud.io/en/enterprise-edition/policy-reference/kubernetes-policies/kubernetes-policy-index/bc-k8s-14,,['Checkov'],Checkov,1,0.4,scanner_consensus_v1,['/helm/timesheet-devops/templates/mysql.yaml'],file_rule,/helm/timesheet-devops/templates/mysql.yaml::CKV_K8S_15,['Checkov'],,0,Unknown,,0.0,0.0,0,,,,,unmatched,,,,,timesheet-devops,k8s_workload_target,0.85,FALSE,"[""no Ingress"", ""no LoadBalancer/NodePort externe confirme"", ""Service/timesheet-devops type=ClusterIP""]",0,0,1,7,prod,platform,default,['internal-service'],0,0,1,0,0,[],[],99,[],True,False,0.0,timesheet-devops,0,0,[],25.2,1,deployment,,45,5.0,0.0,0.8,38.70719999999999,0.01,,,,-1,0.003773272,28.80290282398244,14.403338048009973,28.79912955198244,0,24.1,,0.0,VERY_LOW,"[{""feature"": ""cvss_numeric"", ""impact"": -21.911, ""feature_value"": 5.0, ""direction"": ""lowers_risk""}, {""feature"": ""severity_score"", ""impact"": -21.289, ""feature_value"": 45.0, ""direction"": ""lowers_risk""}, {""feature"": ""epss_numeric"", ""impact"": -1.484, ""feature_value"": 0.0, ""direction"": ""lowers_risk""}, {""feature"": ""time_decay_factor"", ""impact"": 1.247, ""feature_value"": 0.8, ""direction"": ""raises_risk""}, {""feature"": ""confidence_score"", ""impact"": -1.024, ""feature_value"": 0.4, ""direction"": ""lowers_risk""}]",P5_BACKLOG,18.720566190394212,0,
CKV_K8S_8#67f99c,finding/v7.1,iac_misconfiguration/helm,,Corriger la definition IaC,,/helm/timesheet-devops/templates/mysql.yaml,44.0,,,Liveness Probe Should be Configured,Liveness Probe Should be Configured | resource=Deployment.default.release-name-timesheet-devops-mysql,MEDIUM,Deployment.default.release-name-timesheet-devops-mysql,,Corriger la definition IaC,/helm/timesheet-devops/templates/mysql.yaml,https://docs.prismacloud.io/en/enterprise-edition/policy-reference/kubernetes-policies/kubernetes-policy-index/bc-k8s-7,,['Checkov'],Checkov,1,0.4,scanner_consensus_v1,['/helm/timesheet-devops/templates/mysql.yaml'],file_rule,/helm/timesheet-devops/templates/mysql.yaml::CKV_K8S_8,['Checkov'],,0,Unknown,,0.0,0.0,0,,,,,unmatched,,,,,timesheet-devops,k8s_workload_target,0.85,FALSE,"[""no Ingress"", ""no LoadBalancer/NodePort externe confirme"", ""Service/timesheet-devops type=ClusterIP""]",0,0,1,7,prod,platform,default,['internal-service'],0,0,1,0,0,[],[],99,[],True,False,0.0,timesheet-devops,0,0,[],25.2,1,deployment,,45,5.0,0.0,0.8,38.70719999999999,0.01,,,,-1,0.003773272,28.80290282398244,14.403338048009973,28.79912955198244,0,24.1,,0.0,VERY_LOW,"[{""feature"": ""cvss_numeric"", ""impact"": -21.911, ""feature_value"": 5.0, ""direction"": ""lowers_risk""}, {""feature"": ""severity_score"", ""impact"": -21.289, ""feature_value"": 45.0, ""direction"": ""lowers_risk""}, {""feature"": ""epss_numeric"", ""impact"": -1.484, ""feature_value"": 0.0, ""direction"": ""lowers_risk""}, {""feature"": ""time_decay_factor"", ""impact"": 1.247, ""feature_value"": 0.8, ""direction"": ""raises_risk""}, {""feature"": ""confidence_score"", ""impact"": -1.024, ""feature_value"": 0.4, ""direction"": ""lowers_risk""}]",P5_BACKLOG,18.720566190394212,0,
CKV2_K8S_6#4460e6,finding/v7.1,iac_misconfiguration/helm,,Corriger la definition IaC,,/helm/timesheet-devops/templates/mysql.yaml,44.0,,,Minimize the admission of pods which lack an associated NetworkPolicy,Minimize the admission of pods which lack an associated NetworkPolicy | resource=Pod.default.release-name-timesheet-devops-mysql.app.kubernetes.io/component-mysql.app.kubernetes.io/instance-release-name,MEDIUM,Pod.default.release-name-timesheet-devops-mysql.app.kubernetes.io/component-mysql.app.kubernetes.io/instance-release-name,,Corriger la definition IaC,/helm/timesheet-devops/templates/mysql.yaml,https://www.checkov.io/,,['Checkov'],Checkov,1,0.4,scanner_consensus_v1,['/helm/timesheet-devops/templates/mysql.yaml'],file_rule,/helm/timesheet-devops/templates/mysql.yaml::CKV2_K8S_6,['Checkov'],,0,Unknown,,0.0,0.0,0,,,,,unmatched,,,,,timesheet-devops,k8s_workload_target,0.85,FALSE,"[""no Ingress"", ""no LoadBalancer/NodePort externe confirme"", ""Service/timesheet-devops type=ClusterIP""]",0,0,1,7,prod,platform,default,['internal-service'],0,0,1,0,0,[],[],99,[],True,False,0.0,timesheet-devops,0,0,[],25.2,1,deployment,,45,5.0,0.0,0.8,38.70719999999999,0.01,,,,-1,0.003773272,28.80290282398244,14.403338048009973,28.79912955198244,0,24.1,,0.0,VERY_LOW,"[{""feature"": ""cvss_numeric"", ""impact"": -21.911, ""feature_value"": 5.0, ""direction"": ""lowers_risk""}, {""feature"": ""severity_score"", ""impact"": -21.289, ""feature_value"": 45.0, ""direction"": ""lowers_risk""}, {""feature"": ""epss_numeric"", ""impact"": -1.484, ""feature_value"": 0.0, ""direction"": ""lowers_risk""}, {""feature"": ""time_decay_factor"", ""impact"": 1.247, ""feature_value"": 0.8, ""direction"": ""raises_risk""}, {""feature"": ""confidence_score"", ""impact"": -1.024, ""feature_value"": 0.4, ""direction"": ""lowers_risk""}]",P5_BACKLOG,18.720566190394212,0,
CKV_SECRET_6,finding/v7.1,iac_misconfiguration/secrets,,Corriger la definition IaC,,/k8s/secret.example.yaml,12.0,,,Base64 High Entropy String,Base64 High Entropy String | resource=54deceef3562c4365f3496dcf11694fbbea00426,MEDIUM,54deceef3562c4365f3496dcf11694fbbea00426,,Corriger la definition IaC,/k8s/secret.example.yaml,https://docs.prismacloud.io/en/enterprise-edition/policy-reference/secrets-policies/secrets-policy-index/git-secrets-6,,['Checkov'],Checkov,1,0.4,scanner_consensus_v1,['/k8s/secret.example.yaml'],file_rule,/k8s/secret.example.yaml::CKV_SECRET_6,['Checkov'],,0,Unknown,,0.0,0.0,0,,,,,unmatched,,,,,timesheet-devops,repo_path_mapping,0.7,FALSE,"[""no Ingress"", ""no LoadBalancer/NodePort externe confirme"", ""Service/timesheet-devops type=ClusterIP""]",0,0,1,7,prod,platform,default,['internal-service'],0,0,1,0,0,[],[],99,[],True,False,0.0,timesheet-devops,0,0,[],25.2,1,deployment,,45,5.0,0.0,0.8,38.70719999999999,0.01,,,,-1,0.003773272,28.80290282398244,14.403338048009973,28.79912955198244,0,24.1,,0.0,VERY_LOW,"[{""feature"": ""cvss_numeric"", ""impact"": -21.911, ""feature_value"": 5.0, ""direction"": ""lowers_risk""}, {""feature"": ""severity_score"", ""impact"": -21.289, ""feature_value"": 45.0, ""direction"": ""lowers_risk""}, {""feature"": ""epss_numeric"", ""impact"": -1.484, ""feature_value"": 0.0, ""direction"": ""lowers_risk""}, {""feature"": ""time_decay_factor"", ""impact"": 1.247, ""feature_value"": 0.8, ""direction"": ""raises_risk""}, {""feature"": ""confidence_score"", ""impact"": -1.024, ""feature_value"": 0.4, ""direction"": ""lowers_risk""}]",P5_BACKLOG,18.720566190394212,0,
GHSA-g76j-4cxx-23h9,finding/v7.1,vulnerability,8.0.26,8.0.28,,,,,,Improper Handling of Insufficient Permissions or Privileges in MySQL Connectors Java,Improper Handling of Insufficient Permissions or Privileges in MySQL Connectors Java,MEDIUM,mysql-connector-java,6.6,8.0.28,mysql-connector-java v8.0.26,https://github.com/advisories/GHSA-g76j-4cxx-23h9,,['Grype'],Grype,1,0.4,scanner_consensus_v1,['mysql-connector-java v8.0.26'],pkg_version,mysql-connector-java@8.0.26::GHSA-G76J-4CXX-23H9,['Grype'],,0,Unknown,,0.0,0.0,0,mysql-connector-java,pkg:maven/mysql/mysql-connector-java@8.0.26?type=jar,8.0.26,,name_version,farahh448/timesheet-devops,sha256:7b0272947968067c8962590fa528cd14c1110e7c62c0023979032d2e3affeae4,,,timesheet-devops,image_digest,1.0,FALSE,"[""no Ingress"", ""no LoadBalancer/NodePort externe confirme"", ""Service/timesheet-devops type=ClusterIP""]",0,0,1,7,prod,platform,default,['internal-service'],0,0,1,0,0,[],[],99,[],True,False,0.0,timesheet-devops,0,0,[],25.2,1,deployment,,45,6.6,0.0,0.8,38.70719999999999,0.01,,,,-1,40.44007,28.80290282398244,34.62148696496973,11.63716717601756,0,36.3,,0.133,VERY_LOW,"[{""feature"": ""severity_score"", ""impact"": -10.221, ""feature_value"": 45.0, ""direction"": ""lowers_risk""}, {""feature"": ""cvss_numeric"", ""impact"": 4.432, ""feature_value"": 6.6, ""direction"": ""raises_risk""}, {""feature"": ""time_decay_factor"", ""impact"": 3.643, ""feature_value"": 0.8, ""direction"": ""raises_risk""}, {""feature"": ""epss_numeric"", ""impact"": -0.978, ""feature_value"": 0.0, ""direction"": ""lowers_risk""}, {""feature"": ""confidence_score"", ""impact"": -0.901, ""feature_value"": 0.4, ""direction"": ""lowers_risk""}]",P4_30D,16.2050296774997,0,
GHSA-9cmq-m9j5-mvww,finding/v7.1,vulnerability,5.3.9,5.3.39,,,,,,Spring Framework vulnerable to Denial of Service,Spring Framework vulnerable to Denial of Service,MEDIUM,spring-expression,4.3,5.3.39,spring-expression v5.3.9,https://github.com/advisories/GHSA-9cmq-m9j5-mvww,,['Grype'],Grype,1,0.4,scanner_consensus_v1,['spring-expression v5.3.9'],pkg_version,spring-expression@5.3.9::GHSA-9CMQ-M9J5-MVWW,['Grype'],,0,Unknown,,0.0,0.0,0,spring-expression,pkg:maven/org.springframework/spring-expression@5.3.39?type=jar,5.3.39,,name,farahh448/timesheet-devops,sha256:7b0272947968067c8962590fa528cd14c1110e7c62c0023979032d2e3affeae4,,,timesheet-devops,image_digest,1.0,FALSE,"[""no Ingress"", ""no LoadBalancer/NodePort externe confirme"", ""Service/timesheet-devops type=ClusterIP""]",0,0,1,7,prod,platform,default,['internal-service'],0,0,1,0,0,[],[],99,[],True,False,0.0,timesheet-devops,0,0,[],25.2,1,deployment,35.0,45,4.3,0.0,0.8,38.70719999999999,0.01,27.50170188369133,28.000019073486328,27.003384693896333,2,31.499866,28.80290282398244,30.15138465478907,2.6969631760175616,0,33.6,32.0,0.0,VERY_LOW,"[{""feature"": ""severity_score"", ""impact"": -12.802, ""feature_value"": 45.0, ""direction"": ""lowers_risk""}, {""feature"": ""time_decay_factor"", ""impact"": 2.858, ""feature_value"": 0.8, ""direction"": ""raises_risk""}, {""feature"": ""epss_numeric"", ""impact"": -1.185, ""feature_value"": 0.0, ""direction"": ""lowers_risk""}, {""feature"": ""cvss_numeric"", ""impact"": -0.948, ""feature_value"": 4.3, ""direction"": ""lowers_risk""}, {""feature"": ""confidence_score"", ""impact"": -0.888, ""feature_value"": 0.4, ""direction"": ""lowers_risk""}]",P4_30D,10.393896984445501,0,
GHSA-fpj8-gq4v-p354,finding/v7.1,vulnerability,9.0.52,9.0.113,,,,,,Apache Tomcat - Client certificate verification bypass,Apache Tomcat - Client certificate verification bypass,MEDIUM,tomcat-embed-core,9.1,9.0.113,tomcat-embed-core v9.0.52,https://github.com/advisories/GHSA-fpj8-gq4v-p354,,['Grype'],Grype,1,0.4,scanner_consensus_v1,['tomcat-embed-core v9.0.52'],pkg_version,tomcat-embed-core@9.0.52::GHSA-FPJ8-GQ4V-P354,['Grype'],,0,Unknown,,0.0,0.0,0,tomcat-embed-core,pkg:maven/org.apache.tomcat.embed/tomcat-embed-core@9.0.113?type=jar,9.0.113,,name,farahh448/timesheet-devops,sha256:7b0272947968067c8962590fa528cd14c1110e7c62c0023979032d2e3affeae4,,,timesheet-devops,image_digest,1.0,FALSE,"[""no Ingress"", ""no LoadBalancer/NodePort externe confirme"", ""Service/timesheet-devops type=ClusterIP""]",0,0,1,7,prod,platform,default,['internal-service'],0,0,1,0,0,[],[],99,[],True,False,0.0,timesheet-devops,0,0,[],25.2,1,deployment,,45,9.1,0.0,0.8,38.70719999999999,0.01,,,,-1,40.365536,47.27675522587585,43.82114548097992,6.911219225875854,0,41.8,,0.575,MEDIUM,"[{""feature"": ""severity_score"", ""impact"": -15.129, ""feature_value"": 45.0, ""direction"": ""lowers_risk""}, {""feature"": ""cvss_numeric"", ""impact"": 8.481, ""feature_value"": 9.1, ""direction"": ""raises_risk""}, {""feature"": ""time_decay_factor"", ""impact"": 4.419, ""feature_value"": 0.8, ""direction"": ""raises_risk""}, {""feature"": ""epss_numeric"", ""impact"": -1.0, ""feature_value"": 0.0, ""direction"": ""lowers_risk""}, {""feature"": ""confidence_score"", ""impact"": -0.87, ""feature_value"": 0.4, ""direction"": ""lowers_risk""}]",P4_30D,16.601953257231905,0,
GHSA-g8pj-r55q-5c2v,finding/v7.1,vulnerability,9.0.52,9.0.81,,,,,,Apache Tomcat Incomplete Cleanup vulnerability,Apache Tomcat Incomplete Cleanup vulnerability,MEDIUM,tomcat-embed-core,5.3,9.0.81,tomcat-embed-core v9.0.52,https://github.com/advisories/GHSA-g8pj-r55q-5c2v,,['Grype'],Grype,1,0.4,scanner_consensus_v1,['tomcat-embed-core v9.0.52'],pkg_version,tomcat-embed-core@9.0.52::GHSA-G8PJ-R55Q-5C2V,['Grype'],,0,Unknown,,0.0,0.0,0,tomcat-embed-core,pkg:maven/org.apache.tomcat.embed/tomcat-embed-core@9.0.113?type=jar,9.0.113,,name,farahh448/timesheet-devops,sha256:7b0272947968067c8962590fa528cd14c1110e7c62c0023979032d2e3affeae4,,,timesheet-devops,image_digest,1.0,FALSE,"[""no Ingress"", ""no LoadBalancer/NodePort externe confirme"", ""Service/timesheet-devops type=ClusterIP""]",0,0,1,7,prod,platform,default,['internal-service'],0,0,1,0,0,[],[],99,[],True,False,0.0,timesheet-devops,0,0,[],25.2,1,deployment,,45,5.3,0.0,0.8,38.70719999999999,0.01,,,,-1,40.599796,28.80290282398244,34.701349559574226,11.796893176017559,0,36.3,,0.133,VERY_LOW,"[{""feature"": ""severity_score"", ""impact"": -10.187, ""feature_value"": 45.0, ""direction"": ""lowers_risk""}, {""feature"": ""cvss_numeric"", ""impact"": 4.809, ""feature_value"": 5.3, ""direction"": ""raises_risk""}, {""feature"": ""time_decay_factor"", ""impact"": 3.516, ""feature_value"": 0.8, ""direction"": ""raises_risk""}, {""feature"": ""epss_numeric"", ""impact"": -1.112, ""feature_value"": 0.0, ""direction"": ""lowers_risk""}, {""feature"": ""confidence_score"", ""impact"": -0.891, ""feature_value"": 0.4, ""direction"": ""lowers_risk""}]",P4_30D,16.308851455881047,0,
GHSA-c4r9-r8fh-9vj2,finding/v7.1,vulnerability,1.28,1.31,,,,,,snakeYAML before 1.31 vulnerable to Denial of Service due to Out-of-bounds Write,snakeYAML before 1.31 vulnerable to Denial of Service due to Out-of-bounds Write,MEDIUM,snakeyaml,6.5,1.31,snakeyaml v1.28,https://github.com/advisories/GHSA-c4r9-r8fh-9vj2,,['Grype'],Grype,1,0.4,scanner_consensus_v1,['snakeyaml v1.28'],pkg_version,snakeyaml@1.28::GHSA-C4R9-R8FH-9VJ2,['Grype'],,0,Unknown,,0.0,0.0,0,snakeyaml,pkg:maven/org.yaml/snakeyaml@1.28?type=jar,1.28,,name_version,farahh448/timesheet-devops,sha256:7b0272947968067c8962590fa528cd14c1110e7c62c0023979032d2e3affeae4,,,timesheet-devops,image_digest,1.0,FALSE,"[""no Ingress"", ""no LoadBalancer/NodePort externe confirme"", ""Service/timesheet-devops type=ClusterIP""]",0,0,1,7,prod,platform,default,['internal-service'],0,0,1,0,0,[],[],99,[],True,False,0.0,timesheet-devops,0,0,[],25.2,1,deployment,,45,6.5,0.0,0.8,38.70719999999999,0.01,,,,-1,40.44007,28.80290282398244,34.62148696496973,11.63716717601756,0,36.3,,0.133,VERY_LOW,"[{""feature"": ""severity_score"", ""impact"": -10.221, ""feature_value"": 45.0, ""direction"": ""lowers_risk""}, {""feature"": ""cvss_numeric"", ""impact"": 4.432, ""feature_value"": 6.5, ""direction"": ""raises_risk""}, {""feature"": ""time_decay_factor"", ""impact"": 3.643, ""feature_value"": 0.8, ""direction"": ""raises_risk""}, {""feature"": ""epss_numeric"", ""impact"": -0.978, ""feature_value"": 0.0, ""direction"": ""lowers_risk""}, {""feature"": ""confidence_score"", ""impact"": -0.901, ""feature_value"": 0.4, ""direction"": ""lowers_risk""}]",P4_30D,16.2050296774997,0,
GHSA-564r-hj7v-mcr5,finding/v7.1,vulnerability,5.3.9,5.3.26,,,,,,Spring Framework vulnerable to denial of service via specially crafted SpEL expression,Spring Framework vulnerable to denial of service via specially crafted SpEL expression,MEDIUM,spring-expression,6.5,5.3.26,spring-expression v5.3.9,https://github.com/advisories/GHSA-564r-hj7v-mcr5,,['Grype'],Grype,1,0.4,scanner_consensus_v1,['spring-expression v5.3.9'],pkg_version,spring-expression@5.3.9::GHSA-564R-HJ7V-MCR5,['Grype'],,0,Unknown,,0.0,0.0,0,spring-expression,pkg:maven/org.springframework/spring-expression@5.3.39?type=jar,5.3.39,,name,farahh448/timesheet-devops,sha256:7b0272947968067c8962590fa528cd14c1110e7c62c0023979032d2e3affeae4,,,timesheet-devops,image_digest,1.0,FALSE,"[""no Ingress"", ""no LoadBalancer/NodePort externe confirme"", ""Service/timesheet-devops type=ClusterIP""]",0,0,1,7,prod,platform,default,['internal-service'],0,0,1,0,0,[],[],99,[],True,False,0.0,timesheet-devops,0,0,[],25.2,1,deployment,,45,6.5,0.0,0.8,38.70719999999999,0.01,,,,-1,40.44007,28.80290282398244,34.62148696496973,11.63716717601756,0,36.3,,0.133,VERY_LOW,"[{""feature"": ""severity_score"", ""impact"": -10.221, ""feature_value"": 45.0, ""direction"": ""lowers_risk""}, {""feature"": ""cvss_numeric"", ""impact"": 4.432, ""feature_value"": 6.5, ""direction"": ""raises_risk""}, {""feature"": ""time_decay_factor"", ""impact"": 3.643, ""feature_value"": 0.8, ""direction"": ""raises_risk""}, {""feature"": ""epss_numeric"", ""impact"": -0.978, ""feature_value"": 0.0, ""direction"": ""lowers_risk""}, {""feature"": ""confidence_score"", ""impact"": -0.901, ""feature_value"": 0.4, ""direction"": ""lowers_risk""}]",P4_30D,16.2050296774997,0,
GHSA-wc4r-xq3c-5cf3,finding/v7.1,vulnerability,9.0.52,9.0.106,,,,,,Apache Tomcat - Security constraint bypass for pre/post-resources,Apache Tomcat - Security constraint bypass for pre/post-resources,MEDIUM,tomcat-embed-core,6.3,9.0.106,tomcat-embed-core v9.0.52,https://github.com/advisories/GHSA-wc4r-xq3c-5cf3,,['Grype'],Grype,1,0.4,scanner_consensus_v1,['tomcat-embed-core v9.0.52'],pkg_version,tomcat-embed-core@9.0.52::GHSA-WC4R-XQ3C-5CF3,['Grype'],,0,Unknown,,0.0,0.0,0,tomcat-embed-core,pkg:maven/org.apache.tomcat.embed/tomcat-embed-core@9.0.113?type=jar,9.0.113,,name,farahh448/timesheet-devops,sha256:7b0272947968067c8962590fa528cd14c1110e7c62c0023979032d2e3affeae4,,,timesheet-devops,image_digest,1.0,FALSE,"[""no Ingress"", ""no LoadBalancer/NodePort externe confirme"", ""Service/timesheet-devops type=ClusterIP""]",0,0,1,7,prod,platform,default,['internal-service'],0,0,1,0,0,[],[],99,[],True,False,0.0,timesheet-devops,0,0,[],25.2,1,deployment,,45,6.3,0.0,0.8,38.70719999999999,0.01,,,,-1,40.599796,28.80290282398244,34.701349559574226,11.796893176017559,0,36.3,,0.133,VERY_LOW,"[{""feature"": ""severity_score"", ""impact"": -10.187, ""feature_value"": 45.0, ""direction"": ""lowers_risk""}, {""feature"": ""cvss_numeric"", ""impact"": 4.809, ""feature_value"": 6.3, ""direction"": ""raises_risk""}, {""feature"": ""time_decay_factor"", ""impact"": 3.516, ""feature_value"": 0.8, ""direction"": ""raises_risk""}, {""feature"": ""epss_numeric"", ""impact"": -1.112, ""feature_value"": 0.0, ""direction"": ""lowers_risk""}, {""feature"": ""confidence_score"", ""impact"": -0.891, ""feature_value"": 0.4, ""direction"": ""lowers_risk""}]",P4_30D,16.308851455881047,0,
GHSA-jjfh-589g-3hjx,finding/v7.1,vulnerability,2.5.4,2.7.18,,,,,,Spring Boot Actuator denial of service vulnerability,Spring Boot Actuator denial of service vulnerability,MEDIUM,spring-boot-actuator,5.3,2.7.18,spring-boot-actuator v2.5.4,https://github.com/advisories/GHSA-jjfh-589g-3hjx,,['Grype'],Grype,1,0.4,scanner_consensus_v1,['spring-boot-actuator v2.5.4'],pkg_version,spring-boot-actuator@2.5.4::GHSA-JJFH-589G-3HJX,['Grype'],,0,Unknown,,0.0,0.0,0,spring-boot-actuator,pkg:maven/org.springframework.boot/spring-boot-actuator@2.5.4?type=jar,2.5.4,,name_version,farahh448/timesheet-devops,sha256:7b0272947968067c8962590fa528cd14c1110e7c62c0023979032d2e3affeae4,,,timesheet-devops,image_digest,1.0,FALSE,"[""no Ingress"", ""no LoadBalancer/NodePort externe confirme"", ""Service/timesheet-devops type=ClusterIP""]",0,0,1,7,prod,platform,default,['internal-service'],0,0,1,0,0,[],[],99,[],True,False,0.0,timesheet-devops,0,0,[],25.2,1,deployment,40.0,45,5.3,0.0,0.8,38.70719999999999,0.01,31.22462452771005,32.6659049987793,29.783344056640804,1,40.599796,28.80290282398244,34.701349559574226,11.796893176017559,0,36.3,34.2,0.133,VERY_LOW,"[{""feature"": ""severity_score"", ""impact"": -10.187, ""feature_value"": 45.0, ""direction"": ""lowers_risk""}, {""feature"": ""cvss_numeric"", ""impact"": 4.809, ""feature_value"": 5.3, ""direction"": ""raises_risk""}, {""feature"": ""time_decay_factor"", ""impact"": 3.516, ""feature_value"": 0.8, ""direction"": ""raises_risk""}, {""feature"": ""epss_numeric"", ""impact"": -1.112, ""feature_value"": 0.0, ""direction"": ""lowers_risk""}, {""feature"": ""confidence_score"", ""impact"": -0.891, ""feature_value"": 0.4, ""direction"": ""lowers_risk""}]",P4_30D,16.308851455881047,0,
GHSA-98wm-3w3q-mw94,finding/v7.1,vulnerability,1.28,1.31,,,,,,snakeYAML before 1.31 vulnerable to Denial of Service due to Out-of-bounds Write,snakeYAML before 1.31 vulnerable to Denial of Service due to Out-of-bounds Write,MEDIUM,snakeyaml,6.5,1.31,snakeyaml v1.28,https://github.com/advisories/GHSA-98wm-3w3q-mw94,,['Grype'],Grype,1,0.4,scanner_consensus_v1,['snakeyaml v1.28'],pkg_version,snakeyaml@1.28::GHSA-98WM-3W3Q-MW94,['Grype'],,0,Unknown,,0.0,0.0,0,snakeyaml,pkg:maven/org.yaml/snakeyaml@1.28?type=jar,1.28,,name_version,farahh448/timesheet-devops,sha256:7b0272947968067c8962590fa528cd14c1110e7c62c0023979032d2e3affeae4,,,timesheet-devops,image_digest,1.0,FALSE,"[""no Ingress"", ""no LoadBalancer/NodePort externe confirme"", ""Service/timesheet-devops type=ClusterIP""]",0,0,1,7,prod,platform,default,['internal-service'],0,0,1,0,0,[],[],99,[],True,False,0.0,timesheet-devops,0,0,[],25.2,1,deployment,,45,6.5,0.0,0.8,38.70719999999999,0.01,,,,-1,40.44007,28.80290282398244,34.62148696496973,11.63716717601756,0,36.3,,0.133,VERY_LOW,"[{""feature"": ""severity_score"", ""impact"": -10.221, ""feature_value"": 45.0, ""direction"": ""lowers_risk""}, {""feature"": ""cvss_numeric"", ""impact"": 4.432, ""feature_value"": 6.5, ""direction"": ""raises_risk""}, {""feature"": ""time_decay_factor"", ""impact"": 3.643, ""feature_value"": 0.8, ""direction"": ""raises_risk""}, {""feature"": ""epss_numeric"", ""impact"": -0.978, ""feature_value"": 0.0, ""direction"": ""lowers_risk""}, {""feature"": ""confidence_score"", ""impact"": -0.901, ""feature_value"": 0.4, ""direction"": ""lowers_risk""}]",P4_30D,16.2050296774997,0,
GHSA-9w3m-gqgf-c4p9,finding/v7.1,vulnerability,1.28,1.32,,,,,,snakeYAML before 1.32 vulnerable to Denial of Service due to Out-of-bounds Write,snakeYAML before 1.32 vulnerable to Denial of Service due to Out-of-bounds Write,MEDIUM,snakeyaml,6.5,1.32,snakeyaml v1.28,https://github.com/advisories/GHSA-9w3m-gqgf-c4p9,,['Grype'],Grype,1,0.4,scanner_consensus_v1,['snakeyaml v1.28'],pkg_version,snakeyaml@1.28::GHSA-9W3M-GQGF-C4P9,['Grype'],,0,Unknown,,0.0,0.0,0,snakeyaml,pkg:maven/org.yaml/snakeyaml@1.28?type=jar,1.28,,name_version,farahh448/timesheet-devops,sha256:7b0272947968067c8962590fa528cd14c1110e7c62c0023979032d2e3affeae4,,,timesheet-devops,image_digest,1.0,FALSE,"[""no Ingress"", ""no LoadBalancer/NodePort externe confirme"", ""Service/timesheet-devops type=ClusterIP""]",0,0,1,7,prod,platform,default,['internal-service'],0,0,1,0,0,[],[],99,[],True,False,0.0,timesheet-devops,0,0,[],25.2,1,deployment,,45,6.5,0.0,0.8,38.70719999999999,0.01,,,,-1,40.44007,28.80290282398244,34.62148696496973,11.63716717601756,0,36.3,,0.133,VERY_LOW,"[{""feature"": ""severity_score"", ""impact"": -10.221, ""feature_value"": 45.0, ""direction"": ""lowers_risk""}, {""feature"": ""cvss_numeric"", ""impact"": 4.432, ""feature_value"": 6.5, ""direction"": ""raises_risk""}, {""feature"": ""time_decay_factor"", ""impact"": 3.643, ""feature_value"": 0.8, ""direction"": ""raises_risk""}, {""feature"": ""epss_numeric"", ""impact"": -0.978, ""feature_value"": 0.0, ""direction"": ""lowers_risk""}, {""feature"": ""confidence_score"", ""impact"": -0.901, ""feature_value"": 0.4, ""direction"": ""lowers_risk""}]",P4_30D,16.2050296774997,0,
GHSA-42wg-hm62-jcwg,finding/v7.1,vulnerability,9.0.52,9.0.106,,,,,,Apache Tomcat installer for Windows has an untrusted search path vulnerability,Apache Tomcat installer for Windows has an untrusted search path vulnerability,MEDIUM,tomcat-embed-core,4.8,9.0.106,tomcat-embed-core v9.0.52,https://github.com/advisories/GHSA-42wg-hm62-jcwg,,['Grype'],Grype,1,0.4,scanner_consensus_v1,['tomcat-embed-core v9.0.52'],pkg_version,tomcat-embed-core@9.0.52::GHSA-42WG-HM62-JCWG,['Grype'],,0,Unknown,,0.0,0.0,0,tomcat-embed-core,pkg:maven/org.apache.tomcat.embed/tomcat-embed-core@9.0.113?type=jar,9.0.113,,name,farahh448/timesheet-devops,sha256:7b0272947968067c8962590fa528cd14c1110e7c62c0023979032d2e3affeae4,,,timesheet-devops,image_digest,1.0,FALSE,"[""no Ingress"", ""no LoadBalancer/NodePort externe confirme"", ""Service/timesheet-devops type=ClusterIP""]",0,0,1,7,prod,platform,default,['internal-service'],0,0,1,0,0,[],[],99,[],True,False,0.0,timesheet-devops,0,0,[],25.2,1,deployment,0.0,45,4.8,0.0,0.8,38.70719999999999,0.01,30.64223755719003,31.50113105773925,29.783344056640804,1,0.003773272,28.80290282398244,14.403338048009973,28.79912955198244,0,24.1,33.9,0.0,VERY_LOW,"[{""feature"": ""cvss_numeric"", ""impact"": -21.911, ""feature_value"": 4.8, ""direction"": ""lowers_risk""}, {""feature"": ""severity_score"", ""impact"": -21.289, ""feature_value"": 45.0, ""direction"": ""lowers_risk""}, {""feature"": ""epss_numeric"", ""impact"": -1.484, ""feature_value"": 0.0, ""direction"": ""lowers_risk""}, {""feature"": ""time_decay_factor"", ""impact"": 1.247, ""feature_value"": 0.8, ""direction"": ""raises_risk""}, {""feature"": ""confidence_score"", ""impact"": -1.024, ""feature_value"": 0.4, ""direction"": ""lowers_risk""}]",P5_BACKLOG,18.720566190394212,0,
GHSA-hhhw-99gj-p3c3,finding/v7.1,vulnerability,1.28,1.31,,,,,,snakeYAML before 1.31 vulnerable to Denial of Service due to Out-of-bounds Write,snakeYAML before 1.31 vulnerable to Denial of Service due to Out-of-bounds Write,MEDIUM,snakeyaml,5.5,1.31,snakeyaml v1.28,https://github.com/advisories/GHSA-hhhw-99gj-p3c3,,['Grype'],Grype,1,0.4,scanner_consensus_v1,['snakeyaml v1.28'],pkg_version,snakeyaml@1.28::GHSA-HHHW-99GJ-P3C3,['Grype'],,0,Unknown,,0.0,0.0,0,snakeyaml,pkg:maven/org.yaml/snakeyaml@1.28?type=jar,1.28,,name_version,farahh448/timesheet-devops,sha256:7b0272947968067c8962590fa528cd14c1110e7c62c0023979032d2e3affeae4,,,timesheet-devops,image_digest,1.0,FALSE,"[""no Ingress"", ""no LoadBalancer/NodePort externe confirme"", ""Service/timesheet-devops type=ClusterIP""]",0,0,1,7,prod,platform,default,['internal-service'],0,0,1,0,0,[],[],99,[],True,False,0.0,timesheet-devops,0,0,[],25.2,1,deployment,,45,5.5,0.0,0.8,38.70719999999999,0.01,,,,-1,40.599796,28.80290282398244,34.701349559574226,11.796893176017559,0,36.3,,0.133,VERY_LOW,"[{""feature"": ""severity_score"", ""impact"": -10.187, ""feature_value"": 45.0, ""direction"": ""lowers_risk""}, {""feature"": ""cvss_numeric"", ""impact"": 4.809, ""feature_value"": 5.5, ""direction"": ""raises_risk""}, {""feature"": ""time_decay_factor"", ""impact"": 3.516, ""feature_value"": 0.8, ""direction"": ""raises_risk""}, {""feature"": ""epss_numeric"", ""impact"": -1.112, ""feature_value"": 0.0, ""direction"": ""lowers_risk""}, {""feature"": ""confidence_score"", ""impact"": -0.891, ""feature_value"": 0.4, ""direction"": ""lowers_risk""}]",P4_30D,16.308851455881047,0,
GHSA-rfmp-97jj-h8m6,finding/v7.1,vulnerability,5.3.9,5.3.11,,,,,,Improper Output Neutralization for Logs in Spring Framework,Improper Output Neutralization for Logs in Spring Framework,MEDIUM,spring-core,4.3,5.3.11,spring-core v5.3.9,https://github.com/advisories/GHSA-rfmp-97jj-h8m6,,['Grype'],Grype,1,0.4,scanner_consensus_v1,['spring-core v5.3.9'],pkg_version,spring-core@5.3.9::GHSA-RFMP-97JJ-H8M6,['Grype'],,0,Unknown,,0.0,0.0,0,spring-core,pkg:maven/org.springframework/spring-core@5.3.39?type=jar,5.3.39,,name,farahh448/timesheet-devops,sha256:7b0272947968067c8962590fa528cd14c1110e7c62c0023979032d2e3affeae4,,,timesheet-devops,image_digest,1.0,FALSE,"[""no Ingress"", ""no LoadBalancer/NodePort externe confirme"", ""Service/timesheet-devops type=ClusterIP""]",0,0,1,7,prod,platform,default,['internal-service'],0,0,1,0,0,[],[],99,[],True,False,0.0,timesheet-devops,0,0,[],25.2,1,deployment,28.0,45,4.3,0.0,0.8,38.70719999999999,0.01,32.6435190460317,34.9991340637207,30.2879040283427,4,31.499866,28.80290282398244,30.15138465478907,2.6969631760175616,0,33.6,35.1,0.0,VERY_LOW,"[{""feature"": ""severity_score"", ""impact"": -12.802, ""feature_value"": 45.0, ""direction"": ""lowers_risk""}, {""feature"": ""time_decay_factor"", ""impact"": 2.858, ""feature_value"": 0.8, ""direction"": ""raises_risk""}, {""feature"": ""epss_numeric"", ""impact"": -1.185, ""feature_value"": 0.0, ""direction"": ""lowers_risk""}, {""feature"": ""cvss_numeric"", ""impact"": -0.948, ""feature_value"": 4.3, ""direction"": ""lowers_risk""}, {""feature"": ""confidence_score"", ""impact"": -0.888, ""feature_value"": 0.4, ""direction"": ""lowers_risk""}]",P4_30D,10.393896984445501,0,
GHSA-6gf2-pvqw-37ph,finding/v7.1,vulnerability,5.3.9,5.3.14,,,,,,Log entry injection in Spring Framework,Log entry injection in Spring Framework,MEDIUM,spring-core,4.3,5.3.14,spring-core v5.3.9,https://github.com/advisories/GHSA-6gf2-pvqw-37ph,,['Grype'],Grype,1,0.4,scanner_consensus_v1,['spring-core v5.3.9'],pkg_version,spring-core@5.3.9::GHSA-6GF2-PVQW-37PH,['Grype'],,0,Unknown,,0.0,0.0,0,spring-core,pkg:maven/org.springframework/spring-core@5.3.39?type=jar,5.3.39,,name,farahh448/timesheet-devops,sha256:7b0272947968067c8962590fa528cd14c1110e7c62c0023979032d2e3affeae4,,,timesheet-devops,image_digest,1.0,FALSE,"[""no Ingress"", ""no LoadBalancer/NodePort externe confirme"", ""Service/timesheet-devops type=ClusterIP""]",0,0,1,7,prod,platform,default,['internal-service'],0,0,1,0,0,[],[],99,[],True,False,0.0,timesheet-devops,0,0,[],25.2,1,deployment,,45,4.3,0.0,0.8,38.70719999999999,0.01,,,,-1,31.499866,28.80290282398244,30.15138465478907,2.6969631760175616,0,33.6,,0.0,VERY_LOW,"[{""feature"": ""severity_score"", ""impact"": -12.802, ""feature_value"": 45.0, ""direction"": ""lowers_risk""}, {""feature"": ""time_decay_factor"", ""impact"": 2.858, ""feature_value"": 0.8, ""direction"": ""raises_risk""}, {""feature"": ""epss_numeric"", ""impact"": -1.185, ""feature_value"": 0.0, ""direction"": ""lowers_risk""}, {""feature"": ""cvss_numeric"", ""impact"": -0.948, ""feature_value"": 4.3, ""direction"": ""lowers_risk""}, {""feature"": ""confidence_score"", ""impact"": -0.888, ""feature_value"": 0.4, ""direction"": ""lowers_risk""}]",P4_30D,10.393896984445501,0,
GHSA-2rmj-mq67-h97g,finding/v7.1,vulnerability,5.3.9,5.3.38,,,,,,Spring Framework DoS via conditional HTTP request,Spring Framework DoS via conditional HTTP request,MEDIUM,spring-web,5.3,5.3.38,spring-web v5.3.9,https://github.com/advisories/GHSA-2rmj-mq67-h97g,,['Grype'],Grype,1,0.4,scanner_consensus_v1,['spring-web v5.3.9'],pkg_version,spring-web@5.3.9::GHSA-2RMJ-MQ67-H97G,['Grype'],,0,Unknown,,0.0,0.0,0,spring-web,pkg:maven/org.springframework/spring-web@5.3.39?type=jar,5.3.39,,name,farahh448/timesheet-devops,sha256:7b0272947968067c8962590fa528cd14c1110e7c62c0023979032d2e3affeae4,,,timesheet-devops,image_digest,1.0,FALSE,"[""no Ingress"", ""no LoadBalancer/NodePort externe confirme"", ""Service/timesheet-devops type=ClusterIP""]",0,0,1,7,prod,platform,default,['internal-service'],0,0,1,0,0,[],[],99,[],True,False,0.0,timesheet-devops,0,0,[],25.2,1,deployment,,45,5.3,0.0,0.8,38.70719999999999,0.01,,,,-1,40.599796,28.80290282398244,34.701349559574226,11.796893176017559,0,36.3,,0.133,VERY_LOW,"[{""feature"": ""severity_score"", ""impact"": -10.187, ""feature_value"": 45.0, ""direction"": ""lowers_risk""}, {""feature"": ""cvss_numeric"", ""impact"": 4.809, ""feature_value"": 5.3, ""direction"": ""raises_risk""}, {""feature"": ""time_decay_factor"", ""impact"": 3.516, ""feature_value"": 0.8, ""direction"": ""raises_risk""}, {""feature"": ""epss_numeric"", ""impact"": -1.112, ""feature_value"": 0.0, ""direction"": ""lowers_risk""}, {""feature"": ""confidence_score"", ""impact"": -0.891, ""feature_value"": 0.4, ""direction"": ""lowers_risk""}]",P4_30D,16.308851455881047,0,
GHSA-pr98-23f8-jwxv,finding/v7.1,vulnerability,1.2.5,1.3.15,,,,,,QOS.CH logback-core Expression Language Injection vulnerability,QOS.CH logback-core Expression Language Injection vulnerability,MEDIUM,logback-core,5.9,1.3.15,logback-core v1.2.5,https://github.com/advisories/GHSA-pr98-23f8-jwxv,,['Grype'],Grype,1,0.4,scanner_consensus_v1,['logback-core v1.2.5'],pkg_version,logback-core@1.2.5::GHSA-PR98-23F8-JWXV,['Grype'],,0,Unknown,,0.0,0.0,0,logback-core,pkg:maven/ch.qos.logback/logback-core@1.2.5?type=jar,1.2.5,,name_version,farahh448/timesheet-devops,sha256:7b0272947968067c8962590fa528cd14c1110e7c62c0023979032d2e3affeae4,,,timesheet-devops,image_digest,1.0,FALSE,"[""no Ingress"", ""no LoadBalancer/NodePort externe confirme"", ""Service/timesheet-devops type=ClusterIP""]",0,0,1,7,prod,platform,default,['internal-service'],0,0,1,0,0,[],[],99,[],True,False,0.0,timesheet-devops,0,0,[],25.2,1,deployment,,45,5.9,0.0,0.8,38.70719999999999,0.01,,,,-1,40.599796,28.80290282398244,34.701349559574226,11.796893176017559,0,36.3,,0.133,VERY_LOW,"[{""feature"": ""severity_score"", ""impact"": -10.187, ""feature_value"": 45.0, ""direction"": ""lowers_risk""}, {""feature"": ""cvss_numeric"", ""impact"": 4.809, ""feature_value"": 5.9, ""direction"": ""raises_risk""}, {""feature"": ""time_decay_factor"", ""impact"": 3.516, ""feature_value"": 0.8, ""direction"": ""raises_risk""}, {""feature"": ""epss_numeric"", ""impact"": -1.112, ""feature_value"": 0.0, ""direction"": ""lowers_risk""}, {""feature"": ""confidence_score"", ""impact"": -0.891, ""feature_value"": 0.4, ""direction"": ""lowers_risk""}]",P4_30D,16.308851455881047,0,
GHSA-w37g-rhq8-7m4j,finding/v7.1,vulnerability,1.28,1.32,,,,,,Snakeyaml vulnerable to Stack overflow leading to denial of service,Snakeyaml vulnerable to Stack overflow leading to denial of service,MEDIUM,snakeyaml,6.5,1.32,snakeyaml v1.28,https://github.com/advisories/GHSA-w37g-rhq8-7m4j,,['Grype'],Grype,1,0.4,scanner_consensus_v1,['snakeyaml v1.28'],pkg_version,snakeyaml@1.28::GHSA-W37G-RHQ8-7M4J,['Grype'],,0,Unknown,,0.0,0.0,0,snakeyaml,pkg:maven/org.yaml/snakeyaml@1.28?type=jar,1.28,,name_version,farahh448/timesheet-devops,sha256:7b0272947968067c8962590fa528cd14c1110e7c62c0023979032d2e3affeae4,,,timesheet-devops,image_digest,1.0,FALSE,"[""no Ingress"", ""no LoadBalancer/NodePort externe confirme"", ""Service/timesheet-devops type=ClusterIP""]",0,0,1,7,prod,platform,default,['internal-service'],0,0,1,0,0,[],[],99,[],True,False,0.0,timesheet-devops,0,0,[],25.2,1,deployment,,45,6.5,0.0,0.8,38.70719999999999,0.01,,,,-1,40.44007,28.80290282398244,34.62148696496973,11.63716717601756,0,36.3,,0.133,VERY_LOW,"[{""feature"": ""severity_score"", ""impact"": -10.221, ""feature_value"": 45.0, ""direction"": ""lowers_risk""}, {""feature"": ""cvss_numeric"", ""impact"": 4.432, ""feature_value"": 6.5, ""direction"": ""raises_risk""}, {""feature"": ""time_decay_factor"", ""impact"": 3.643, ""feature_value"": 0.8, ""direction"": ""raises_risk""}, {""feature"": ""epss_numeric"", ""impact"": -0.978, ""feature_value"": 0.0, ""direction"": ""lowers_risk""}, {""feature"": ""confidence_score"", ""impact"": -0.901, ""feature_value"": 0.4, ""direction"": ""lowers_risk""}]",P4_30D,16.2050296774997,0,
GHSA-4773-3jfm-qmx3,finding/v7.1,vulnerability,5.3.9,No fix,,,,,,Spring Framework Improper Path Limitation with Script View Templates,Spring Framework Improper Path Limitation with Script View Templates,MEDIUM,spring-webmvc,5.9,No fix,spring-webmvc v5.3.9,https://github.com/advisories/GHSA-4773-3jfm-qmx3,,['Grype'],Grype,1,0.4,scanner_consensus_v1,['spring-webmvc v5.3.9'],pkg_version,spring-webmvc@5.3.9::GHSA-4773-3JFM-QMX3,['Grype'],,0,Unknown,,0.0,0.0,0,spring-webmvc,pkg:maven/org.springframework/spring-webmvc@5.3.39?type=jar,5.3.39,,name,farahh448/timesheet-devops,sha256:7b0272947968067c8962590fa528cd14c1110e7c62c0023979032d2e3affeae4,,,timesheet-devops,image_digest,1.0,FALSE,"[""no Ingress"", ""no LoadBalancer/NodePort externe confirme"", ""Service/timesheet-devops type=ClusterIP""]",0,0,1,7,prod,platform,default,['internal-service'],0,0,1,0,0,[],[],99,[],True,False,0.0,timesheet-devops,0,0,[],25.2,1,deployment,,45,5.9,0.0,0.8,38.70719999999999,0.01,,,,-1,40.599796,28.80290282398244,34.701349559574226,11.796893176017559,0,36.3,,0.133,VERY_LOW,"[{""feature"": ""severity_score"", ""impact"": -10.187, ""feature_value"": 45.0, ""direction"": ""lowers_risk""}, {""feature"": ""cvss_numeric"", ""impact"": 4.809, ""feature_value"": 5.9, ""direction"": ""raises_risk""}, {""feature"": ""time_decay_factor"", ""impact"": 3.516, ""feature_value"": 0.8, ""direction"": ""raises_risk""}, {""feature"": ""epss_numeric"", ""impact"": -1.112, ""feature_value"": 0.0, ""direction"": ""lowers_risk""}, {""feature"": ""confidence_score"", ""impact"": -0.891, ""feature_value"": 0.4, ""direction"": ""lowers_risk""}]",P4_30D,16.308851455881047,0,
GHSA-wf8f-6423-gfxg,finding/v7.1,vulnerability,2.12.4,2.13.0,,,,,,Jackson-core Vulnerable to Memory Disclosure via Source Snippet in JsonLocation,Jackson-core Vulnerable to Memory Disclosure via Source Snippet in JsonLocation,MEDIUM,jackson-core,4.0,2.13.0,jackson-core v2.12.4,https://github.com/advisories/GHSA-wf8f-6423-gfxg,,['Grype'],Grype,1,0.4,scanner_consensus_v1,['jackson-core v2.12.4'],pkg_version,jackson-core@2.12.4::GHSA-WF8F-6423-GFXG,['Grype'],,0,Unknown,,0.0,0.0,0,jackson-core,pkg:maven/com.fasterxml.jackson.core/jackson-core@2.18.8?type=jar,2.18.8,,name,farahh448/timesheet-devops,sha256:7b0272947968067c8962590fa528cd14c1110e7c62c0023979032d2e3affeae4,,,timesheet-devops,image_digest,1.0,FALSE,"[""no Ingress"", ""no LoadBalancer/NodePort externe confirme"", ""Service/timesheet-devops type=ClusterIP""]",0,0,1,7,prod,platform,default,['internal-service'],0,0,1,0,0,[],[],99,[],True,False,0.0,timesheet-devops,0,0,[],25.2,1,deployment,35.0,45,4.0,0.0,0.8,38.70719999999999,0.01,28.70159738638652,31.498912811279297,25.904281961493737,0,34.99778,28.80290282398244,31.90034133508692,6.19487717601756,0,34.6,32.7,0.133,VERY_LOW,"[{""feature"": ""severity_score"", ""impact"": -11.738, ""feature_value"": 45.0, ""direction"": ""lowers_risk""}, {""feature"": ""time_decay_factor"", ""impact"": 2.973, ""feature_value"": 0.8, ""direction"": ""raises_risk""}, {""feature"": ""cvss_numeric"", ""impact"": 1.338, ""feature_value"": 4.0, ""direction"": ""raises_risk""}, {""feature"": ""epss_numeric"", ""impact"": -1.152, ""feature_value"": 0.0, ""direction"": ""lowers_risk""}, {""feature"": ""confidence_score"", ""impact"": -0.888, ""feature_value"": 0.4, ""direction"": ""lowers_risk""}]",P4_30D,12.667540988534856,0,
GHSA-r936-gwx5-v52f,finding/v7.1,vulnerability,5.3.9,No fix,,,,,,Spring Framework MVC Applications Path Traversal Vulnerability,Spring Framework MVC Applications Path Traversal Vulnerability,MEDIUM,spring-webmvc,5.9,No fix,spring-webmvc v5.3.9,https://github.com/advisories/GHSA-r936-gwx5-v52f,,['Grype'],Grype,1,0.4,scanner_consensus_v1,['spring-webmvc v5.3.9'],pkg_version,spring-webmvc@5.3.9::GHSA-R936-GWX5-V52F,['Grype'],,0,Unknown,,0.0,0.0,0,spring-webmvc,pkg:maven/org.springframework/spring-webmvc@5.3.39?type=jar,5.3.39,,name,farahh448/timesheet-devops,sha256:7b0272947968067c8962590fa528cd14c1110e7c62c0023979032d2e3affeae4,,,timesheet-devops,image_digest,1.0,FALSE,"[""no Ingress"", ""no LoadBalancer/NodePort externe confirme"", ""Service/timesheet-devops type=ClusterIP""]",0,0,1,7,prod,platform,default,['internal-service'],0,0,1,0,0,[],[],99,[],True,False,0.0,timesheet-devops,0,0,[],25.2,1,deployment,,45,5.9,0.0,0.8,38.70719999999999,0.01,,,,-1,40.599796,28.80290282398244,34.701349559574226,11.796893176017559,0,36.3,,0.133,VERY_LOW,"[{""feature"": ""severity_score"", ""impact"": -10.187, ""feature_value"": 45.0, ""direction"": ""lowers_risk""}, {""feature"": ""cvss_numeric"", ""impact"": 4.809, ""feature_value"": 5.9, ""direction"": ""raises_risk""}, {""feature"": ""time_decay_factor"", ""impact"": 3.516, ""feature_value"": 0.8, ""direction"": ""raises_risk""}, {""feature"": ""epss_numeric"", ""impact"": -1.112, ""feature_value"": 0.0, ""direction"": ""lowers_risk""}, {""feature"": ""confidence_score"", ""impact"": -0.891, ""feature_value"": 0.4, ""direction"": ""lowers_risk""}]",P4_30D,16.308851455881047,0,
GHSA-w3c8-7r8f-9jp8,finding/v7.1,vulnerability,5.3.9,5.3.42,,,,,,Spring MVC controller vulnerable to a DoS attack,Spring MVC controller vulnerable to a DoS attack,MEDIUM,spring-webmvc,5.3,5.3.42,spring-webmvc v5.3.9,https://github.com/advisories/GHSA-w3c8-7r8f-9jp8,,['Grype'],Grype,1,0.4,scanner_consensus_v1,['spring-webmvc v5.3.9'],pkg_version,spring-webmvc@5.3.9::GHSA-W3C8-7R8F-9JP8,['Grype'],,0,Unknown,,0.0,0.0,0,spring-webmvc,pkg:maven/org.springframework/spring-webmvc@5.3.39?type=jar,5.3.39,,name,farahh448/timesheet-devops,sha256:7b0272947968067c8962590fa528cd14c1110e7c62c0023979032d2e3affeae4,,,timesheet-devops,image_digest,1.0,FALSE,"[""no Ingress"", ""no LoadBalancer/NodePort externe confirme"", ""Service/timesheet-devops type=ClusterIP""]",0,0,1,7,prod,platform,default,['internal-service'],0,0,1,0,0,[],[],99,[],True,False,0.0,timesheet-devops,0,0,[],25.2,1,deployment,38.0,45,5.3,0.0,0.8,38.70719999999999,0.01,35.76883948060201,41.24977493286133,30.2879040283427,4,40.599796,28.80290282398244,34.701349559574226,11.796893176017559,0,36.3,36.9,0.133,VERY_LOW,"[{""feature"": ""severity_score"", ""impact"": -10.187, ""feature_value"": 45.0, ""direction"": ""lowers_risk""}, {""feature"": ""cvss_numeric"", ""impact"": 4.809, ""feature_value"": 5.3, ""direction"": ""raises_risk""}, {""feature"": ""time_decay_factor"", ""impact"": 3.516, ""feature_value"": 0.8, ""direction"": ""raises_risk""}, {""feature"": ""epss_numeric"", ""impact"": -1.112, ""feature_value"": 0.0, ""direction"": ""lowers_risk""}, {""feature"": ""confidence_score"", ""impact"": -0.891, ""feature_value"": 0.4, ""direction"": ""lowers_risk""}]",P4_30D,16.308851455881047,0,
GHSA-25qh-j22f-pwp8,finding/v7.1,vulnerability,1.2.5,1.3.16,,,,,,QOS.CH logback-core is vulnerable to Arbitrary Code Execution through file processing,QOS.CH logback-core is vulnerable to Arbitrary Code Execution through file processing,MEDIUM,logback-core,5.9,1.3.16,logback-core v1.2.5,https://github.com/advisories/GHSA-25qh-j22f-pwp8,,['Grype'],Grype,1,0.4,scanner_consensus_v1,['logback-core v1.2.5'],pkg_version,logback-core@1.2.5::GHSA-25QH-J22F-PWP8,['Grype'],,0,Unknown,,0.0,0.0,0,logback-core,pkg:maven/ch.qos.logback/logback-core@1.2.5?type=jar,1.2.5,,name_version,farahh448/timesheet-devops,sha256:7b0272947968067c8962590fa528cd14c1110e7c62c0023979032d2e3affeae4,,,timesheet-devops,image_digest,1.0,FALSE,"[""no Ingress"", ""no LoadBalancer/NodePort externe confirme"", ""Service/timesheet-devops type=ClusterIP""]",0,0,1,7,prod,platform,default,['internal-service'],0,0,1,0,0,[],[],99,[],True,False,0.0,timesheet-devops,0,0,[],25.2,1,deployment,,45,5.9,0.0,0.8,38.70719999999999,0.01,,,,-1,40.599796,28.80290282398244,34.701349559574226,11.796893176017559,0,36.3,,0.133,VERY_LOW,"[{""feature"": ""severity_score"", ""impact"": -10.187, ""feature_value"": 45.0, ""direction"": ""lowers_risk""}, {""feature"": ""cvss_numeric"", ""impact"": 4.809, ""feature_value"": 5.9, ""direction"": ""raises_risk""}, {""feature"": ""time_decay_factor"", ""impact"": 3.516, ""feature_value"": 0.8, ""direction"": ""raises_risk""}, {""feature"": ""epss_numeric"", ""impact"": -1.112, ""feature_value"": 0.0, ""direction"": ""lowers_risk""}, {""feature"": ""confidence_score"", ""impact"": -0.891, ""feature_value"": 0.4, ""direction"": ""lowers_risk""}]",P4_30D,16.308851455881047,0,
GHSA-9m3c-qcxr-9x87,finding/v7.1,vulnerability,9.0.52,9.0.116,,,,,,Apache Tomcat has an Open Redirect vulnerability,Apache Tomcat has an Open Redirect vulnerability,MEDIUM,tomcat-embed-core,6.1,9.0.116,tomcat-embed-core v9.0.52,https://github.com/advisories/GHSA-9m3c-qcxr-9x87,,['Grype'],Grype,1,0.4,scanner_consensus_v1,['tomcat-embed-core v9.0.52'],pkg_version,tomcat-embed-core@9.0.52::GHSA-9M3C-QCXR-9X87,['Grype'],,0,Unknown,,0.0,0.0,0,tomcat-embed-core,pkg:maven/org.apache.tomcat.embed/tomcat-embed-core@9.0.113?type=jar,9.0.113,,name,farahh448/timesheet-devops,sha256:7b0272947968067c8962590fa528cd14c1110e7c62c0023979032d2e3affeae4,,,timesheet-devops,image_digest,1.0,FALSE,"[""no Ingress"", ""no LoadBalancer/NodePort externe confirme"", ""Service/timesheet-devops type=ClusterIP""]",0,0,1,7,prod,platform,default,['internal-service'],0,0,1,0,0,[],[],99,[],True,False,0.0,timesheet-devops,0,0,[],25.2,1,deployment,,45,6.1,0.0,0.8,38.70719999999999,0.01,,,,-1,40.599796,28.80290282398244,34.701349559574226,11.796893176017559,0,36.3,,0.133,VERY_LOW,"[{""feature"": ""severity_score"", ""impact"": -10.187, ""feature_value"": 45.0, ""direction"": ""lowers_risk""}, {""feature"": ""cvss_numeric"", ""impact"": 4.809, ""feature_value"": 6.1, ""direction"": ""raises_risk""}, {""feature"": ""time_decay_factor"", ""impact"": 3.516, ""feature_value"": 0.8, ""direction"": ""raises_risk""}, {""feature"": ""epss_numeric"", ""impact"": -1.112, ""feature_value"": 0.0, ""direction"": ""lowers_risk""}, {""feature"": ""confidence_score"", ""impact"": -0.891, ""feature_value"": 0.4, ""direction"": ""lowers_risk""}]",P4_30D,16.308851455881047,0,
GHSA-72hv-8253-57qq,finding/v7.1,vulnerability,2.12.4,2.18.6,,,,,,jackson-core: Number Length Constraint Bypass in Async Parser Leads to Potential DoS Condition,jackson-core: Number Length Constraint Bypass in Async Parser Leads to Potential DoS Condition,MEDIUM,jackson-core,6.9,2.18.6,jackson-core v2.12.4,https://github.com/advisories/GHSA-72hv-8253-57qq,,['Grype'],Grype,1,0.4,scanner_consensus_v1,['jackson-core v2.12.4'],pkg_version,jackson-core@2.12.4::GHSA-72HV-8253-57QQ,['Grype'],,0,Unknown,,0.0,0.0,0,jackson-core,pkg:maven/com.fasterxml.jackson.core/jackson-core@2.18.8?type=jar,2.18.8,,name,farahh448/timesheet-devops,sha256:7b0272947968067c8962590fa528cd14c1110e7c62c0023979032d2e3affeae4,,,timesheet-devops,image_digest,1.0,FALSE,"[""no Ingress"", ""no LoadBalancer/NodePort externe confirme"", ""Service/timesheet-devops type=ClusterIP""]",0,0,1,7,prod,platform,default,['internal-service'],0,0,1,0,0,[],[],99,[],True,False,0.0,timesheet-devops,0,0,[],25.2,1,deployment,,45,6.9,0.0,0.8,38.70719999999999,0.01,,,,-1,40.44007,28.80290282398244,34.62148696496973,11.63716717601756,0,36.3,,0.133,VERY_LOW,"[{""feature"": ""severity_score"", ""impact"": -10.221, ""feature_value"": 45.0, ""direction"": ""lowers_risk""}, {""feature"": ""cvss_numeric"", ""impact"": 4.432, ""feature_value"": 6.9, ""direction"": ""raises_risk""}, {""feature"": ""time_decay_factor"", ""impact"": 3.643, ""feature_value"": 0.8, ""direction"": ""raises_risk""}, {""feature"": ""epss_numeric"", ""impact"": -0.978, ""feature_value"": 0.0, ""direction"": ""lowers_risk""}, {""feature"": ""confidence_score"", ""impact"": -0.901, ""feature_value"": 0.4, ""direction"": ""lowers_risk""}]",P4_30D,16.2050296774997,0,
CKV_K8S_22,finding/v7.1,iac_misconfiguration/kubernetes,,Corriger la definition IaC,,/argocd/patches/repo-server-timeout.yaml,1.0,,,Use read-only filesystem for containers where possible,Use read-only filesystem for containers where possible | resource=Deployment.argocd.argocd-repo-server,MEDIUM,Deployment.argocd.argocd-repo-server,,Corriger la definition IaC,/argocd/patches/repo-server-timeout.yaml,https://docs.prismacloud.io/en/enterprise-edition/policy-reference/kubernetes-policies/kubernetes-policy-index/bc-k8s-21,,['Checkov'],Checkov,1,0.4,scanner_consensus_v1,['/argocd/patches/repo-server-timeout.yaml'],file_rule,/argocd/patches/repo-server-timeout.yaml::CKV_K8S_22,['Checkov'],,0,Unknown,,0.0,0.0,0,,,,,unmatched,,,,,timesheet-devops,repo_path_mapping,0.7,FALSE,"[""no Ingress"", ""no LoadBalancer/NodePort externe confirme"", ""Service/timesheet-devops type=ClusterIP""]",0,0,1,7,prod,platform,default,['internal-service'],0,0,1,0,0,[],[],99,[],True,False,0.0,timesheet-devops,0,0,[],25.2,1,deployment,,45,5.0,0.0,0.8,38.70719999999999,0.01,,,,-1,0.003773272,28.80290282398244,14.403338048009973,28.79912955198244,0,24.1,,0.0,VERY_LOW,"[{""feature"": ""cvss_numeric"", ""impact"": -21.911, ""feature_value"": 5.0, ""direction"": ""lowers_risk""}, {""feature"": ""severity_score"", ""impact"": -21.289, ""feature_value"": 45.0, ""direction"": ""lowers_risk""}, {""feature"": ""epss_numeric"", ""impact"": -1.484, ""feature_value"": 0.0, ""direction"": ""lowers_risk""}, {""feature"": ""time_decay_factor"", ""impact"": 1.247, ""feature_value"": 0.8, ""direction"": ""raises_risk""}, {""feature"": ""confidence_score"", ""impact"": -1.024, ""feature_value"": 0.4, ""direction"": ""lowers_risk""}]",P5_BACKLOG,18.720566190394212,0,
CKV_K8S_23,finding/v7.1,iac_misconfiguration/kubernetes,,Corriger la definition IaC,,/argocd/patches/repo-server-timeout.yaml,1.0,,,Minimize the admission of root containers,Minimize the admission of root containers | resource=Deployment.argocd.argocd-repo-server,MEDIUM,Deployment.argocd.argocd-repo-server,,Corriger la definition IaC,/argocd/patches/repo-server-timeout.yaml,https://docs.prismacloud.io/en/enterprise-edition/policy-reference/kubernetes-policies/kubernetes-policy-index/bc-k8s-22,,['Checkov'],Checkov,1,0.4,scanner_consensus_v1,['/argocd/patches/repo-server-timeout.yaml'],file_rule,/argocd/patches/repo-server-timeout.yaml::CKV_K8S_23,['Checkov'],,0,Unknown,,0.0,0.0,0,,,,,unmatched,,,,,timesheet-devops,repo_path_mapping,0.7,FALSE,"[""no Ingress"", ""no LoadBalancer/NodePort externe confirme"", ""Service/timesheet-devops type=ClusterIP""]",0,0,1,7,prod,platform,default,['internal-service'],0,0,1,0,0,[],[],99,[],True,False,0.0,timesheet-devops,0,0,[],25.2,1,deployment,,45,5.0,0.0,0.8,38.70719999999999,0.01,,,,-1,0.003773272,28.80290282398244,14.403338048009973,28.79912955198244,0,24.1,,0.0,VERY_LOW,"[{""feature"": ""cvss_numeric"", ""impact"": -21.911, ""feature_value"": 5.0, ""direction"": ""lowers_risk""}, {""feature"": ""severity_score"", ""impact"": -21.289, ""feature_value"": 45.0, ""direction"": ""lowers_risk""}, {""feature"": ""epss_numeric"", ""impact"": -1.484, ""feature_value"": 0.0, ""direction"": ""lowers_risk""}, {""feature"": ""time_decay_factor"", ""impact"": 1.247, ""feature_value"": 0.8, ""direction"": ""raises_risk""}, {""feature"": ""confidence_score"", ""impact"": -1.024, ""feature_value"": 0.4, ""direction"": ""lowers_risk""}]",P5_BACKLOG,18.720566190394212,0,
CKV_K8S_28,finding/v7.1,iac_misconfiguration/kubernetes,,Corriger la definition IaC,,/argocd/patches/repo-server-timeout.yaml,1.0,,,Minimize the admission of containers with the NET_RAW capability,Minimize the admission of containers with the NET_RAW capability | resource=Deployment.argocd.argocd-repo-server,MEDIUM,Deployment.argocd.argocd-repo-server,,Corriger la definition IaC,/argocd/patches/repo-server-timeout.yaml,https://docs.prismacloud.io/en/enterprise-edition/policy-reference/kubernetes-policies/kubernetes-policy-index/bc-k8s-27,,['Checkov'],Checkov,1,0.4,scanner_consensus_v1,['/argocd/patches/repo-server-timeout.yaml'],file_rule,/argocd/patches/repo-server-timeout.yaml::CKV_K8S_28,['Checkov'],,0,Unknown,,0.0,0.0,0,,,,,unmatched,,,,,timesheet-devops,repo_path_mapping,0.7,FALSE,"[""no Ingress"", ""no LoadBalancer/NodePort externe confirme"", ""Service/timesheet-devops type=ClusterIP""]",0,0,1,7,prod,platform,default,['internal-service'],0,0,1,0,0,[],[],99,[],True,False,0.0,timesheet-devops,0,0,[],25.2,1,deployment,,45,5.0,0.0,0.8,38.70719999999999,0.01,,,,-1,0.003773272,28.80290282398244,14.403338048009973,28.79912955198244,0,24.1,,0.0,VERY_LOW,"[{""feature"": ""cvss_numeric"", ""impact"": -21.911, ""feature_value"": 5.0, ""direction"": ""lowers_risk""}, {""feature"": ""severity_score"", ""impact"": -21.289, ""feature_value"": 45.0, ""direction"": ""lowers_risk""}, {""feature"": ""epss_numeric"", ""impact"": -1.484, ""feature_value"": 0.0, ""direction"": ""lowers_risk""}, {""feature"": ""time_decay_factor"", ""impact"": 1.247, ""feature_value"": 0.8, ""direction"": ""raises_risk""}, {""feature"": ""confidence_score"", ""impact"": -1.024, ""feature_value"": 0.4, ""direction"": ""lowers_risk""}]",P5_BACKLOG,18.720566190394212,0,
CKV_K8S_12,finding/v7.1,iac_misconfiguration/kubernetes,,Corriger la definition IaC,,/argocd/patches/repo-server-timeout.yaml,1.0,,,Memory requests should be set,Memory requests should be set | resource=Deployment.argocd.argocd-repo-server,MEDIUM,Deployment.argocd.argocd-repo-server,,Corriger la definition IaC,/argocd/patches/repo-server-timeout.yaml,https://docs.prismacloud.io/en/enterprise-edition/policy-reference/kubernetes-policies/kubernetes-policy-index/bc-k8s-11,,['Checkov'],Checkov,1,0.4,scanner_consensus_v1,['/argocd/patches/repo-server-timeout.yaml'],file_rule,/argocd/patches/repo-server-timeout.yaml::CKV_K8S_12,['Checkov'],,0,Unknown,,0.0,0.0,0,,,,,unmatched,,,,,timesheet-devops,repo_path_mapping,0.7,FALSE,"[""no Ingress"", ""no LoadBalancer/NodePort externe confirme"", ""Service/timesheet-devops type=ClusterIP""]",0,0,1,7,prod,platform,default,['internal-service'],0,0,1,0,0,[],[],99,[],True,False,0.0,timesheet-devops,0,0,[],25.2,1,deployment,,45,5.0,0.0,0.8,38.70719999999999,0.01,,,,-1,0.003773272,28.80290282398244,14.403338048009973,28.79912955198244,0,24.1,,0.0,VERY_LOW,"[{""feature"": ""cvss_numeric"", ""impact"": -21.911, ""feature_value"": 5.0, ""direction"": ""lowers_risk""}, {""feature"": ""severity_score"", ""impact"": -21.289, ""feature_value"": 45.0, ""direction"": ""lowers_risk""}, {""feature"": ""epss_numeric"", ""impact"": -1.484, ""feature_value"": 0.0, ""direction"": ""lowers_risk""}, {""feature"": ""time_decay_factor"", ""impact"": 1.247, ""feature_value"": 0.8, ""direction"": ""raises_risk""}, {""feature"": ""confidence_score"", ""impact"": -1.024, ""feature_value"": 0.4, ""direction"": ""lowers_risk""}]",P5_BACKLOG,18.720566190394212,0,
CKV_K8S_10,finding/v7.1,iac_misconfiguration/kubernetes,,Corriger la definition IaC,,/argocd/patches/repo-server-timeout.yaml,1.0,,,CPU requests should be set,CPU requests should be set | resource=Deployment.argocd.argocd-repo-server,MEDIUM,Deployment.argocd.argocd-repo-server,,Corriger la definition IaC,/argocd/patches/repo-server-timeout.yaml,https://docs.prismacloud.io/en/enterprise-edition/policy-reference/kubernetes-policies/kubernetes-policy-index/bc-k8s-9,,['Checkov'],Checkov,1,0.4,scanner_consensus_v1,['/argocd/patches/repo-server-timeout.yaml'],file_rule,/argocd/patches/repo-server-timeout.yaml::CKV_K8S_10,['Checkov'],,0,Unknown,,0.0,0.0,0,,,,,unmatched,,,,,timesheet-devops,repo_path_mapping,0.7,FALSE,"[""no Ingress"", ""no LoadBalancer/NodePort externe confirme"", ""Service/timesheet-devops type=ClusterIP""]",0,0,1,7,prod,platform,default,['internal-service'],0,0,1,0,0,[],[],99,[],True,False,0.0,timesheet-devops,0,0,[],25.2,1,deployment,,45,5.0,0.0,0.8,38.70719999999999,0.01,,,,-1,0.003773272,28.80290282398244,14.403338048009973,28.79912955198244,0,24.1,,0.0,VERY_LOW,"[{""feature"": ""cvss_numeric"", ""impact"": -21.911, ""feature_value"": 5.0, ""direction"": ""lowers_risk""}, {""feature"": ""severity_score"", ""impact"": -21.289, ""feature_value"": 45.0, ""direction"": ""lowers_risk""}, {""feature"": ""epss_numeric"", ""impact"": -1.484, ""feature_value"": 0.0, ""direction"": ""lowers_risk""}, {""feature"": ""time_decay_factor"", ""impact"": 1.247, ""feature_value"": 0.8, ""direction"": ""raises_risk""}, {""feature"": ""confidence_score"", ""impact"": -1.024, ""feature_value"": 0.4, ""direction"": ""lowers_risk""}]",P5_BACKLOG,18.720566190394212,0,
CKV_K8S_30,finding/v7.1,iac_misconfiguration/kubernetes,,Corriger la definition IaC,,/argocd/patches/repo-server-timeout.yaml,1.0,,,Apply security context to your containers,Apply security context to your containers | resource=Deployment.argocd.argocd-repo-server,MEDIUM,Deployment.argocd.argocd-repo-server,,Corriger la definition IaC,/argocd/patches/repo-server-timeout.yaml,https://docs.prismacloud.io/en/enterprise-edition/policy-reference/kubernetes-policies/kubernetes-policy-index/bc-k8s-28,,['Checkov'],Checkov,1,0.4,scanner_consensus_v1,['/argocd/patches/repo-server-timeout.yaml'],file_rule,/argocd/patches/repo-server-timeout.yaml::CKV_K8S_30,['Checkov'],,0,Unknown,,0.0,0.0,0,,,,,unmatched,,,,,timesheet-devops,repo_path_mapping,0.7,FALSE,"[""no Ingress"", ""no LoadBalancer/NodePort externe confirme"", ""Service/timesheet-devops type=ClusterIP""]",0,0,1,7,prod,platform,default,['internal-service'],0,0,1,0,0,[],[],99,[],True,False,0.0,timesheet-devops,0,0,[],25.2,1,deployment,,45,5.0,0.0,0.8,38.70719999999999,0.01,,,,-1,0.003773272,28.80290282398244,14.403338048009973,28.79912955198244,0,24.1,,0.0,VERY_LOW,"[{""feature"": ""cvss_numeric"", ""impact"": -21.911, ""feature_value"": 5.0, ""direction"": ""lowers_risk""}, {""feature"": ""severity_score"", ""impact"": -21.289, ""feature_value"": 45.0, ""direction"": ""lowers_risk""}, {""feature"": ""epss_numeric"", ""impact"": -1.484, ""feature_value"": 0.0, ""direction"": ""lowers_risk""}, {""feature"": ""time_decay_factor"", ""impact"": 1.247, ""feature_value"": 0.8, ""direction"": ""raises_risk""}, {""feature"": ""confidence_score"", ""impact"": -1.024, ""feature_value"": 0.4, ""direction"": ""lowers_risk""}]",P5_BACKLOG,18.720566190394212,0,
CKV_K8S_35#a14e16,finding/v7.1,iac_misconfiguration/kubernetes,,Corriger la definition IaC,,/k8s/deployment.yaml,1.0,,,Prefer using secrets as files over secrets as environment variables,Prefer using secrets as files over secrets as environment variables | resource=Deployment.timesheet-devops.timesheet-devops,MEDIUM,Deployment.timesheet-devops.timesheet-devops,,Corriger la definition IaC,/k8s/deployment.yaml,https://docs.prismacloud.io/en/enterprise-edition/policy-reference/kubernetes-policies/kubernetes-policy-index/bc-k8s-33,,['Checkov'],Checkov,1,0.4,scanner_consensus_v1,['/k8s/deployment.yaml'],file_rule,/k8s/deployment.yaml::CKV_K8S_35,['Checkov'],,0,Unknown,,0.0,0.0,0,,,,,unmatched,,,,,timesheet-devops,repo_path_mapping,0.7,FALSE,"[""no Ingress"", ""no LoadBalancer/NodePort externe confirme"", ""Service/timesheet-devops type=ClusterIP""]",0,0,1,7,prod,platform,default,['internal-service'],0,0,1,0,0,[],[],99,[],True,False,0.0,timesheet-devops,0,0,[],25.2,1,deployment,,45,5.0,0.0,0.8,38.70719999999999,0.01,,,,-1,0.003773272,28.80290282398244,14.403338048009973,28.79912955198244,0,24.1,,0.0,VERY_LOW,"[{""feature"": ""cvss_numeric"", ""impact"": -21.911, ""feature_value"": 5.0, ""direction"": ""lowers_risk""}, {""feature"": ""severity_score"", ""impact"": -21.289, ""feature_value"": 45.0, ""direction"": ""lowers_risk""}, {""feature"": ""epss_numeric"", ""impact"": -1.484, ""feature_value"": 0.0, ""direction"": ""lowers_risk""}, {""feature"": ""time_decay_factor"", ""impact"": 1.247, ""feature_value"": 0.8, ""direction"": ""raises_risk""}, {""feature"": ""confidence_score"", ""impact"": -1.024, ""feature_value"": 0.4, ""direction"": ""lowers_risk""}]",P5_BACKLOG,18.720566190394212,0,
CKV_K8S_15#3bfc0d,finding/v7.1,iac_misconfiguration/kubernetes,,Corriger la definition IaC,,/k8s/deployment.yaml,1.0,,,Image Pull Policy should be Always,Image Pull Policy should be Always | resource=Deployment.timesheet-devops.timesheet-devops,MEDIUM,Deployment.timesheet-devops.timesheet-devops,,Corriger la definition IaC,/k8s/deployment.yaml,https://docs.prismacloud.io/en/enterprise-edition/policy-reference/kubernetes-policies/kubernetes-policy-index/bc-k8s-14,,['Checkov'],Checkov,1,0.4,scanner_consensus_v1,['/k8s/deployment.yaml'],file_rule,/k8s/deployment.yaml::CKV_K8S_15,['Checkov'],,0,Unknown,,0.0,0.0,0,,,,,unmatched,,,,,timesheet-devops,repo_path_mapping,0.7,FALSE,"[""no Ingress"", ""no LoadBalancer/NodePort externe confirme"", ""Service/timesheet-devops type=ClusterIP""]",0,0,1,7,prod,platform,default,['internal-service'],0,0,1,0,0,[],[],99,[],True,False,0.0,timesheet-devops,0,0,[],25.2,1,deployment,,45,5.0,0.0,0.8,38.70719999999999,0.01,,,,-1,0.003773272,28.80290282398244,14.403338048009973,28.79912955198244,0,24.1,,0.0,VERY_LOW,"[{""feature"": ""cvss_numeric"", ""impact"": -21.911, ""feature_value"": 5.0, ""direction"": ""lowers_risk""}, {""feature"": ""severity_score"", ""impact"": -21.289, ""feature_value"": 45.0, ""direction"": ""lowers_risk""}, {""feature"": ""epss_numeric"", ""impact"": -1.484, ""feature_value"": 0.0, ""direction"": ""lowers_risk""}, {""feature"": ""time_decay_factor"", ""impact"": 1.247, ""feature_value"": 0.8, ""direction"": ""raises_risk""}, {""feature"": ""confidence_score"", ""impact"": -1.024, ""feature_value"": 0.4, ""direction"": ""lowers_risk""}]",P5_BACKLOG,18.720566190394212,0,
CKV_SECRET_6#f5f70d,finding/v7.1,iac_misconfiguration/secrets,,Corriger la definition IaC,,/secret.example.yaml,12.0,,,Base64 High Entropy String,Base64 High Entropy String | resource=54deceef3562c4365f3496dcf11694fbbea00426,MEDIUM,54deceef3562c4365f3496dcf11694fbbea00426,,Corriger la definition IaC,/secret.example.yaml,https://docs.prismacloud.io/en/enterprise-edition/policy-reference/secrets-policies/secrets-policy-index/git-secrets-6,,['Checkov'],Checkov,1,0.4,scanner_consensus_v1,['/secret.example.yaml'],file_rule,/secret.example.yaml::CKV_SECRET_6,['Checkov'],,0,Unknown,,0.0,0.0,0,,,,,unmatched,,,,,timesheet-devops,repo_path_mapping,0.7,FALSE,"[""no Ingress"", ""no LoadBalancer/NodePort externe confirme"", ""Service/timesheet-devops type=ClusterIP""]",0,0,1,7,prod,platform,default,['internal-service'],0,0,1,0,0,[],[],99,[],True,False,0.0,timesheet-devops,0,0,[],25.2,1,deployment,,45,5.0,0.0,0.8,38.70719999999999,0.01,,,,-1,0.003773272,28.80290282398244,14.403338048009973,28.79912955198244,0,24.1,,0.0,VERY_LOW,"[{""feature"": ""cvss_numeric"", ""impact"": -21.911, ""feature_value"": 5.0, ""direction"": ""lowers_risk""}, {""feature"": ""severity_score"", ""impact"": -21.289, ""feature_value"": 45.0, ""direction"": ""lowers_risk""}, {""feature"": ""epss_numeric"", ""impact"": -1.484, ""feature_value"": 0.0, ""direction"": ""lowers_risk""}, {""feature"": ""time_decay_factor"", ""impact"": 1.247, ""feature_value"": 0.8, ""direction"": ""raises_risk""}, {""feature"": ""confidence_score"", ""impact"": -1.024, ""feature_value"": 0.4, ""direction"": ""lowers_risk""}]",P5_BACKLOG,18.720566190394212,0,
CKV_K8S_43#a1dbe9,finding/v7.1,iac_misconfiguration/kubernetes,,Corriger la definition IaC,,/k8s/deployment.yaml,1.0,,,Image should use digest,Image should use digest | resource=Deployment.timesheet-devops.timesheet-devops,MEDIUM,Deployment.timesheet-devops.timesheet-devops,,Corriger la definition IaC,/k8s/deployment.yaml,https://docs.prismacloud.io/en/enterprise-edition/policy-reference/kubernetes-policies/kubernetes-policy-index/bc-k8s-39,,['Checkov'],Checkov,1,0.4,scanner_consensus_v1,['/k8s/deployment.yaml'],file_rule,/k8s/deployment.yaml::CKV_K8S_43,['Checkov'],,0,Unknown,,0.0,0.0,0,,,,,unmatched,,,,,timesheet-devops,repo_path_mapping,0.7,FALSE,"[""no Ingress"", ""no LoadBalancer/NodePort externe confirme"", ""Service/timesheet-devops type=ClusterIP""]",0,0,1,7,prod,platform,default,['internal-service'],0,0,1,0,0,[],[],99,[],True,False,0.0,timesheet-devops,0,0,[],25.2,1,deployment,,45,5.0,0.0,0.8,38.70719999999999,0.01,,,,-1,0.003773272,28.80290282398244,14.403338048009973,28.79912955198244,0,24.1,,0.0,VERY_LOW,"[{""feature"": ""cvss_numeric"", ""impact"": -21.911, ""feature_value"": 5.0, ""direction"": ""lowers_risk""}, {""feature"": ""severity_score"", ""impact"": -21.289, ""feature_value"": 45.0, ""direction"": ""lowers_risk""}, {""feature"": ""epss_numeric"", ""impact"": -1.484, ""feature_value"": 0.0, ""direction"": ""lowers_risk""}, {""feature"": ""time_decay_factor"", ""impact"": 1.247, ""feature_value"": 0.8, ""direction"": ""raises_risk""}, {""feature"": ""confidence_score"", ""impact"": -1.024, ""feature_value"": 0.4, ""direction"": ""lowers_risk""}]",P5_BACKLOG,18.720566190394212,0,
CIS-5.2.8,finding/v7.1,cis_benchmark,,"Add policies to each namespace in the cluster which has user workloads to restrict the
admission of containers with the `NET_RAW` capability.
",,,,,,Minimize the admission of containers with the NET_RAW capability (Automated),"Minimize the admission of containers with the NET_RAW capability (Automated) | remediation: Add policies to each namespace in the cluster which has user workloads to restrict the
admission of containers with the `NET_RAW` capability.
",MEDIUM,Pod Security Standards,,"Add policies to each namespace in the cluster which has user workloads to restrict the
admission of containers with the `NET_RAW` capability.
",policies,https://www.cisecurity.org/benchmark/kubernetes,,['kube-bench'],kube-bench,1,0.4,scanner_consensus_v1,['policies'],image_pkg,policies::pod security standards::CIS-5.2.8,['kube-bench'],,0,Unknown,,0.0,0.0,0,,,,,unmatched,,,,,unresolved,unresolved,0.0,UNKNOWN,"[""asset non resolu""]",0,1,0,5,unknown,unknown,,[],0,0,1,0,0,[],[],99,[],False,True,,unresolved,0,0,[],0.0,0,unresolved,,45,5.0,0.0,0.8,34.56,0.01,,,,-1,0.003773272,28.80290282398244,14.403338048009973,28.79912955198244,0,22.5,,0.0,VERY_LOW,"[{""feature"": ""cvss_numeric"", ""impact"": -21.911, ""feature_value"": 5.0, ""direction"": ""lowers_risk""}, {""feature"": ""severity_score"", ""impact"": -21.289, ""feature_value"": 45.0, ""direction"": ""lowers_risk""}, {""feature"": ""epss_numeric"", ""impact"": -1.484, ""feature_value"": 0.0, ""direction"": ""lowers_risk""}, {""feature"": ""time_decay_factor"", ""impact"": 1.247, ""feature_value"": 0.8, ""direction"": ""raises_risk""}, {""feature"": ""confidence_score"", ""impact"": -1.024, ""feature_value"": 0.4, ""direction"": ""lowers_risk""}]",P5_BACKLOG,18.720566190394212,0,
CIS-5.2.9,finding/v7.1,cis_benchmark,,"Ensure that `allowedCapabilities` is not present in policies for the cluster unless
it is set to an empty array.
",,,,,,Minimize the admission of containers with added capabilities (Automated),"Minimize the admission of containers with added capabilities (Automated) | remediation: Ensure that `allowedCapabilities` is not present in policies for the cluster unless
it is set to an empty array.
",MEDIUM,Pod Security Standards,,"Ensure that `allowedCapabilities` is not present in policies for the cluster unless
it is set to an empty array.
",policies,https://www.cisecurity.org/benchmark/kubernetes,,['kube-bench'],kube-bench,1,0.4,scanner_consensus_v1,['policies'],image_pkg,policies::pod security standards::CIS-5.2.9,['kube-bench'],,0,Unknown,,0.0,0.0,0,,,,,unmatched,,,,,unresolved,unresolved,0.0,UNKNOWN,"[""asset non resolu""]",0,1,0,5,unknown,unknown,,[],0,0,1,0,0,[],[],99,[],False,True,,unresolved,0,0,[],0.0,0,unresolved,,45,5.0,0.0,0.8,34.56,0.01,,,,-1,0.003773272,28.80290282398244,14.403338048009973,28.79912955198244,0,22.5,,0.0,VERY_LOW,"[{""feature"": ""cvss_numeric"", ""impact"": -21.911, ""feature_value"": 5.0, ""direction"": ""lowers_risk""}, {""feature"": ""severity_score"", ""impact"": -21.289, ""feature_value"": 45.0, ""direction"": ""lowers_risk""}, {""feature"": ""epss_numeric"", ""impact"": -1.484, ""feature_value"": 0.0, ""direction"": ""lowers_risk""}, {""feature"": ""time_decay_factor"", ""impact"": 1.247, ""feature_value"": 0.8, ""direction"": ""raises_risk""}, {""feature"": ""confidence_score"", ""impact"": -1.024, ""feature_value"": 0.4, ""direction"": ""lowers_risk""}]",P5_BACKLOG,18.720566190394212,0,
CIS-5.2.10,finding/v7.1,cis_benchmark,,"Review the use of capabilities in applications running on your cluster. Where a namespace
contains applications which do not require any Linux capabities to operate consider adding
a PSP which forbids",,,,,,Minimize the admission of containers with capabilities assigned (Manual),"Minimize the admission of containers with capabilities assigned (Manual) | remediation: Review the use of capabilities in applications running on your cluster. Where a namespace
contains applications which do not require any Linux capabities to operate consider adding
a PSP which forbids the admission of containers which do not drop all capabilities.
",MEDIUM,Pod Security Standards,,"Review the use of capabilities in applications running on your cluster. Where a namespace
contains applications which do not require any Linux capabities to operate consider adding
a PSP which forbids",policies,https://www.cisecurity.org/benchmark/kubernetes,,['kube-bench'],kube-bench,1,0.4,scanner_consensus_v1,['policies'],image_pkg,policies::pod security standards::CIS-5.2.10,['kube-bench'],,0,Unknown,,0.0,0.0,0,,,,,unmatched,,,,,unresolved,unresolved,0.0,UNKNOWN,"[""asset non resolu""]",0,1,0,5,unknown,unknown,,[],0,0,1,0,0,[],[],99,[],False,True,,unresolved,0,0,[],0.0,0,unresolved,,45,5.0,0.0,0.8,34.56,0.01,,,,-1,0.003773272,28.80290282398244,14.403338048009973,28.79912955198244,0,22.5,,0.0,VERY_LOW,"[{""feature"": ""cvss_numeric"", ""impact"": -21.911, ""feature_value"": 5.0, ""direction"": ""lowers_risk""}, {""feature"": ""severity_score"", ""impact"": -21.289, ""feature_value"": 45.0, ""direction"": ""lowers_risk""}, {""feature"": ""epss_numeric"", ""impact"": -1.484, ""feature_value"": 0.0, ""direction"": ""lowers_risk""}, {""feature"": ""time_decay_factor"", ""impact"": 1.247, ""feature_value"": 0.8, ""direction"": ""raises_risk""}, {""feature"": ""confidence_score"", ""impact"": -1.024, ""feature_value"": 0.4, ""direction"": ""lowers_risk""}]",P5_BACKLOG,18.720566190394212,0,
CIS-5.2.11,finding/v7.1,cis_benchmark,,"Add policies to each namespace in the cluster which has user workloads to restrict the
admission of containers that have `.securityContext.windowsOptions.hostProcess` set to `true`.
",,,,,,Minimize the admission of Windows HostProcess containers (Manual),"Minimize the admission of Windows HostProcess containers (Manual) | remediation: Add policies to each namespace in the cluster which has user workloads to restrict the
admission of containers that have `.securityContext.windowsOptions.hostProcess` set to `true`.
",MEDIUM,Pod Security Standards,,"Add policies to each namespace in the cluster which has user workloads to restrict the
admission of containers that have `.securityContext.windowsOptions.hostProcess` set to `true`.
",policies,https://www.cisecurity.org/benchmark/kubernetes,,['kube-bench'],kube-bench,1,0.4,scanner_consensus_v1,['policies'],image_pkg,policies::pod security standards::CIS-5.2.11,['kube-bench'],,0,Unknown,,0.0,0.0,0,,,,,unmatched,,,,,unresolved,unresolved,0.0,UNKNOWN,"[""asset non resolu""]",0,1,0,5,unknown,unknown,,[],0,0,1,0,0,[],[],99,[],False,True,,unresolved,0,0,[],0.0,0,unresolved,,45,5.0,0.0,0.8,34.56,0.01,,,,-1,0.003773272,28.80290282398244,14.403338048009973,28.79912955198244,0,22.5,,0.0,VERY_LOW,"[{""feature"": ""cvss_numeric"", ""impact"": -21.911, ""feature_value"": 5.0, ""direction"": ""lowers_risk""}, {""feature"": ""severity_score"", ""impact"": -21.289, ""feature_value"": 45.0, ""direction"": ""lowers_risk""}, {""feature"": ""epss_numeric"", ""impact"": -1.484, ""feature_value"": 0.0, ""direction"": ""lowers_risk""}, {""feature"": ""time_decay_factor"", ""impact"": 1.247, ""feature_value"": 0.8, ""direction"": ""raises_risk""}, {""feature"": ""confidence_score"", ""impact"": -1.024, ""feature_value"": 0.4, ""direction"": ""lowers_risk""}]",P5_BACKLOG,18.720566190394212,0,
CIS-5.1.4,finding/v7.1,cis_benchmark,,"Where possible, remove create access to pod objects in the cluster.
",,,,,,Minimize access to create pods (Manual),"Minimize access to create pods (Manual) | remediation: Where possible, remove create access to pod objects in the cluster.
",MEDIUM,RBAC and Service Accounts,,"Where possible, remove create access to pod objects in the cluster.
",policies,https://www.cisecurity.org/benchmark/kubernetes,,['kube-bench'],kube-bench,1,0.4,scanner_consensus_v1,['policies'],image_pkg,policies::rbac and service accounts::CIS-5.1.4,['kube-bench'],,0,Unknown,,0.0,0.0,0,,,,,unmatched,,,,,unresolved,unresolved,0.0,UNKNOWN,"[""asset non resolu""]",0,1,0,5,unknown,unknown,,[],0,0,1,0,0,[],[],99,[],False,True,,unresolved,0,0,[],0.0,0,unresolved,,45,5.0,0.0,0.8,34.56,0.01,,,,-1,0.003773272,28.80290282398244,14.403338048009973,28.79912955198244,0,22.5,,0.0,VERY_LOW,"[{""feature"": ""cvss_numeric"", ""impact"": -21.911, ""feature_value"": 5.0, ""direction"": ""lowers_risk""}, {""feature"": ""severity_score"", ""impact"": -21.289, ""feature_value"": 45.0, ""direction"": ""lowers_risk""}, {""feature"": ""epss_numeric"", ""impact"": -1.484, ""feature_value"": 0.0, ""direction"": ""lowers_risk""}, {""feature"": ""time_decay_factor"", ""impact"": 1.247, ""feature_value"": 0.8, ""direction"": ""raises_risk""}, {""feature"": ""confidence_score"", ""impact"": -1.024, ""feature_value"": 0.4, ""direction"": ""lowers_risk""}]",P5_BACKLOG,18.720566190394212,0,
CIS-5.1.5,finding/v7.1,cis_benchmark,,"Create explicit service accounts wherever a Kubernetes workload requires specific access
to the Kubernetes API server.
Modify the configuration of each default service account to include this value
au",,,,,,Ensure that default service accounts are not actively used. (Manual),"Ensure that default service accounts are not actively used. (Manual) | remediation: Create explicit service accounts wherever a Kubernetes workload requires specific access
to the Kubernetes API server.
Modify the configuration of each default service account to include this value
automountServiceAccountToken: false
",MEDIUM,RBAC and Service Accounts,,"Create explicit service accounts wherever a Kubernetes workload requires specific access
to the Kubernetes API server.
Modify the configuration of each default service account to include this value
au",policies,https://www.cisecurity.org/benchmark/kubernetes,,['kube-bench'],kube-bench,1,0.4,scanner_consensus_v1,['policies'],image_pkg,policies::rbac and service accounts::CIS-5.1.5,['kube-bench'],,0,Unknown,,0.0,0.0,0,,,,,unmatched,,,,,unresolved,unresolved,0.0,UNKNOWN,"[""asset non resolu""]",0,1,0,5,unknown,unknown,,[],0,0,1,0,0,[],[],99,[],False,True,,unresolved,0,0,[],0.0,0,unresolved,,45,5.0,0.0,0.8,34.56,0.01,,,,-1,0.003773272,28.80290282398244,14.403338048009973,28.79912955198244,0,22.5,,0.0,VERY_LOW,"[{""feature"": ""cvss_numeric"", ""impact"": -21.911, ""feature_value"": 5.0, ""direction"": ""lowers_risk""}, {""feature"": ""severity_score"", ""impact"": -21.289, ""feature_value"": 45.0, ""direction"": ""lowers_risk""}, {""feature"": ""epss_numeric"", ""impact"": -1.484, ""feature_value"": 0.0, ""direction"": ""lowers_risk""}, {""feature"": ""time_decay_factor"", ""impact"": 1.247, ""feature_value"": 0.8, ""direction"": ""raises_risk""}, {""feature"": ""confidence_score"", ""impact"": -1.024, ""feature_value"": 0.4, ""direction"": ""lowers_risk""}]",P5_BACKLOG,18.720566190394212,0,
CIS-5.1.6,finding/v7.1,cis_benchmark,,"Modify the definition of pods and service accounts which do not need to mount service
account tokens to disable it.
",,,,,,Ensure that Service Account Tokens are only mounted where necessary (Manual),"Ensure that Service Account Tokens are only mounted where necessary (Manual) | remediation: Modify the definition of pods and service accounts which do not need to mount service
account tokens to disable it.
",MEDIUM,RBAC and Service Accounts,,"Modify the definition of pods and service accounts which do not need to mount service
account tokens to disable it.
",policies,https://www.cisecurity.org/benchmark/kubernetes,,['kube-bench'],kube-bench,1,0.4,scanner_consensus_v1,['policies'],image_pkg,policies::rbac and service accounts::CIS-5.1.6,['kube-bench'],,0,Unknown,,0.0,0.0,0,,,,,unmatched,,,,,unresolved,unresolved,0.0,UNKNOWN,"[""asset non resolu""]",0,1,0,5,unknown,unknown,,[],0,0,1,0,0,[],[],99,[],False,True,,unresolved,0,0,[],0.0,0,unresolved,,45,5.0,0.0,0.8,34.56,0.01,,,,-1,0.003773272,28.80290282398244,14.403338048009973,28.79912955198244,0,22.5,,0.0,VERY_LOW,"[{""feature"": ""cvss_numeric"", ""impact"": -21.911, ""feature_value"": 5.0, ""direction"": ""lowers_risk""}, {""feature"": ""severity_score"", ""impact"": -21.289, ""feature_value"": 45.0, ""direction"": ""lowers_risk""}, {""feature"": ""epss_numeric"", ""impact"": -1.484, ""feature_value"": 0.0, ""direction"": ""lowers_risk""}, {""feature"": ""time_decay_factor"", ""impact"": 1.247, ""feature_value"": 0.8, ""direction"": ""raises_risk""}, {""feature"": ""confidence_score"", ""impact"": -1.024, ""feature_value"": 0.4, ""direction"": ""lowers_risk""}]",P5_BACKLOG,18.720566190394212,0,
CIS-5.1.7,finding/v7.1,cis_benchmark,,"Remove the system:masters group from all users in the cluster.
",,,,,,Avoid use of system:masters group (Manual),"Avoid use of system:masters group (Manual) | remediation: Remove the system:masters group from all users in the cluster.
",MEDIUM,RBAC and Service Accounts,,"Remove the system:masters group from all users in the cluster.
",policies,https://www.cisecurity.org/benchmark/kubernetes,,['kube-bench'],kube-bench,1,0.4,scanner_consensus_v1,['policies'],image_pkg,policies::rbac and service accounts::CIS-5.1.7,['kube-bench'],,0,Unknown,,0.0,0.0,0,,,,,unmatched,,,,,unresolved,unresolved,0.0,UNKNOWN,"[""asset non resolu""]",0,1,0,5,unknown,unknown,,[],0,0,1,0,0,[],[],99,[],False,True,,unresolved,0,0,[],0.0,0,unresolved,,45,5.0,0.0,0.8,34.56,0.01,,,,-1,0.003773272,28.80290282398244,14.403338048009973,28.79912955198244,0,22.5,,0.0,VERY_LOW,"[{""feature"": ""cvss_numeric"", ""impact"": -21.911, ""feature_value"": 5.0, ""direction"": ""lowers_risk""}, {""feature"": ""severity_score"", ""impact"": -21.289, ""feature_value"": 45.0, ""direction"": ""lowers_risk""}, {""feature"": ""epss_numeric"", ""impact"": -1.484, ""feature_value"": 0.0, ""direction"": ""lowers_risk""}, {""feature"": ""time_decay_factor"", ""impact"": 1.247, ""feature_value"": 0.8, ""direction"": ""raises_risk""}, {""feature"": ""confidence_score"", ""impact"": -1.024, ""feature_value"": 0.4, ""direction"": ""lowers_risk""}]",P5_BACKLOG,18.720566190394212,0,
CIS-5.1.8,finding/v7.1,cis_benchmark,,"Where possible, remove the impersonate, bind and escalate rights from subjects.
",,,,,,"Limit use of the Bind, Impersonate and Escalate permissions in the Kubernetes cluster (Manual)","Limit use of the Bind, Impersonate and Escalate permissions in the Kubernetes cluster (Manual) | remediation: Where possible, remove the impersonate, bind and escalate rights from subjects.
",MEDIUM,RBAC and Service Accounts,,"Where possible, remove the impersonate, bind and escalate rights from subjects.
",policies,https://www.cisecurity.org/benchmark/kubernetes,,['kube-bench'],kube-bench,1,0.4,scanner_consensus_v1,['policies'],image_pkg,policies::rbac and service accounts::CIS-5.1.8,['kube-bench'],,0,Unknown,,0.0,0.0,0,,,,,unmatched,,,,,unresolved,unresolved,0.0,UNKNOWN,"[""asset non resolu""]",0,1,0,5,unknown,unknown,,[],0,0,1,0,0,[],[],99,[],False,True,,unresolved,0,0,[],0.0,0,unresolved,,45,5.0,0.0,0.8,34.56,0.01,,,,-1,0.003773272,28.80290282398244,14.403338048009973,28.79912955198244,0,22.5,,0.0,VERY_LOW,"[{""feature"": ""cvss_numeric"", ""impact"": -21.911, ""feature_value"": 5.0, ""direction"": ""lowers_risk""}, {""feature"": ""severity_score"", ""impact"": -21.289, ""feature_value"": 45.0, ""direction"": ""lowers_risk""}, {""feature"": ""epss_numeric"", ""impact"": -1.484, ""feature_value"": 0.0, ""direction"": ""lowers_risk""}, {""feature"": ""time_decay_factor"", ""impact"": 1.247, ""feature_value"": 0.8, ""direction"": ""raises_risk""}, {""feature"": ""confidence_score"", ""impact"": -1.024, ""feature_value"": 0.4, ""direction"": ""lowers_risk""}]",P5_BACKLOG,18.720566190394212,0,
CIS-5.2.1,finding/v7.1,cis_benchmark,,"Ensure that either Pod Security Admission or an external policy control system is in place
for every namespace which contains user workloads.
",,,,,,Ensure that the cluster has at least one active policy control mechanism in place (Manual),"Ensure that the cluster has at least one active policy control mechanism in place (Manual) | remediation: Ensure that either Pod Security Admission or an external policy control system is in place
for every namespace which contains user workloads.
",MEDIUM,Pod Security Standards,,"Ensure that either Pod Security Admission or an external policy control system is in place
for every namespace which contains user workloads.
",policies,https://www.cisecurity.org/benchmark/kubernetes,,['kube-bench'],kube-bench,1,0.4,scanner_consensus_v1,['policies'],image_pkg,policies::pod security standards::CIS-5.2.1,['kube-bench'],,0,Unknown,,0.0,0.0,0,,,,,unmatched,,,,,unresolved,unresolved,0.0,UNKNOWN,"[""asset non resolu""]",0,1,0,5,unknown,unknown,,[],0,0,1,0,0,[],[],99,[],False,True,,unresolved,0,0,[],0.0,0,unresolved,,45,5.0,0.0,0.8,34.56,0.01,,,,-1,0.003773272,28.80290282398244,14.403338048009973,28.79912955198244,0,22.5,,0.0,VERY_LOW,"[{""feature"": ""cvss_numeric"", ""impact"": -21.911, ""feature_value"": 5.0, ""direction"": ""lowers_risk""}, {""feature"": ""severity_score"", ""impact"": -21.289, ""feature_value"": 45.0, ""direction"": ""lowers_risk""}, {""feature"": ""epss_numeric"", ""impact"": -1.484, ""feature_value"": 0.0, ""direction"": ""lowers_risk""}, {""feature"": ""time_decay_factor"", ""impact"": 1.247, ""feature_value"": 0.8, ""direction"": ""raises_risk""}, {""feature"": ""confidence_score"", ""impact"": -1.024, ""feature_value"": 0.4, ""direction"": ""lowers_risk""}]",P5_BACKLOG,18.720566190394212,0,
CKV_K8S_43,finding/v7.1,iac_misconfiguration/kubernetes,,Corriger la definition IaC,,/argocd/patches/repo-server-timeout.yaml,1.0,,,Image should use digest,Image should use digest | resource=Deployment.argocd.argocd-repo-server,MEDIUM,Deployment.argocd.argocd-repo-server,,Corriger la definition IaC,/argocd/patches/repo-server-timeout.yaml,https://docs.prismacloud.io/en/enterprise-edition/policy-reference/kubernetes-policies/kubernetes-policy-index/bc-k8s-39,,['Checkov'],Checkov,1,0.4,scanner_consensus_v1,['/argocd/patches/repo-server-timeout.yaml'],file_rule,/argocd/patches/repo-server-timeout.yaml::CKV_K8S_43,['Checkov'],,0,Unknown,,0.0,0.0,0,,,,,unmatched,,,,,timesheet-devops,repo_path_mapping,0.7,FALSE,"[""no Ingress"", ""no LoadBalancer/NodePort externe confirme"", ""Service/timesheet-devops type=ClusterIP""]",0,0,1,7,prod,platform,default,['internal-service'],0,0,1,0,0,[],[],99,[],True,False,0.0,timesheet-devops,0,0,[],25.2,1,deployment,,45,5.0,0.0,0.8,38.70719999999999,0.01,,,,-1,0.003773272,28.80290282398244,14.403338048009973,28.79912955198244,0,24.1,,0.0,VERY_LOW,"[{""feature"": ""cvss_numeric"", ""impact"": -21.911, ""feature_value"": 5.0, ""direction"": ""lowers_risk""}, {""feature"": ""severity_score"", ""impact"": -21.289, ""feature_value"": 45.0, ""direction"": ""lowers_risk""}, {""feature"": ""epss_numeric"", ""impact"": -1.484, ""feature_value"": 0.0, ""direction"": ""lowers_risk""}, {""feature"": ""time_decay_factor"", ""impact"": 1.247, ""feature_value"": 0.8, ""direction"": ""raises_risk""}, {""feature"": ""confidence_score"", ""impact"": -1.024, ""feature_value"": 0.4, ""direction"": ""lowers_risk""}]",P5_BACKLOG,18.720566190394212,0,
CKV_K8S_31,finding/v7.1,iac_misconfiguration/kubernetes,,Corriger la definition IaC,,/argocd/patches/repo-server-timeout.yaml,1.0,,,Ensure that the seccomp profile is set to docker/default or runtime/default,Ensure that the seccomp profile is set to docker/default or runtime/default | resource=Deployment.argocd.argocd-repo-server,MEDIUM,Deployment.argocd.argocd-repo-server,,Corriger la definition IaC,/argocd/patches/repo-server-timeout.yaml,https://docs.prismacloud.io/en/enterprise-edition/policy-reference/kubernetes-policies/kubernetes-policy-index/bc-k8s-29,,['Checkov'],Checkov,1,0.4,scanner_consensus_v1,['/argocd/patches/repo-server-timeout.yaml'],file_rule,/argocd/patches/repo-server-timeout.yaml::CKV_K8S_31,['Checkov'],,0,Unknown,,0.0,0.0,0,,,,,unmatched,,,,,timesheet-devops,repo_path_mapping,0.7,FALSE,"[""no Ingress"", ""no LoadBalancer/NodePort externe confirme"", ""Service/timesheet-devops type=ClusterIP""]",0,0,1,7,prod,platform,default,['internal-service'],0,0,1,0,0,[],[],99,[],True,False,0.0,timesheet-devops,0,0,[],25.2,1,deployment,,45,5.0,0.0,0.8,38.70719999999999,0.01,,,,-1,0.003773272,28.80290282398244,14.403338048009973,28.79912955198244,0,24.1,,0.0,VERY_LOW,"[{""feature"": ""cvss_numeric"", ""impact"": -21.911, ""feature_value"": 5.0, ""direction"": ""lowers_risk""}, {""feature"": ""severity_score"", ""impact"": -21.289, ""feature_value"": 45.0, ""direction"": ""lowers_risk""}, {""feature"": ""epss_numeric"", ""impact"": -1.484, ""feature_value"": 0.0, ""direction"": ""lowers_risk""}, {""feature"": ""time_decay_factor"", ""impact"": 1.247, ""feature_value"": 0.8, ""direction"": ""raises_risk""}, {""feature"": ""confidence_score"", ""impact"": -1.024, ""feature_value"": 0.4, ""direction"": ""lowers_risk""}]",P5_BACKLOG,18.720566190394212,0,
CKV_K8S_38,finding/v7.1,iac_misconfiguration/kubernetes,,Corriger la definition IaC,,/argocd/patches/repo-server-timeout.yaml,1.0,,,Ensure that Service Account Tokens are only mounted where necessary,Ensure that Service Account Tokens are only mounted where necessary | resource=Deployment.argocd.argocd-repo-server,MEDIUM,Deployment.argocd.argocd-repo-server,,Corriger la definition IaC,/argocd/patches/repo-server-timeout.yaml,https://docs.prismacloud.io/en/enterprise-edition/policy-reference/kubernetes-policies/kubernetes-policy-index/bc-k8s-35,,['Checkov'],Checkov,1,0.4,scanner_consensus_v1,['/argocd/patches/repo-server-timeout.yaml'],file_rule,/argocd/patches/repo-server-timeout.yaml::CKV_K8S_38,['Checkov'],,0,Unknown,,0.0,0.0,0,,,,,unmatched,,,,,timesheet-devops,repo_path_mapping,0.7,FALSE,"[""no Ingress"", ""no LoadBalancer/NodePort externe confirme"", ""Service/timesheet-devops type=ClusterIP""]",0,0,1,7,prod,platform,default,['internal-service'],0,0,1,0,0,[],[],99,[],True,False,0.0,timesheet-devops,0,0,[],25.2,1,deployment,,45,5.0,0.0,0.8,38.70719999999999,0.01,,,,-1,0.003773272,28.80290282398244,14.403338048009973,28.79912955198244,0,24.1,,0.0,VERY_LOW,"[{""feature"": ""cvss_numeric"", ""impact"": -21.911, ""feature_value"": 5.0, ""direction"": ""lowers_risk""}, {""feature"": ""severity_score"", ""impact"": -21.289, ""feature_value"": 45.0, ""direction"": ""lowers_risk""}, {""feature"": ""epss_numeric"", ""impact"": -1.484, ""feature_value"": 0.0, ""direction"": ""lowers_risk""}, {""feature"": ""time_decay_factor"", ""impact"": 1.247, ""feature_value"": 0.8, ""direction"": ""raises_risk""}, {""feature"": ""confidence_score"", ""impact"": -1.024, ""feature_value"": 0.4, ""direction"": ""lowers_risk""}]",P5_BACKLOG,18.720566190394212,0,
CKV_K8S_29,finding/v7.1,iac_misconfiguration/kubernetes,,Corriger la definition IaC,,/argocd/patches/repo-server-timeout.yaml,1.0,,,Apply security context to your pods and containers,Apply security context to your pods and containers | resource=Deployment.argocd.argocd-repo-server,MEDIUM,Deployment.argocd.argocd-repo-server,,Corriger la definition IaC,/argocd/patches/repo-server-timeout.yaml,https://docs.prismacloud.io/en/enterprise-edition/policy-reference/kubernetes-policies/kubernetes-policy-index/ensure-securitycontext-is-applied-to-pods-and-containers,,['Checkov'],Checkov,1,0.4,scanner_consensus_v1,['/argocd/patches/repo-server-timeout.yaml'],file_rule,/argocd/patches/repo-server-timeout.yaml::CKV_K8S_29,['Checkov'],,0,Unknown,,0.0,0.0,0,,,,,unmatched,,,,,timesheet-devops,repo_path_mapping,0.7,FALSE,"[""no Ingress"", ""no LoadBalancer/NodePort externe confirme"", ""Service/timesheet-devops type=ClusterIP""]",0,0,1,7,prod,platform,default,['internal-service'],0,0,1,0,0,[],[],99,[],True,False,0.0,timesheet-devops,0,0,[],25.2,1,deployment,,45,5.0,0.0,0.8,38.70719999999999,0.01,,,,-1,0.003773272,28.80290282398244,14.403338048009973,28.79912955198244,0,24.1,,0.0,VERY_LOW,"[{""feature"": ""cvss_numeric"", ""impact"": -21.911, ""feature_value"": 5.0, ""direction"": ""lowers_risk""}, {""feature"": ""severity_score"", ""impact"": -21.289, ""feature_value"": 45.0, ""direction"": ""lowers_risk""}, {""feature"": ""epss_numeric"", ""impact"": -1.484, ""feature_value"": 0.0, ""direction"": ""lowers_risk""}, {""feature"": ""time_decay_factor"", ""impact"": 1.247, ""feature_value"": 0.8, ""direction"": ""raises_risk""}, {""feature"": ""confidence_score"", ""impact"": -1.024, ""feature_value"": 0.4, ""direction"": ""lowers_risk""}]",P5_BACKLOG,18.720566190394212,0,
CKV_K8S_40,finding/v7.1,iac_misconfiguration/kubernetes,,Corriger la definition IaC,,/argocd/patches/repo-server-timeout.yaml,1.0,,,Containers should run as a high UID to avoid host conflict,Containers should run as a high UID to avoid host conflict | resource=Deployment.argocd.argocd-repo-server,MEDIUM,Deployment.argocd.argocd-repo-server,,Corriger la definition IaC,/argocd/patches/repo-server-timeout.yaml,https://docs.prismacloud.io/en/enterprise-edition/policy-reference/kubernetes-policies/kubernetes-policy-index/bc-k8s-37,,['Checkov'],Checkov,1,0.4,scanner_consensus_v1,['/argocd/patches/repo-server-timeout.yaml'],file_rule,/argocd/patches/repo-server-timeout.yaml::CKV_K8S_40,['Checkov'],,0,Unknown,,0.0,0.0,0,,,,,unmatched,,,,,timesheet-devops,repo_path_mapping,0.7,FALSE,"[""no Ingress"", ""no LoadBalancer/NodePort externe confirme"", ""Service/timesheet-devops type=ClusterIP""]",0,0,1,7,prod,platform,default,['internal-service'],0,0,1,0,0,[],[],99,[],True,False,0.0,timesheet-devops,0,0,[],25.2,1,deployment,,45,5.0,0.0,0.8,38.70719999999999,0.01,,,,-1,0.003773272,28.80290282398244,14.403338048009973,28.79912955198244,0,24.1,,0.0,VERY_LOW,"[{""feature"": ""cvss_numeric"", ""impact"": -21.911, ""feature_value"": 5.0, ""direction"": ""lowers_risk""}, {""feature"": ""severity_score"", ""impact"": -21.289, ""feature_value"": 45.0, ""direction"": ""lowers_risk""}, {""feature"": ""epss_numeric"", ""impact"": -1.484, ""feature_value"": 0.0, ""direction"": ""lowers_risk""}, {""feature"": ""time_decay_factor"", ""impact"": 1.247, ""feature_value"": 0.8, ""direction"": ""raises_risk""}, {""feature"": ""confidence_score"", ""impact"": -1.024, ""feature_value"": 0.4, ""direction"": ""lowers_risk""}]",P5_BACKLOG,18.720566190394212,0,
CKV_K8S_20,finding/v7.1,iac_misconfiguration/kubernetes,,Corriger la definition IaC,,/argocd/patches/repo-server-timeout.yaml,1.0,,,Containers should not run with allowPrivilegeEscalation,Containers should not run with allowPrivilegeEscalation | resource=Deployment.argocd.argocd-repo-server,MEDIUM,Deployment.argocd.argocd-repo-server,,Corriger la definition IaC,/argocd/patches/repo-server-timeout.yaml,https://docs.prismacloud.io/en/enterprise-edition/policy-reference/kubernetes-policies/kubernetes-policy-index/bc-k8s-19,,['Checkov'],Checkov,1,0.4,scanner_consensus_v1,['/argocd/patches/repo-server-timeout.yaml'],file_rule,/argocd/patches/repo-server-timeout.yaml::CKV_K8S_20,['Checkov'],,0,Unknown,,0.0,0.0,0,,,,,unmatched,,,,,timesheet-devops,repo_path_mapping,0.7,FALSE,"[""no Ingress"", ""no LoadBalancer/NodePort externe confirme"", ""Service/timesheet-devops type=ClusterIP""]",0,0,1,7,prod,platform,default,['internal-service'],0,0,1,0,0,[],[],99,[],True,False,0.0,timesheet-devops,0,0,[],25.2,1,deployment,,45,5.0,0.0,0.8,38.70719999999999,0.01,,,,-1,0.003773272,28.80290282398244,14.403338048009973,28.79912955198244,0,24.1,,0.0,VERY_LOW,"[{""feature"": ""cvss_numeric"", ""impact"": -21.911, ""feature_value"": 5.0, ""direction"": ""lowers_risk""}, {""feature"": ""severity_score"", ""impact"": -21.289, ""feature_value"": 45.0, ""direction"": ""lowers_risk""}, {""feature"": ""epss_numeric"", ""impact"": -1.484, ""feature_value"": 0.0, ""direction"": ""lowers_risk""}, {""feature"": ""time_decay_factor"", ""impact"": 1.247, ""feature_value"": 0.8, ""direction"": ""raises_risk""}, {""feature"": ""confidence_score"", ""impact"": -1.024, ""feature_value"": 0.4, ""direction"": ""lowers_risk""}]",P5_BACKLOG,18.720566190394212,0,
CKV_K8S_13,finding/v7.1,iac_misconfiguration/kubernetes,,Corriger la definition IaC,,/argocd/patches/repo-server-timeout.yaml,1.0,,,Memory limits should be set,Memory limits should be set | resource=Deployment.argocd.argocd-repo-server,MEDIUM,Deployment.argocd.argocd-repo-server,,Corriger la definition IaC,/argocd/patches/repo-server-timeout.yaml,https://docs.prismacloud.io/en/enterprise-edition/policy-reference/kubernetes-policies/kubernetes-policy-index/bc-k8s-12,,['Checkov'],Checkov,1,0.4,scanner_consensus_v1,['/argocd/patches/repo-server-timeout.yaml'],file_rule,/argocd/patches/repo-server-timeout.yaml::CKV_K8S_13,['Checkov'],,0,Unknown,,0.0,0.0,0,,,,,unmatched,,,,,timesheet-devops,repo_path_mapping,0.7,FALSE,"[""no Ingress"", ""no LoadBalancer/NodePort externe confirme"", ""Service/timesheet-devops type=ClusterIP""]",0,0,1,7,prod,platform,default,['internal-service'],0,0,1,0,0,[],[],99,[],True,False,0.0,timesheet-devops,0,0,[],25.2,1,deployment,,45,5.0,0.0,0.8,38.70719999999999,0.01,,,,-1,0.003773272,28.80290282398244,14.403338048009973,28.79912955198244,0,24.1,,0.0,VERY_LOW,"[{""feature"": ""cvss_numeric"", ""impact"": -21.911, ""feature_value"": 5.0, ""direction"": ""lowers_risk""}, {""feature"": ""severity_score"", ""impact"": -21.289, ""feature_value"": 45.0, ""direction"": ""lowers_risk""}, {""feature"": ""epss_numeric"", ""impact"": -1.484, ""feature_value"": 0.0, ""direction"": ""lowers_risk""}, {""feature"": ""time_decay_factor"", ""impact"": 1.247, ""feature_value"": 0.8, ""direction"": ""raises_risk""}, {""feature"": ""confidence_score"", ""impact"": -1.024, ""feature_value"": 0.4, ""direction"": ""lowers_risk""}]",P5_BACKLOG,18.720566190394212,0,
CKV_K8S_21#df79a2,finding/v7.1,iac_misconfiguration/kubernetes,,Corriger la definition IaC,,/reports/helm/helm-rendered.yaml,77.0,,,The default namespace should not be used,The default namespace should not be used | resource=ServiceAccount.default.timesheet-devops,MEDIUM,ServiceAccount.default.timesheet-devops,,Corriger la definition IaC,/reports/helm/helm-rendered.yaml,https://docs.prismacloud.io/en/enterprise-edition/policy-reference/kubernetes-policies/kubernetes-policy-index/bc-k8s-20,,['Checkov'],Checkov,1,0.4,scanner_consensus_v1,['/reports/helm/helm-rendered.yaml'],file_rule,/reports/helm/helm-rendered.yaml::CKV_K8S_21,['Checkov'],,0,Unknown,,0.0,0.0,0,,,,,unmatched,,,,,timesheet-devops,repo_path_mapping,0.7,FALSE,"[""no Ingress"", ""no LoadBalancer/NodePort externe confirme"", ""Service/timesheet-devops type=ClusterIP""]",0,0,1,7,prod,platform,default,['internal-service'],0,0,1,0,0,[],[],99,[],True,False,0.0,timesheet-devops,0,0,[],25.2,1,deployment,,45,5.0,0.0,0.8,38.70719999999999,0.01,,,,-1,0.003773272,28.80290282398244,14.403338048009973,28.79912955198244,0,24.1,,0.0,VERY_LOW,"[{""feature"": ""cvss_numeric"", ""impact"": -21.911, ""feature_value"": 5.0, ""direction"": ""lowers_risk""}, {""feature"": ""severity_score"", ""impact"": -21.289, ""feature_value"": 45.0, ""direction"": ""lowers_risk""}, {""feature"": ""epss_numeric"", ""impact"": -1.484, ""feature_value"": 0.0, ""direction"": ""lowers_risk""}, {""feature"": ""time_decay_factor"", ""impact"": 1.247, ""feature_value"": 0.8, ""direction"": ""raises_risk""}, {""feature"": ""confidence_score"", ""impact"": -1.024, ""feature_value"": 0.4, ""direction"": ""lowers_risk""}]",P5_BACKLOG,18.720566190394212,0,
CKV_K8S_12#54f4e2,finding/v7.1,iac_misconfiguration/kubernetes,,Corriger la definition IaC,,/reports/helm/helm-rendered.yaml,174.0,,,Memory requests should be set,Memory requests should be set | resource=Deployment.default.timesheet-devops,MEDIUM,Deployment.default.timesheet-devops,,Corriger la definition IaC,/reports/helm/helm-rendered.yaml,https://docs.prismacloud.io/en/enterprise-edition/policy-reference/kubernetes-policies/kubernetes-policy-index/bc-k8s-11,,['Checkov'],Checkov,1,0.4,scanner_consensus_v1,['/reports/helm/helm-rendered.yaml'],file_rule,/reports/helm/helm-rendered.yaml::CKV_K8S_12,['Checkov'],,0,Unknown,,0.0,0.0,0,,,,,unmatched,,,,,timesheet-devops,repo_path_mapping,0.7,FALSE,"[""no Ingress"", ""no LoadBalancer/NodePort externe confirme"", ""Service/timesheet-devops type=ClusterIP""]",0,0,1,7,prod,platform,default,['internal-service'],0,0,1,0,0,[],[],99,[],True,False,0.0,timesheet-devops,0,0,[],25.2,1,deployment,,45,5.0,0.0,0.8,38.70719999999999,0.01,,,,-1,0.003773272,28.80290282398244,14.403338048009973,28.79912955198244,0,24.1,,0.0,VERY_LOW,"[{""feature"": ""cvss_numeric"", ""impact"": -21.911, ""feature_value"": 5.0, ""direction"": ""lowers_risk""}, {""feature"": ""severity_score"", ""impact"": -21.289, ""feature_value"": 45.0, ""direction"": ""lowers_risk""}, {""feature"": ""epss_numeric"", ""impact"": -1.484, ""feature_value"": 0.0, ""direction"": ""lowers_risk""}, {""feature"": ""time_decay_factor"", ""impact"": 1.247, ""feature_value"": 0.8, ""direction"": ""raises_risk""}, {""feature"": ""confidence_score"", ""impact"": -1.024, ""feature_value"": 0.4, ""direction"": ""lowers_risk""}]",P5_BACKLOG,18.720566190394212,0,
CKV_K8S_37,finding/v7.1,iac_misconfiguration/kubernetes,,Corriger la definition IaC,,/argocd/patches/repo-server-timeout.yaml,1.0,,,Minimize the admission of containers with capabilities assigned,Minimize the admission of containers with capabilities assigned | resource=Deployment.argocd.argocd-repo-server,MEDIUM,Deployment.argocd.argocd-repo-server,,Corriger la definition IaC,/argocd/patches/repo-server-timeout.yaml,https://docs.prismacloud.io/en/enterprise-edition/policy-reference/kubernetes-policies/kubernetes-policy-index/bc-k8s-34,,['Checkov'],Checkov,1,0.4,scanner_consensus_v1,['/argocd/patches/repo-server-timeout.yaml'],file_rule,/argocd/patches/repo-server-timeout.yaml::CKV_K8S_37,['Checkov'],,0,Unknown,,0.0,0.0,0,,,,,unmatched,,,,,timesheet-devops,repo_path_mapping,0.7,FALSE,"[""no Ingress"", ""no LoadBalancer/NodePort externe confirme"", ""Service/timesheet-devops type=ClusterIP""]",0,0,1,7,prod,platform,default,['internal-service'],0,0,1,0,0,[],[],99,[],True,False,0.0,timesheet-devops,0,0,[],25.2,1,deployment,,45,5.0,0.0,0.8,38.70719999999999,0.01,,,,-1,0.003773272,28.80290282398244,14.403338048009973,28.79912955198244,0,24.1,,0.0,VERY_LOW,"[{""feature"": ""cvss_numeric"", ""impact"": -21.911, ""feature_value"": 5.0, ""direction"": ""lowers_risk""}, {""feature"": ""severity_score"", ""impact"": -21.289, ""feature_value"": 45.0, ""direction"": ""lowers_risk""}, {""feature"": ""epss_numeric"", ""impact"": -1.484, ""feature_value"": 0.0, ""direction"": ""lowers_risk""}, {""feature"": ""time_decay_factor"", ""impact"": 1.247, ""feature_value"": 0.8, ""direction"": ""raises_risk""}, {""feature"": ""confidence_score"", ""impact"": -1.024, ""feature_value"": 0.4, ""direction"": ""lowers_risk""}]",P5_BACKLOG,18.720566190394212,0,
CKV_K8S_15,finding/v7.1,iac_misconfiguration/kubernetes,,Corriger la definition IaC,,/argocd/patches/repo-server-timeout.yaml,1.0,,,Image Pull Policy should be Always,Image Pull Policy should be Always | resource=Deployment.argocd.argocd-repo-server,MEDIUM,Deployment.argocd.argocd-repo-server,,Corriger la definition IaC,/argocd/patches/repo-server-timeout.yaml,https://docs.prismacloud.io/en/enterprise-edition/policy-reference/kubernetes-policies/kubernetes-policy-index/bc-k8s-14,,['Checkov'],Checkov,1,0.4,scanner_consensus_v1,['/argocd/patches/repo-server-timeout.yaml'],file_rule,/argocd/patches/repo-server-timeout.yaml::CKV_K8S_15,['Checkov'],,0,Unknown,,0.0,0.0,0,,,,,unmatched,,,,,timesheet-devops,repo_path_mapping,0.7,FALSE,"[""no Ingress"", ""no LoadBalancer/NodePort externe confirme"", ""Service/timesheet-devops type=ClusterIP""]",0,0,1,7,prod,platform,default,['internal-service'],0,0,1,0,0,[],[],99,[],True,False,0.0,timesheet-devops,0,0,[],25.2,1,deployment,,45,5.0,0.0,0.8,38.70719999999999,0.01,,,,-1,0.003773272,28.80290282398244,14.403338048009973,28.79912955198244,0,24.1,,0.0,VERY_LOW,"[{""feature"": ""cvss_numeric"", ""impact"": -21.911, ""feature_value"": 5.0, ""direction"": ""lowers_risk""}, {""feature"": ""severity_score"", ""impact"": -21.289, ""feature_value"": 45.0, ""direction"": ""lowers_risk""}, {""feature"": ""epss_numeric"", ""impact"": -1.484, ""feature_value"": 0.0, ""direction"": ""lowers_risk""}, {""feature"": ""time_decay_factor"", ""impact"": 1.247, ""feature_value"": 0.8, ""direction"": ""raises_risk""}, {""feature"": ""confidence_score"", ""impact"": -1.024, ""feature_value"": 0.4, ""direction"": ""lowers_risk""}]",P5_BACKLOG,18.720566190394212,0,
CKV_K8S_11,finding/v7.1,iac_misconfiguration/kubernetes,,Corriger la definition IaC,,/argocd/patches/repo-server-timeout.yaml,1.0,,,CPU limits should be set,CPU limits should be set | resource=Deployment.argocd.argocd-repo-server,MEDIUM,Deployment.argocd.argocd-repo-server,,Corriger la definition IaC,/argocd/patches/repo-server-timeout.yaml,https://docs.prismacloud.io/en/enterprise-edition/policy-reference/kubernetes-policies/kubernetes-policy-index/bc-k8s-10,,['Checkov'],Checkov,1,0.4,scanner_consensus_v1,['/argocd/patches/repo-server-timeout.yaml'],file_rule,/argocd/patches/repo-server-timeout.yaml::CKV_K8S_11,['Checkov'],,0,Unknown,,0.0,0.0,0,,,,,unmatched,,,,,timesheet-devops,repo_path_mapping,0.7,FALSE,"[""no Ingress"", ""no LoadBalancer/NodePort externe confirme"", ""Service/timesheet-devops type=ClusterIP""]",0,0,1,7,prod,platform,default,['internal-service'],0,0,1,0,0,[],[],99,[],True,False,0.0,timesheet-devops,0,0,[],25.2,1,deployment,,45,5.0,0.0,0.8,38.70719999999999,0.01,,,,-1,0.003773272,28.80290282398244,14.403338048009973,28.79912955198244,0,24.1,,0.0,VERY_LOW,"[{""feature"": ""cvss_numeric"", ""impact"": -21.911, ""feature_value"": 5.0, ""direction"": ""lowers_risk""}, {""feature"": ""severity_score"", ""impact"": -21.289, ""feature_value"": 45.0, ""direction"": ""lowers_risk""}, {""feature"": ""epss_numeric"", ""impact"": -1.484, ""feature_value"": 0.0, ""direction"": ""lowers_risk""}, {""feature"": ""time_decay_factor"", ""impact"": 1.247, ""feature_value"": 0.8, ""direction"": ""raises_risk""}, {""feature"": ""confidence_score"", ""impact"": -1.024, ""feature_value"": 0.4, ""direction"": ""lowers_risk""}]",P5_BACKLOG,18.720566190394212,0,
CKV_K8S_9,finding/v7.1,iac_misconfiguration/kubernetes,,Corriger la definition IaC,,/argocd/patches/repo-server-timeout.yaml,1.0,,,Readiness Probe Should be Configured,Readiness Probe Should be Configured | resource=Deployment.argocd.argocd-repo-server,MEDIUM,Deployment.argocd.argocd-repo-server,,Corriger la definition IaC,/argocd/patches/repo-server-timeout.yaml,https://docs.prismacloud.io/en/enterprise-edition/policy-reference/kubernetes-policies/kubernetes-policy-index/bc-k8s-8,,['Checkov'],Checkov,1,0.4,scanner_consensus_v1,['/argocd/patches/repo-server-timeout.yaml'],file_rule,/argocd/patches/repo-server-timeout.yaml::CKV_K8S_9,['Checkov'],,0,Unknown,,0.0,0.0,0,,,,,unmatched,,,,,timesheet-devops,repo_path_mapping,0.7,FALSE,"[""no Ingress"", ""no LoadBalancer/NodePort externe confirme"", ""Service/timesheet-devops type=ClusterIP""]",0,0,1,7,prod,platform,default,['internal-service'],0,0,1,0,0,[],[],99,[],True,False,0.0,timesheet-devops,0,0,[],25.2,1,deployment,,45,5.0,0.0,0.8,38.70719999999999,0.01,,,,-1,0.003773272,28.80290282398244,14.403338048009973,28.79912955198244,0,24.1,,0.0,VERY_LOW,"[{""feature"": ""cvss_numeric"", ""impact"": -21.911, ""feature_value"": 5.0, ""direction"": ""lowers_risk""}, {""feature"": ""severity_score"", ""impact"": -21.289, ""feature_value"": 45.0, ""direction"": ""lowers_risk""}, {""feature"": ""epss_numeric"", ""impact"": -1.484, ""feature_value"": 0.0, ""direction"": ""lowers_risk""}, {""feature"": ""time_decay_factor"", ""impact"": 1.247, ""feature_value"": 0.8, ""direction"": ""raises_risk""}, {""feature"": ""confidence_score"", ""impact"": -1.024, ""feature_value"": 0.4, ""direction"": ""lowers_risk""}]",P5_BACKLOG,18.720566190394212,0,
CKV_K8S_8,finding/v7.1,iac_misconfiguration/kubernetes,,Corriger la definition IaC,,/argocd/patches/repo-server-timeout.yaml,1.0,,,Liveness Probe Should be Configured,Liveness Probe Should be Configured | resource=Deployment.argocd.argocd-repo-server,MEDIUM,Deployment.argocd.argocd-repo-server,,Corriger la definition IaC,/argocd/patches/repo-server-timeout.yaml,https://docs.prismacloud.io/en/enterprise-edition/policy-reference/kubernetes-policies/kubernetes-policy-index/bc-k8s-7,,['Checkov'],Checkov,1,0.4,scanner_consensus_v1,['/argocd/patches/repo-server-timeout.yaml'],file_rule,/argocd/patches/repo-server-timeout.yaml::CKV_K8S_8,['Checkov'],,0,Unknown,,0.0,0.0,0,,,,,unmatched,,,,,timesheet-devops,repo_path_mapping,0.7,FALSE,"[""no Ingress"", ""no LoadBalancer/NodePort externe confirme"", ""Service/timesheet-devops type=ClusterIP""]",0,0,1,7,prod,platform,default,['internal-service'],0,0,1,0,0,[],[],99,[],True,False,0.0,timesheet-devops,0,0,[],25.2,1,deployment,,45,5.0,0.0,0.8,38.70719999999999,0.01,,,,-1,0.003773272,28.80290282398244,14.403338048009973,28.79912955198244,0,24.1,,0.0,VERY_LOW,"[{""feature"": ""cvss_numeric"", ""impact"": -21.911, ""feature_value"": 5.0, ""direction"": ""lowers_risk""}, {""feature"": ""severity_score"", ""impact"": -21.289, ""feature_value"": 45.0, ""direction"": ""lowers_risk""}, {""feature"": ""epss_numeric"", ""impact"": -1.484, ""feature_value"": 0.0, ""direction"": ""lowers_risk""}, {""feature"": ""time_decay_factor"", ""impact"": 1.247, ""feature_value"": 0.8, ""direction"": ""raises_risk""}, {""feature"": ""confidence_score"", ""impact"": -1.024, ""feature_value"": 0.4, ""direction"": ""lowers_risk""}]",P5_BACKLOG,18.720566190394212,0,
CKV_K8S_22#3060c9,finding/v7.1,iac_misconfiguration/kubernetes,,Corriger la definition IaC,,/reports/helm/helm-rendered.yaml,174.0,,,Use read-only filesystem for containers where possible,Use read-only filesystem for containers where possible | resource=Deployment.default.timesheet-devops,MEDIUM,Deployment.default.timesheet-devops,,Corriger la definition IaC,/reports/helm/helm-rendered.yaml,https://docs.prismacloud.io/en/enterprise-edition/policy-reference/kubernetes-policies/kubernetes-policy-index/bc-k8s-21,,['Checkov'],Checkov,1,0.4,scanner_consensus_v1,['/reports/helm/helm-rendered.yaml'],file_rule,/reports/helm/helm-rendered.yaml::CKV_K8S_22,['Checkov'],,0,Unknown,,0.0,0.0,0,,,,,unmatched,,,,,timesheet-devops,repo_path_mapping,0.7,FALSE,"[""no Ingress"", ""no LoadBalancer/NodePort externe confirme"", ""Service/timesheet-devops type=ClusterIP""]",0,0,1,7,prod,platform,default,['internal-service'],0,0,1,0,0,[],[],99,[],True,False,0.0,timesheet-devops,0,0,[],25.2,1,deployment,,45,5.0,0.0,0.8,38.70719999999999,0.01,,,,-1,0.003773272,28.80290282398244,14.403338048009973,28.79912955198244,0,24.1,,0.0,VERY_LOW,"[{""feature"": ""cvss_numeric"", ""impact"": -21.911, ""feature_value"": 5.0, ""direction"": ""lowers_risk""}, {""feature"": ""severity_score"", ""impact"": -21.289, ""feature_value"": 45.0, ""direction"": ""lowers_risk""}, {""feature"": ""epss_numeric"", ""impact"": -1.484, ""feature_value"": 0.0, ""direction"": ""lowers_risk""}, {""feature"": ""time_decay_factor"", ""impact"": 1.247, ""feature_value"": 0.8, ""direction"": ""raises_risk""}, {""feature"": ""confidence_score"", ""impact"": -1.024, ""feature_value"": 0.4, ""direction"": ""lowers_risk""}]",P5_BACKLOG,18.720566190394212,0,
CKV_K8S_43#2881ff,finding/v7.1,iac_misconfiguration/kubernetes,,Corriger la definition IaC,,/reports/helm/helm-rendered.yaml,174.0,,,Image should use digest,Image should use digest | resource=Deployment.default.timesheet-devops,MEDIUM,Deployment.default.timesheet-devops,,Corriger la definition IaC,/reports/helm/helm-rendered.yaml,https://docs.prismacloud.io/en/enterprise-edition/policy-reference/kubernetes-policies/kubernetes-policy-index/bc-k8s-39,,['Checkov'],Checkov,1,0.4,scanner_consensus_v1,['/reports/helm/helm-rendered.yaml'],file_rule,/reports/helm/helm-rendered.yaml::CKV_K8S_43,['Checkov'],,0,Unknown,,0.0,0.0,0,,,,,unmatched,,,,,timesheet-devops,repo_path_mapping,0.7,FALSE,"[""no Ingress"", ""no LoadBalancer/NodePort externe confirme"", ""Service/timesheet-devops type=ClusterIP""]",0,0,1,7,prod,platform,default,['internal-service'],0,0,1,0,0,[],[],99,[],True,False,0.0,timesheet-devops,0,0,[],25.2,1,deployment,,45,5.0,0.0,0.8,38.70719999999999,0.01,,,,-1,0.003773272,28.80290282398244,14.403338048009973,28.79912955198244,0,24.1,,0.0,VERY_LOW,"[{""feature"": ""cvss_numeric"", ""impact"": -21.911, ""feature_value"": 5.0, ""direction"": ""lowers_risk""}, {""feature"": ""severity_score"", ""impact"": -21.289, ""feature_value"": 45.0, ""direction"": ""lowers_risk""}, {""feature"": ""epss_numeric"", ""impact"": -1.484, ""feature_value"": 0.0, ""direction"": ""lowers_risk""}, {""feature"": ""time_decay_factor"", ""impact"": 1.247, ""feature_value"": 0.8, ""direction"": ""raises_risk""}, {""feature"": ""confidence_score"", ""impact"": -1.024, ""feature_value"": 0.4, ""direction"": ""lowers_risk""}]",P5_BACKLOG,18.720566190394212,0,
CIS-4.2.9,finding/v7.1,cis_benchmark,,"By default, K3s sets the event-qps to 0. Should you wish to change this,
If using the K3s config file /etc/rancher/k3s/config.yaml, set the following parameter to an appropriate value.
kubelet-arg:
  ",,,,,,Ensure that the eventRecordQPS argument is set to a level which ensures appropriate event capture (Manual),"Ensure that the eventRecordQPS argument is set to a level which ensures appropriate event capture (Manual) | remediation: By default, K3s sets the event-qps to 0. Should you wish to change this,
If using the K3s config file /etc/rancher/k3s/config.yaml, set the following parameter to an appropriate value.
kubelet-arg:
  - ""event-qps=<value>""
If using the command line, run K3s with --kubelet-arg=""event-qps=<value>"".
Based on your system, restart the k3s service. For example,
systemctl restart k3s.service
",MEDIUM,Kubelet,,"By default, K3s sets the event-qps to 0. Should you wish to change this,
If using the K3s config file /etc/rancher/k3s/config.yaml, set the following parameter to an appropriate value.
kubelet-arg:
  ",node,https://www.cisecurity.org/benchmark/kubernetes,,['kube-bench'],kube-bench,1,0.4,scanner_consensus_v1,['node'],image_pkg,node::kubelet::CIS-4.2.9,['kube-bench'],,0,Unknown,,0.0,0.0,0,,,,,unmatched,,,,,unresolved,unresolved,0.0,UNKNOWN,"[""asset non resolu""]",0,1,0,5,unknown,unknown,,[],0,0,1,0,0,[],[],99,[],False,True,,unresolved,0,0,[],0.0,0,unresolved,,45,5.0,0.0,0.8,34.56,0.01,,,,-1,0.003773272,28.80290282398244,14.403338048009973,28.79912955198244,0,22.5,,0.0,VERY_LOW,"[{""feature"": ""cvss_numeric"", ""impact"": -21.911, ""feature_value"": 5.0, ""direction"": ""lowers_risk""}, {""feature"": ""severity_score"", ""impact"": -21.289, ""feature_value"": 45.0, ""direction"": ""lowers_risk""}, {""feature"": ""epss_numeric"", ""impact"": -1.484, ""feature_value"": 0.0, ""direction"": ""lowers_risk""}, {""feature"": ""time_decay_factor"", ""impact"": 1.247, ""feature_value"": 0.8, ""direction"": ""raises_risk""}, {""feature"": ""confidence_score"", ""impact"": -1.024, ""feature_value"": 0.4, ""direction"": ""lowers_risk""}]",P5_BACKLOG,18.720566190394212,0,
CKV_K8S_10#ccf43f,finding/v7.1,iac_misconfiguration/kubernetes,,Corriger la definition IaC,,/reports/helm/helm-rendered.yaml,174.0,,,CPU requests should be set,CPU requests should be set | resource=Deployment.default.timesheet-devops,MEDIUM,Deployment.default.timesheet-devops,,Corriger la definition IaC,/reports/helm/helm-rendered.yaml,https://docs.prismacloud.io/en/enterprise-edition/policy-reference/kubernetes-policies/kubernetes-policy-index/bc-k8s-9,,['Checkov'],Checkov,1,0.4,scanner_consensus_v1,['/reports/helm/helm-rendered.yaml'],file_rule,/reports/helm/helm-rendered.yaml::CKV_K8S_10,['Checkov'],,0,Unknown,,0.0,0.0,0,,,,,unmatched,,,,,timesheet-devops,repo_path_mapping,0.7,FALSE,"[""no Ingress"", ""no LoadBalancer/NodePort externe confirme"", ""Service/timesheet-devops type=ClusterIP""]",0,0,1,7,prod,platform,default,['internal-service'],0,0,1,0,0,[],[],99,[],True,False,0.0,timesheet-devops,0,0,[],25.2,1,deployment,,45,5.0,0.0,0.8,38.70719999999999,0.01,,,,-1,0.003773272,28.80290282398244,14.403338048009973,28.79912955198244,0,24.1,,0.0,VERY_LOW,"[{""feature"": ""cvss_numeric"", ""impact"": -21.911, ""feature_value"": 5.0, ""direction"": ""lowers_risk""}, {""feature"": ""severity_score"", ""impact"": -21.289, ""feature_value"": 45.0, ""direction"": ""lowers_risk""}, {""feature"": ""epss_numeric"", ""impact"": -1.484, ""feature_value"": 0.0, ""direction"": ""lowers_risk""}, {""feature"": ""time_decay_factor"", ""impact"": 1.247, ""feature_value"": 0.8, ""direction"": ""raises_risk""}, {""feature"": ""confidence_score"", ""impact"": -1.024, ""feature_value"": 0.4, ""direction"": ""lowers_risk""}]",P5_BACKLOG,18.720566190394212,0,
CIS-5.1.3,finding/v7.1,cis_benchmark,,"Where possible replace any use of wildcards in clusterroles and roles with specific
objects or actions.
",,,,,,Minimize wildcard use in Roles and ClusterRoles (Manual),"Minimize wildcard use in Roles and ClusterRoles (Manual) | remediation: Where possible replace any use of wildcards in clusterroles and roles with specific
objects or actions.
",MEDIUM,RBAC and Service Accounts,,"Where possible replace any use of wildcards in clusterroles and roles with specific
objects or actions.
",policies,https://www.cisecurity.org/benchmark/kubernetes,,['kube-bench'],kube-bench,1,0.4,scanner_consensus_v1,['policies'],image_pkg,policies::rbac and service accounts::CIS-5.1.3,['kube-bench'],,0,Unknown,,0.0,0.0,0,,,,,unmatched,,,,,unresolved,unresolved,0.0,UNKNOWN,"[""asset non resolu""]",0,1,0,5,unknown,unknown,,[],0,0,1,0,0,[],[],99,[],False,True,,unresolved,0,0,[],0.0,0,unresolved,,45,5.0,0.0,0.8,34.56,0.01,,,,-1,0.003773272,28.80290282398244,14.403338048009973,28.79912955198244,0,22.5,,0.0,VERY_LOW,"[{""feature"": ""cvss_numeric"", ""impact"": -21.911, ""feature_value"": 5.0, ""direction"": ""lowers_risk""}, {""feature"": ""severity_score"", ""impact"": -21.289, ""feature_value"": 45.0, ""direction"": ""lowers_risk""}, {""feature"": ""epss_numeric"", ""impact"": -1.484, ""feature_value"": 0.0, ""direction"": ""lowers_risk""}, {""feature"": ""time_decay_factor"", ""impact"": 1.247, ""feature_value"": 0.8, ""direction"": ""raises_risk""}, {""feature"": ""confidence_score"", ""impact"": -1.024, ""feature_value"": 0.4, ""direction"": ""lowers_risk""}]",P5_BACKLOG,18.720566190394212,0,
CIS-5.1.2,finding/v7.1,cis_benchmark,,"Where possible, remove get, list and watch access to Secret objects in the cluster.
",,,,,,Minimize access to secrets (Manual),"Minimize access to secrets (Manual) | remediation: Where possible, remove get, list and watch access to Secret objects in the cluster.
",MEDIUM,RBAC and Service Accounts,,"Where possible, remove get, list and watch access to Secret objects in the cluster.
",policies,https://www.cisecurity.org/benchmark/kubernetes,,['kube-bench'],kube-bench,1,0.4,scanner_consensus_v1,['policies'],image_pkg,policies::rbac and service accounts::CIS-5.1.2,['kube-bench'],,0,Unknown,,0.0,0.0,0,,,,,unmatched,,,,,unresolved,unresolved,0.0,UNKNOWN,"[""asset non resolu""]",0,1,0,5,unknown,unknown,,[],0,0,1,0,0,[],[],99,[],False,True,,unresolved,0,0,[],0.0,0,unresolved,,45,5.0,0.0,0.8,34.56,0.01,,,,-1,0.003773272,28.80290282398244,14.403338048009973,28.79912955198244,0,22.5,,0.0,VERY_LOW,"[{""feature"": ""cvss_numeric"", ""impact"": -21.911, ""feature_value"": 5.0, ""direction"": ""lowers_risk""}, {""feature"": ""severity_score"", ""impact"": -21.289, ""feature_value"": 45.0, ""direction"": ""lowers_risk""}, {""feature"": ""epss_numeric"", ""impact"": -1.484, ""feature_value"": 0.0, ""direction"": ""lowers_risk""}, {""feature"": ""time_decay_factor"", ""impact"": 1.247, ""feature_value"": 0.8, ""direction"": ""raises_risk""}, {""feature"": ""confidence_score"", ""impact"": -1.024, ""feature_value"": 0.4, ""direction"": ""lowers_risk""}]",P5_BACKLOG,18.720566190394212,0,
CIS-5.1.1,finding/v7.1,cis_benchmark,,"Identify all clusterrolebindings to the cluster-admin role. Check if they are used and
if they need this role or if they could use a role with fewer privileges.
Where possible, first bind users to a l",,,,,,Ensure that the cluster-admin role is only used where required (Manual),"Ensure that the cluster-admin role is only used where required (Manual) | remediation: Identify all clusterrolebindings to the cluster-admin role. Check if they are used and
if they need this role or if they could use a role with fewer privileges.
Where possible, first bind users to a lower privileged role and then remove the
clusterrolebinding to the cluster-admin role :
kubectl delete clusterrolebinding [name]
",MEDIUM,RBAC and Service Accounts,,"Identify all clusterrolebindings to the cluster-admin role. Check if they are used and
if they need this role or if they could use a role with fewer privileges.
Where possible, first bind users to a l",policies,https://www.cisecurity.org/benchmark/kubernetes,,['kube-bench'],kube-bench,1,0.4,scanner_consensus_v1,['policies'],image_pkg,policies::rbac and service accounts::CIS-5.1.1,['kube-bench'],,0,Unknown,,0.0,0.0,0,,,,,unmatched,,,,,unresolved,unresolved,0.0,UNKNOWN,"[""asset non resolu""]",0,1,0,5,unknown,unknown,,[],0,0,1,0,0,[],[],99,[],False,True,,unresolved,0,0,[],0.0,0,unresolved,,45,5.0,0.0,0.8,34.56,0.01,,,,-1,0.003773272,28.80290282398244,14.403338048009973,28.79912955198244,0,22.5,,0.0,VERY_LOW,"[{""feature"": ""cvss_numeric"", ""impact"": -21.911, ""feature_value"": 5.0, ""direction"": ""lowers_risk""}, {""feature"": ""severity_score"", ""impact"": -21.289, ""feature_value"": 45.0, ""direction"": ""lowers_risk""}, {""feature"": ""epss_numeric"", ""impact"": -1.484, ""feature_value"": 0.0, ""direction"": ""lowers_risk""}, {""feature"": ""time_decay_factor"", ""impact"": 1.247, ""feature_value"": 0.8, ""direction"": ""raises_risk""}, {""feature"": ""confidence_score"", ""impact"": -1.024, ""feature_value"": 0.4, ""direction"": ""lowers_risk""}]",P5_BACKLOG,18.720566190394212,0,
CIS-4.2.13,finding/v7.1,cis_benchmark,,"If using a K3s config file /etc/rancher/k3s/config.yaml, edit the file to set `tlsCipherSuites` to
kubelet-arg:
  - ""tls-cipher-suites=TLS_ECDHE_ECDSA_WITH_AES_256_GCM_SHA384,TLS_ECDHE_RSA_WITH_AES_25",,,,,,Ensure that the Kubelet only makes use of Strong Cryptographic Ciphers (Manual),"Ensure that the Kubelet only makes use of Strong Cryptographic Ciphers (Manual) | remediation: If using a K3s config file /etc/rancher/k3s/config.yaml, edit the file to set `tlsCipherSuites` to
kubelet-arg:
  - ""tls-cipher-suites=TLS_ECDHE_ECDSA_WITH_AES_256_GCM_SHA384,TLS_ECDHE_RSA_WITH_AES_256_GCM_SHA384,TLS_ECDHE_ECDSA_WITH_AES_128_GCM_SHA256,TLS_ECDHE_RSA_WITH_AES_128_GCM_SHA256,TLS_ECDHE_ECDSA_WITH_CHACHA20_POLY1305,TLS_ECDHE_RSA_WITH_CHACHA20_POLY1305""
or to a subset of these values.
",MEDIUM,Kubelet,,"If using a K3s config file /etc/rancher/k3s/config.yaml, edit the file to set `tlsCipherSuites` to
kubelet-arg:
  - ""tls-cipher-suites=TLS_ECDHE_ECDSA_WITH_AES_256_GCM_SHA384,TLS_ECDHE_RSA_WITH_AES_25",node,https://www.cisecurity.org/benchmark/kubernetes,,['kube-bench'],kube-bench,1,0.4,scanner_consensus_v1,['node'],image_pkg,node::kubelet::CIS-4.2.13,['kube-bench'],,0,Unknown,,0.0,0.0,0,,,,,unmatched,,,,,unresolved,unresolved,0.0,UNKNOWN,"[""asset non resolu""]",0,1,0,5,unknown,unknown,,[],0,0,1,0,0,[],[],99,[],False,True,,unresolved,0,0,[],0.0,0,unresolved,,45,5.0,0.0,0.8,34.56,0.01,,,,-1,0.003773272,28.80290282398244,14.403338048009973,28.79912955198244,0,22.5,,0.0,VERY_LOW,"[{""feature"": ""cvss_numeric"", ""impact"": -21.911, ""feature_value"": 5.0, ""direction"": ""lowers_risk""}, {""feature"": ""severity_score"", ""impact"": -21.289, ""feature_value"": 45.0, ""direction"": ""lowers_risk""}, {""feature"": ""epss_numeric"", ""impact"": -1.484, ""feature_value"": 0.0, ""direction"": ""lowers_risk""}, {""feature"": ""time_decay_factor"", ""impact"": 1.247, ""feature_value"": 0.8, ""direction"": ""raises_risk""}, {""feature"": ""confidence_score"", ""impact"": -1.024, ""feature_value"": 0.4, ""direction"": ""lowers_risk""}]",P5_BACKLOG,18.720566190394212,0,
CIS-5.4.1,finding/v7.1,cis_benchmark,,"If possible, rewrite application code to read Secrets from mounted secret files, rather than
from environment variables.
",,,,,,Prefer using Secrets as files over Secrets as environment variables (Manual),"Prefer using Secrets as files over Secrets as environment variables (Manual) | remediation: If possible, rewrite application code to read Secrets from mounted secret files, rather than
from environment variables.
",MEDIUM,Secrets Management,,"If possible, rewrite application code to read Secrets from mounted secret files, rather than
from environment variables.
",policies,https://www.cisecurity.org/benchmark/kubernetes,,['kube-bench'],kube-bench,1,0.4,scanner_consensus_v1,['policies'],image_pkg,policies::secrets management::CIS-5.4.1,['kube-bench'],,0,Unknown,,0.0,0.0,0,,,,,unmatched,,,,,unresolved,unresolved,0.0,UNKNOWN,"[""asset non resolu""]",0,1,0,5,unknown,unknown,,[],0,0,1,0,0,[],[],99,[],False,True,,unresolved,0,0,[],0.0,0,unresolved,,45,5.0,0.0,0.8,34.56,0.01,,,,-1,0.003773272,28.80290282398244,14.403338048009973,28.79912955198244,0,22.5,,0.0,VERY_LOW,"[{""feature"": ""cvss_numeric"", ""impact"": -21.911, ""feature_value"": 5.0, ""direction"": ""lowers_risk""}, {""feature"": ""severity_score"", ""impact"": -21.289, ""feature_value"": 45.0, ""direction"": ""lowers_risk""}, {""feature"": ""epss_numeric"", ""impact"": -1.484, ""feature_value"": 0.0, ""direction"": ""lowers_risk""}, {""feature"": ""time_decay_factor"", ""impact"": 1.247, ""feature_value"": 0.8, ""direction"": ""raises_risk""}, {""feature"": ""confidence_score"", ""impact"": -1.024, ""feature_value"": 0.4, ""direction"": ""lowers_risk""}]",P5_BACKLOG,18.720566190394212,0,
CIS-5.4.2,finding/v7.1,cis_benchmark,,"Refer to the Secrets management options offered by your cloud provider or a third-party
secrets management solution.
",,,,,,Consider external secret storage (Manual),"Consider external secret storage (Manual) | remediation: Refer to the Secrets management options offered by your cloud provider or a third-party
secrets management solution.
",MEDIUM,Secrets Management,,"Refer to the Secrets management options offered by your cloud provider or a third-party
secrets management solution.
",policies,https://www.cisecurity.org/benchmark/kubernetes,,['kube-bench'],kube-bench,1,0.4,scanner_consensus_v1,['policies'],image_pkg,policies::secrets management::CIS-5.4.2,['kube-bench'],,0,Unknown,,0.0,0.0,0,,,,,unmatched,,,,,unresolved,unresolved,0.0,UNKNOWN,"[""asset non resolu""]",0,1,0,5,unknown,unknown,,[],0,0,1,0,0,[],[],99,[],False,True,,unresolved,0,0,[],0.0,0,unresolved,,45,5.0,0.0,0.8,34.56,0.01,,,,-1,0.003773272,28.80290282398244,14.403338048009973,28.79912955198244,0,22.5,,0.0,VERY_LOW,"[{""feature"": ""cvss_numeric"", ""impact"": -21.911, ""feature_value"": 5.0, ""direction"": ""lowers_risk""}, {""feature"": ""severity_score"", ""impact"": -21.289, ""feature_value"": 45.0, ""direction"": ""lowers_risk""}, {""feature"": ""epss_numeric"", ""impact"": -1.484, ""feature_value"": 0.0, ""direction"": ""lowers_risk""}, {""feature"": ""time_decay_factor"", ""impact"": 1.247, ""feature_value"": 0.8, ""direction"": ""raises_risk""}, {""feature"": ""confidence_score"", ""impact"": -1.024, ""feature_value"": 0.4, ""direction"": ""lowers_risk""}]",P5_BACKLOG,18.720566190394212,0,
CIS-5.5.1,finding/v7.1,cis_benchmark,,"Follow the Kubernetes documentation and setup image provenance.
",,,,,,Configure Image Provenance using ImagePolicyWebhook admission controller (Manual),"Configure Image Provenance using ImagePolicyWebhook admission controller (Manual) | remediation: Follow the Kubernetes documentation and setup image provenance.
",MEDIUM,Extensible Admission Control,,"Follow the Kubernetes documentation and setup image provenance.
",policies,https://www.cisecurity.org/benchmark/kubernetes,,['kube-bench'],kube-bench,1,0.4,scanner_consensus_v1,['policies'],image_pkg,policies::extensible admission control::CIS-5.5.1,['kube-bench'],,0,Unknown,,0.0,0.0,0,,,,,unmatched,,,,,unresolved,unresolved,0.0,UNKNOWN,"[""asset non resolu""]",0,1,0,5,unknown,unknown,,[],0,0,1,0,0,[],[],99,[],False,True,,unresolved,0,0,[],0.0,0,unresolved,,45,5.0,0.0,0.8,34.56,0.01,,,,-1,0.003773272,28.80290282398244,14.403338048009973,28.79912955198244,0,22.5,,0.0,VERY_LOW,"[{""feature"": ""cvss_numeric"", ""impact"": -21.911, ""feature_value"": 5.0, ""direction"": ""lowers_risk""}, {""feature"": ""severity_score"", ""impact"": -21.289, ""feature_value"": 45.0, ""direction"": ""lowers_risk""}, {""feature"": ""epss_numeric"", ""impact"": -1.484, ""feature_value"": 0.0, ""direction"": ""lowers_risk""}, {""feature"": ""time_decay_factor"", ""impact"": 1.247, ""feature_value"": 0.8, ""direction"": ""raises_risk""}, {""feature"": ""confidence_score"", ""impact"": -1.024, ""feature_value"": 0.4, ""direction"": ""lowers_risk""}]",P5_BACKLOG,18.720566190394212,0,
CIS-5.7.1,finding/v7.1,cis_benchmark,,"Follow the documentation and create namespaces for objects in your deployment as you need
them.
",,,,,,Create administrative boundaries between resources using namespaces (Manual),"Create administrative boundaries between resources using namespaces (Manual) | remediation: Follow the documentation and create namespaces for objects in your deployment as you need
them.
",MEDIUM,General Policies,,"Follow the documentation and create namespaces for objects in your deployment as you need
them.
",policies,https://www.cisecurity.org/benchmark/kubernetes,,['kube-bench'],kube-bench,1,0.4,scanner_consensus_v1,['policies'],image_pkg,policies::general policies::CIS-5.7.1,['kube-bench'],,0,Unknown,,0.0,0.0,0,,,,,unmatched,,,,,unresolved,unresolved,0.0,UNKNOWN,"[""asset non resolu""]",0,1,0,5,unknown,unknown,,[],0,0,1,0,0,[],[],99,[],False,True,,unresolved,0,0,[],0.0,0,unresolved,,45,5.0,0.0,0.8,34.56,0.01,,,,-1,0.003773272,28.80290282398244,14.403338048009973,28.79912955198244,0,22.5,,0.0,VERY_LOW,"[{""feature"": ""cvss_numeric"", ""impact"": -21.911, ""feature_value"": 5.0, ""direction"": ""lowers_risk""}, {""feature"": ""severity_score"", ""impact"": -21.289, ""feature_value"": 45.0, ""direction"": ""lowers_risk""}, {""feature"": ""epss_numeric"", ""impact"": -1.484, ""feature_value"": 0.0, ""direction"": ""lowers_risk""}, {""feature"": ""time_decay_factor"", ""impact"": 1.247, ""feature_value"": 0.8, ""direction"": ""raises_risk""}, {""feature"": ""confidence_score"", ""impact"": -1.024, ""feature_value"": 0.4, ""direction"": ""lowers_risk""}]",P5_BACKLOG,18.720566190394212,0,
CIS-5.2.12,finding/v7.1,cis_benchmark,,"Add policies to each namespace in the cluster which has user workloads to restrict the
admission of containers with `hostPath` volumes.
",,,,,,Minimize the admission of HostPath volumes (Manual),"Minimize the admission of HostPath volumes (Manual) | remediation: Add policies to each namespace in the cluster which has user workloads to restrict the
admission of containers with `hostPath` volumes.
",MEDIUM,Pod Security Standards,,"Add policies to each namespace in the cluster which has user workloads to restrict the
admission of containers with `hostPath` volumes.
",policies,https://www.cisecurity.org/benchmark/kubernetes,,['kube-bench'],kube-bench,1,0.4,scanner_consensus_v1,['policies'],image_pkg,policies::pod security standards::CIS-5.2.12,['kube-bench'],,0,Unknown,,0.0,0.0,0,,,,,unmatched,,,,,unresolved,unresolved,0.0,UNKNOWN,"[""asset non resolu""]",0,1,0,5,unknown,unknown,,[],0,0,1,0,0,[],[],99,[],False,True,,unresolved,0,0,[],0.0,0,unresolved,,45,5.0,0.0,0.8,34.56,0.01,,,,-1,0.003773272,28.80290282398244,14.403338048009973,28.79912955198244,0,22.5,,0.0,VERY_LOW,"[{""feature"": ""cvss_numeric"", ""impact"": -21.911, ""feature_value"": 5.0, ""direction"": ""lowers_risk""}, {""feature"": ""severity_score"", ""impact"": -21.289, ""feature_value"": 45.0, ""direction"": ""lowers_risk""}, {""feature"": ""epss_numeric"", ""impact"": -1.484, ""feature_value"": 0.0, ""direction"": ""lowers_risk""}, {""feature"": ""time_decay_factor"", ""impact"": 1.247, ""feature_value"": 0.8, ""direction"": ""raises_risk""}, {""feature"": ""confidence_score"", ""impact"": -1.024, ""feature_value"": 0.4, ""direction"": ""lowers_risk""}]",P5_BACKLOG,18.720566190394212,0,
CIS-5.2.13,finding/v7.1,cis_benchmark,,"Add policies to each namespace in the cluster which has user workloads to restrict the
admission of containers which use `hostPort` sections.
",,,,,,Minimize the admission of containers which use HostPorts (Manual),"Minimize the admission of containers which use HostPorts (Manual) | remediation: Add policies to each namespace in the cluster which has user workloads to restrict the
admission of containers which use `hostPort` sections.
",MEDIUM,Pod Security Standards,,"Add policies to each namespace in the cluster which has user workloads to restrict the
admission of containers which use `hostPort` sections.
",policies,https://www.cisecurity.org/benchmark/kubernetes,,['kube-bench'],kube-bench,1,0.4,scanner_consensus_v1,['policies'],image_pkg,policies::pod security standards::CIS-5.2.13,['kube-bench'],,0,Unknown,,0.0,0.0,0,,,,,unmatched,,,,,unresolved,unresolved,0.0,UNKNOWN,"[""asset non resolu""]",0,1,0,5,unknown,unknown,,[],0,0,1,0,0,[],[],99,[],False,True,,unresolved,0,0,[],0.0,0,unresolved,,45,5.0,0.0,0.8,34.56,0.01,,,,-1,0.003773272,28.80290282398244,14.403338048009973,28.79912955198244,0,22.5,,0.0,VERY_LOW,"[{""feature"": ""cvss_numeric"", ""impact"": -21.911, ""feature_value"": 5.0, ""direction"": ""lowers_risk""}, {""feature"": ""severity_score"", ""impact"": -21.289, ""feature_value"": 45.0, ""direction"": ""lowers_risk""}, {""feature"": ""epss_numeric"", ""impact"": -1.484, ""feature_value"": 0.0, ""direction"": ""lowers_risk""}, {""feature"": ""time_decay_factor"", ""impact"": 1.247, ""feature_value"": 0.8, ""direction"": ""raises_risk""}, {""feature"": ""confidence_score"", ""impact"": -1.024, ""feature_value"": 0.4, ""direction"": ""lowers_risk""}]",P5_BACKLOG,18.720566190394212,0,
CIS-5.3.1,finding/v7.1,cis_benchmark,,"If the CNI plugin in use does not support network policies, consideration should be given to
making use of a different plugin, or finding an alternate mechanism for restricting traffic
in the Kubernet",,,,,,Ensure that the CNI in use supports NetworkPolicies (Manual),"Ensure that the CNI in use supports NetworkPolicies (Manual) | remediation: If the CNI plugin in use does not support network policies, consideration should be given to
making use of a different plugin, or finding an alternate mechanism for restricting traffic
in the Kubernetes cluster.
",MEDIUM,Network Policies and CNI,,"If the CNI plugin in use does not support network policies, consideration should be given to
making use of a different plugin, or finding an alternate mechanism for restricting traffic
in the Kubernet",policies,https://www.cisecurity.org/benchmark/kubernetes,,['kube-bench'],kube-bench,1,0.4,scanner_consensus_v1,['policies'],image_pkg,policies::network policies and cni::CIS-5.3.1,['kube-bench'],,0,Unknown,,0.0,0.0,0,,,,,unmatched,,,,,unresolved,unresolved,0.0,UNKNOWN,"[""asset non resolu""]",0,1,0,5,unknown,unknown,,[],0,0,1,0,0,[],[],99,[],False,True,,unresolved,0,0,[],0.0,0,unresolved,,45,5.0,0.0,0.8,34.56,0.01,,,,-1,0.003773272,28.80290282398244,14.403338048009973,28.79912955198244,0,22.5,,0.0,VERY_LOW,"[{""feature"": ""cvss_numeric"", ""impact"": -21.911, ""feature_value"": 5.0, ""direction"": ""lowers_risk""}, {""feature"": ""severity_score"", ""impact"": -21.289, ""feature_value"": 45.0, ""direction"": ""lowers_risk""}, {""feature"": ""epss_numeric"", ""impact"": -1.484, ""feature_value"": 0.0, ""direction"": ""lowers_risk""}, {""feature"": ""time_decay_factor"", ""impact"": 1.247, ""feature_value"": 0.8, ""direction"": ""raises_risk""}, {""feature"": ""confidence_score"", ""impact"": -1.024, ""feature_value"": 0.4, ""direction"": ""lowers_risk""}]",P5_BACKLOG,18.720566190394212,0,
CIS-5.3.2,finding/v7.1,cis_benchmark,,"Follow the documentation and create NetworkPolicy objects as you need them.
",,,,,,Ensure that all Namespaces have NetworkPolicies defined (Manual),"Ensure that all Namespaces have NetworkPolicies defined (Manual) | remediation: Follow the documentation and create NetworkPolicy objects as you need them.
",MEDIUM,Network Policies and CNI,,"Follow the documentation and create NetworkPolicy objects as you need them.
",policies,https://www.cisecurity.org/benchmark/kubernetes,,['kube-bench'],kube-bench,1,0.4,scanner_consensus_v1,['policies'],image_pkg,policies::network policies and cni::CIS-5.3.2,['kube-bench'],,0,Unknown,,0.0,0.0,0,,,,,unmatched,,,,,unresolved,unresolved,0.0,UNKNOWN,"[""asset non resolu""]",0,1,0,5,unknown,unknown,,[],0,0,1,0,0,[],[],99,[],False,True,,unresolved,0,0,[],0.0,0,unresolved,,45,5.0,0.0,0.8,34.56,0.01,,,,-1,0.003773272,28.80290282398244,14.403338048009973,28.79912955198244,0,22.5,,0.0,VERY_LOW,"[{""feature"": ""cvss_numeric"", ""impact"": -21.911, ""feature_value"": 5.0, ""direction"": ""lowers_risk""}, {""feature"": ""severity_score"", ""impact"": -21.289, ""feature_value"": 45.0, ""direction"": ""lowers_risk""}, {""feature"": ""epss_numeric"", ""impact"": -1.484, ""feature_value"": 0.0, ""direction"": ""lowers_risk""}, {""feature"": ""time_decay_factor"", ""impact"": 1.247, ""feature_value"": 0.8, ""direction"": ""raises_risk""}, {""feature"": ""confidence_score"", ""impact"": -1.024, ""feature_value"": 0.4, ""direction"": ""lowers_risk""}]",P5_BACKLOG,18.720566190394212,0,
CIS-5.7.2,finding/v7.1,cis_benchmark,,"Use `securityContext` to enable the docker/default seccomp profile in your pod definitions.
An example is as below:
  securityContext:
    seccompProfile:
      type: RuntimeDefault
",,,,,,Ensure that the seccomp profile is set to docker/default in your Pod definitions (Manual),"Ensure that the seccomp profile is set to docker/default in your Pod definitions (Manual) | remediation: Use `securityContext` to enable the docker/default seccomp profile in your pod definitions.
An example is as below:
  securityContext:
    seccompProfile:
      type: RuntimeDefault
",MEDIUM,General Policies,,"Use `securityContext` to enable the docker/default seccomp profile in your pod definitions.
An example is as below:
  securityContext:
    seccompProfile:
      type: RuntimeDefault
",policies,https://www.cisecurity.org/benchmark/kubernetes,,['kube-bench'],kube-bench,1,0.4,scanner_consensus_v1,['policies'],image_pkg,policies::general policies::CIS-5.7.2,['kube-bench'],,0,Unknown,,0.0,0.0,0,,,,,unmatched,,,,,unresolved,unresolved,0.0,UNKNOWN,"[""asset non resolu""]",0,1,0,5,unknown,unknown,,[],0,0,1,0,0,[],[],99,[],False,True,,unresolved,0,0,[],0.0,0,unresolved,,45,5.0,0.0,0.8,34.56,0.01,,,,-1,0.003773272,28.80290282398244,14.403338048009973,28.79912955198244,0,22.5,,0.0,VERY_LOW,"[{""feature"": ""cvss_numeric"", ""impact"": -21.911, ""feature_value"": 5.0, ""direction"": ""lowers_risk""}, {""feature"": ""severity_score"", ""impact"": -21.289, ""feature_value"": 45.0, ""direction"": ""lowers_risk""}, {""feature"": ""epss_numeric"", ""impact"": -1.484, ""feature_value"": 0.0, ""direction"": ""lowers_risk""}, {""feature"": ""time_decay_factor"", ""impact"": 1.247, ""feature_value"": 0.8, ""direction"": ""raises_risk""}, {""feature"": ""confidence_score"", ""impact"": -1.024, ""feature_value"": 0.4, ""direction"": ""lowers_risk""}]",P5_BACKLOG,18.720566190394212,0,
SOC-URLVULN-fb30f84e1b05,finding/v7.1,vulnerability,,"<p>Ensure that your web server, application server, load balancer, etc. is configured to set the Permissions-Policy header.</p>",,,,,,Permissions Policy Header Not Set,"<p>Permissions Policy Header is an added layer of security that helps to restrict from unauthorized access or usage of browser/client features by web resources. This policy ensures the user privacy by limiting or specifying the features of the browsers can be used by the web resources. Permissions Policy provides a set of standard HTTP headers that allow website owners to limit which features of browsers can be used by the page such as camera, microphone, location, full screen etc.</p>",MEDIUM,http://app-test:8082,,"<p>Ensure that your web server, application server, load balancer, etc. is configured to set the Permissions-Policy header.</p>",http://app-test:8082/,<p>https://developer.mozilla.org/en-US/docs/Web/HTTP/Reference/Headers/Permissions-Policy</p><p>https://developer.chrome.com/blog/feature-policy/</p><p>https://scotthelme.co.uk/a-new-security-header-f,,['OWASP ZAP'],OWASP ZAP,1,0.4,scanner_consensus_v1,['http://app-test:8082/'],url_vuln,http://app-test:8082/::10063,['OWASP ZAP'],,0,Unknown,,0.0,0.0,0,,,,,unmatched,,,,,app-test,k8s_workload_target,0.85,TRUE,"[""scanner_target_is_public_url""]",1,0,0,5,unknown,unknown,,[],0,0,0,1,0,[],[],99,[],True,False,1.0,app-test,0,0,[],21.2,1,discovered_host,,45,5.0,0.0,0.8,46.080000000000005,0.01,,,,-1,0.003773272,28.80290282398244,14.403338048009973,28.79912955198244,5,32.1,,0.0,VERY_LOW,"[{""feature"": ""cvss_numeric"", ""impact"": -21.911, ""feature_value"": 5.0, ""direction"": ""lowers_risk""}, {""feature"": ""severity_score"", ""impact"": -21.289, ""feature_value"": 45.0, ""direction"": ""lowers_risk""}, {""feature"": ""epss_numeric"", ""impact"": -1.484, ""feature_value"": 0.0, ""direction"": ""lowers_risk""}, {""feature"": ""time_decay_factor"", ""impact"": 1.247, ""feature_value"": 0.8, ""direction"": ""raises_risk""}, {""feature"": ""confidence_score"", ""impact"": -1.024, ""feature_value"": 0.4, ""direction"": ""lowers_risk""}]",P4_30D,18.720566190394212,0,
CIS-5.2.2,finding/v7.1,cis_benchmark,,"Add policies to each namespace in the cluster which has user workloads to restrict the
admission of privileged containers.
",,,,,,Minimize the admission of privileged containers (Manual),"Minimize the admission of privileged containers (Manual) | remediation: Add policies to each namespace in the cluster which has user workloads to restrict the
admission of privileged containers.
",MEDIUM,Pod Security Standards,,"Add policies to each namespace in the cluster which has user workloads to restrict the
admission of privileged containers.
",policies,https://www.cisecurity.org/benchmark/kubernetes,,['kube-bench'],kube-bench,1,0.4,scanner_consensus_v1,['policies'],image_pkg,policies::pod security standards::CIS-5.2.2,['kube-bench'],,0,Unknown,,0.0,0.0,0,,,,,unmatched,,,,,unresolved,unresolved,0.0,UNKNOWN,"[""asset non resolu""]",0,1,0,5,unknown,unknown,,[],0,0,1,0,0,[],[],99,[],False,True,,unresolved,0,0,[],0.0,0,unresolved,,45,5.0,0.0,0.8,34.56,0.01,,,,-1,0.003773272,28.80290282398244,14.403338048009973,28.79912955198244,0,22.5,,0.0,VERY_LOW,"[{""feature"": ""cvss_numeric"", ""impact"": -21.911, ""feature_value"": 5.0, ""direction"": ""lowers_risk""}, {""feature"": ""severity_score"", ""impact"": -21.289, ""feature_value"": 45.0, ""direction"": ""lowers_risk""}, {""feature"": ""epss_numeric"", ""impact"": -1.484, ""feature_value"": 0.0, ""direction"": ""lowers_risk""}, {""feature"": ""time_decay_factor"", ""impact"": 1.247, ""feature_value"": 0.8, ""direction"": ""raises_risk""}, {""feature"": ""confidence_score"", ""impact"": -1.024, ""feature_value"": 0.4, ""direction"": ""lowers_risk""}]",P5_BACKLOG,18.720566190394212,0,
CIS-5.2.3,finding/v7.1,cis_benchmark,,"Add policies to each namespace in the cluster which has user workloads to restrict the
admission of `hostPID` containers.
",,,,,,Minimize the admission of containers wishing to share the host process ID namespace (Automated),"Minimize the admission of containers wishing to share the host process ID namespace (Automated) | remediation: Add policies to each namespace in the cluster which has user workloads to restrict the
admission of `hostPID` containers.
",MEDIUM,Pod Security Standards,,"Add policies to each namespace in the cluster which has user workloads to restrict the
admission of `hostPID` containers.
",policies,https://www.cisecurity.org/benchmark/kubernetes,,['kube-bench'],kube-bench,1,0.4,scanner_consensus_v1,['policies'],image_pkg,policies::pod security standards::CIS-5.2.3,['kube-bench'],,0,Unknown,,0.0,0.0,0,,,,,unmatched,,,,,unresolved,unresolved,0.0,UNKNOWN,"[""asset non resolu""]",0,1,0,5,unknown,unknown,,[],0,0,1,0,0,[],[],99,[],False,True,,unresolved,0,0,[],0.0,0,unresolved,,45,5.0,0.0,0.8,34.56,0.01,,,,-1,0.003773272,28.80290282398244,14.403338048009973,28.79912955198244,0,22.5,,0.0,VERY_LOW,"[{""feature"": ""cvss_numeric"", ""impact"": -21.911, ""feature_value"": 5.0, ""direction"": ""lowers_risk""}, {""feature"": ""severity_score"", ""impact"": -21.289, ""feature_value"": 45.0, ""direction"": ""lowers_risk""}, {""feature"": ""epss_numeric"", ""impact"": -1.484, ""feature_value"": 0.0, ""direction"": ""lowers_risk""}, {""feature"": ""time_decay_factor"", ""impact"": 1.247, ""feature_value"": 0.8, ""direction"": ""raises_risk""}, {""feature"": ""confidence_score"", ""impact"": -1.024, ""feature_value"": 0.4, ""direction"": ""lowers_risk""}]",P5_BACKLOG,18.720566190394212,0,
CIS-5.2.4,finding/v7.1,cis_benchmark,,"Add policies to each namespace in the cluster which has user workloads to restrict the
admission of `hostIPC` containers.
",,,,,,Minimize the admission of containers wishing to share the host IPC namespace (Automated),"Minimize the admission of containers wishing to share the host IPC namespace (Automated) | remediation: Add policies to each namespace in the cluster which has user workloads to restrict the
admission of `hostIPC` containers.
",MEDIUM,Pod Security Standards,,"Add policies to each namespace in the cluster which has user workloads to restrict the
admission of `hostIPC` containers.
",policies,https://www.cisecurity.org/benchmark/kubernetes,,['kube-bench'],kube-bench,1,0.4,scanner_consensus_v1,['policies'],image_pkg,policies::pod security standards::CIS-5.2.4,['kube-bench'],,0,Unknown,,0.0,0.0,0,,,,,unmatched,,,,,unresolved,unresolved,0.0,UNKNOWN,"[""asset non resolu""]",0,1,0,5,unknown,unknown,,[],0,0,1,0,0,[],[],99,[],False,True,,unresolved,0,0,[],0.0,0,unresolved,,45,5.0,0.0,0.8,34.56,0.01,,,,-1,0.003773272,28.80290282398244,14.403338048009973,28.79912955198244,0,22.5,,0.0,VERY_LOW,"[{""feature"": ""cvss_numeric"", ""impact"": -21.911, ""feature_value"": 5.0, ""direction"": ""lowers_risk""}, {""feature"": ""severity_score"", ""impact"": -21.289, ""feature_value"": 45.0, ""direction"": ""lowers_risk""}, {""feature"": ""epss_numeric"", ""impact"": -1.484, ""feature_value"": 0.0, ""direction"": ""lowers_risk""}, {""feature"": ""time_decay_factor"", ""impact"": 1.247, ""feature_value"": 0.8, ""direction"": ""raises_risk""}, {""feature"": ""confidence_score"", ""impact"": -1.024, ""feature_value"": 0.4, ""direction"": ""lowers_risk""}]",P5_BACKLOG,18.720566190394212,0,
CIS-5.2.5,finding/v7.1,cis_benchmark,,"Add policies to each namespace in the cluster which has user workloads to restrict the
admission of `hostNetwork` containers.
",,,,,,Minimize the admission of containers wishing to share the host network namespace (Automated),"Minimize the admission of containers wishing to share the host network namespace (Automated) | remediation: Add policies to each namespace in the cluster which has user workloads to restrict the
admission of `hostNetwork` containers.
",MEDIUM,Pod Security Standards,,"Add policies to each namespace in the cluster which has user workloads to restrict the
admission of `hostNetwork` containers.
",policies,https://www.cisecurity.org/benchmark/kubernetes,,['kube-bench'],kube-bench,1,0.4,scanner_consensus_v1,['policies'],image_pkg,policies::pod security standards::CIS-5.2.5,['kube-bench'],,0,Unknown,,0.0,0.0,0,,,,,unmatched,,,,,unresolved,unresolved,0.0,UNKNOWN,"[""asset non resolu""]",0,1,0,5,unknown,unknown,,[],0,0,1,0,0,[],[],99,[],False,True,,unresolved,0,0,[],0.0,0,unresolved,,45,5.0,0.0,0.8,34.56,0.01,,,,-1,0.003773272,28.80290282398244,14.403338048009973,28.79912955198244,0,22.5,,0.0,VERY_LOW,"[{""feature"": ""cvss_numeric"", ""impact"": -21.911, ""feature_value"": 5.0, ""direction"": ""lowers_risk""}, {""feature"": ""severity_score"", ""impact"": -21.289, ""feature_value"": 45.0, ""direction"": ""lowers_risk""}, {""feature"": ""epss_numeric"", ""impact"": -1.484, ""feature_value"": 0.0, ""direction"": ""lowers_risk""}, {""feature"": ""time_decay_factor"", ""impact"": 1.247, ""feature_value"": 0.8, ""direction"": ""raises_risk""}, {""feature"": ""confidence_score"", ""impact"": -1.024, ""feature_value"": 0.4, ""direction"": ""lowers_risk""}]",P5_BACKLOG,18.720566190394212,0,
CIS-5.2.6,finding/v7.1,cis_benchmark,,"Add policies to each namespace in the cluster which has user workloads to restrict the
admission of containers with `.spec.allowPrivilegeEscalation` set to `true`.
",,,,,,Minimize the admission of containers with allowPrivilegeEscalation (Automated),"Minimize the admission of containers with allowPrivilegeEscalation (Automated) | remediation: Add policies to each namespace in the cluster which has user workloads to restrict the
admission of containers with `.spec.allowPrivilegeEscalation` set to `true`.
",MEDIUM,Pod Security Standards,,"Add policies to each namespace in the cluster which has user workloads to restrict the
admission of containers with `.spec.allowPrivilegeEscalation` set to `true`.
",policies,https://www.cisecurity.org/benchmark/kubernetes,,['kube-bench'],kube-bench,1,0.4,scanner_consensus_v1,['policies'],image_pkg,policies::pod security standards::CIS-5.2.6,['kube-bench'],,0,Unknown,,0.0,0.0,0,,,,,unmatched,,,,,unresolved,unresolved,0.0,UNKNOWN,"[""asset non resolu""]",0,1,0,5,unknown,unknown,,[],0,0,1,0,0,[],[],99,[],False,True,,unresolved,0,0,[],0.0,0,unresolved,,45,5.0,0.0,0.8,34.56,0.01,,,,-1,0.003773272,28.80290282398244,14.403338048009973,28.79912955198244,0,22.5,,0.0,VERY_LOW,"[{""feature"": ""cvss_numeric"", ""impact"": -21.911, ""feature_value"": 5.0, ""direction"": ""lowers_risk""}, {""feature"": ""severity_score"", ""impact"": -21.289, ""feature_value"": 45.0, ""direction"": ""lowers_risk""}, {""feature"": ""epss_numeric"", ""impact"": -1.484, ""feature_value"": 0.0, ""direction"": ""lowers_risk""}, {""feature"": ""time_decay_factor"", ""impact"": 1.247, ""feature_value"": 0.8, ""direction"": ""raises_risk""}, {""feature"": ""confidence_score"", ""impact"": -1.024, ""feature_value"": 0.4, ""direction"": ""lowers_risk""}]",P5_BACKLOG,18.720566190394212,0,
CIS-5.2.7,finding/v7.1,cis_benchmark,,"Create a policy for each namespace in the cluster, ensuring that either `MustRunAsNonRoot`
or `MustRunAs` with the range of UIDs not including 0, is set.
",,,,,,Minimize the admission of root containers (Automated),"Minimize the admission of root containers (Automated) | remediation: Create a policy for each namespace in the cluster, ensuring that either `MustRunAsNonRoot`
or `MustRunAs` with the range of UIDs not including 0, is set.
",MEDIUM,Pod Security Standards,,"Create a policy for each namespace in the cluster, ensuring that either `MustRunAsNonRoot`
or `MustRunAs` with the range of UIDs not including 0, is set.
",policies,https://www.cisecurity.org/benchmark/kubernetes,,['kube-bench'],kube-bench,1,0.4,scanner_consensus_v1,['policies'],image_pkg,policies::pod security standards::CIS-5.2.7,['kube-bench'],,0,Unknown,,0.0,0.0,0,,,,,unmatched,,,,,unresolved,unresolved,0.0,UNKNOWN,"[""asset non resolu""]",0,1,0,5,unknown,unknown,,[],0,0,1,0,0,[],[],99,[],False,True,,unresolved,0,0,[],0.0,0,unresolved,,45,5.0,0.0,0.8,34.56,0.01,,,,-1,0.003773272,28.80290282398244,14.403338048009973,28.79912955198244,0,22.5,,0.0,VERY_LOW,"[{""feature"": ""cvss_numeric"", ""impact"": -21.911, ""feature_value"": 5.0, ""direction"": ""lowers_risk""}, {""feature"": ""severity_score"", ""impact"": -21.289, ""feature_value"": 45.0, ""direction"": ""lowers_risk""}, {""feature"": ""epss_numeric"", ""impact"": -1.484, ""feature_value"": 0.0, ""direction"": ""lowers_risk""}, {""feature"": ""time_decay_factor"", ""impact"": 1.247, ""feature_value"": 0.8, ""direction"": ""raises_risk""}, {""feature"": ""confidence_score"", ""impact"": -1.024, ""feature_value"": 0.4, ""direction"": ""lowers_risk""}]",P5_BACKLOG,18.720566190394212,0,
CIS-4.1.1,finding/v7.1,cis_benchmark,,"Not Applicable.
The kubelet is embedded in the k3s process. There is no kubelet service file, all configuration is passed in as arguments at runtime.
",,,,,,Ensure that the kubelet service file permissions are set to 600 or more restrictive (Automated),"Ensure that the kubelet service file permissions are set to 600 or more restrictive (Automated) | remediation: Not Applicable.
The kubelet is embedded in the k3s process. There is no kubelet service file, all configuration is passed in as arguments at runtime.
",LOW,Worker Node Configuration Files,,"Not Applicable.
The kubelet is embedded in the k3s process. There is no kubelet service file, all configuration is passed in as arguments at runtime.
",node,https://www.cisecurity.org/benchmark/kubernetes,,['kube-bench'],kube-bench,1,0.4,scanner_consensus_v1,['node'],image_pkg,node::worker node configuration files::CIS-4.1.1,['kube-bench'],,0,Unknown,,0.0,0.0,0,,,,,unmatched,,,,,unresolved,unresolved,0.0,UNKNOWN,"[""asset non resolu""]",0,1,0,5,unknown,unknown,,[],0,0,1,0,0,[],[],99,[],False,True,,unresolved,0,0,[],0.0,0,unresolved,,20,5.0,0.0,0.8,15.36,0.01,,,,-1,2.6853259,28.80290282398244,15.744114342479806,26.11757692398244,0,15.6,,0.0,VERY_LOW,"[{""feature"": ""severity_score"", ""impact"": -25.889, ""feature_value"": 20.0, ""direction"": ""lowers_risk""}, {""feature"": ""cvss_numeric"", ""impact"": -14.323, ""feature_value"": 5.0, ""direction"": ""lowers_risk""}, {""feature"": ""epss_numeric"", ""impact"": -1.538, ""feature_value"": 0.0, ""direction"": ""lowers_risk""}, {""feature"": ""confidence_score"", ""impact"": -1.034, ""feature_value"": 0.4, ""direction"": ""lowers_risk""}, {""feature"": ""time_decay_factor"", ""impact"": 1.005, ""feature_value"": 0.8, ""direction"": ""raises_risk""}]",P5_BACKLOG,17.78202276473516,0,
GHSA-qqpg-mvqg-649v,finding/v7.1,vulnerability,1.2.5,1.5.25,,,,,,Logback allows an attacker to instantiate classes already present on the class path,Logback allows an attacker to instantiate classes already present on the class path,LOW,logback-core,1.8,1.5.25,logback-core v1.2.5,https://github.com/advisories/GHSA-qqpg-mvqg-649v,,['Grype'],Grype,1,0.4,scanner_consensus_v1,['logback-core v1.2.5'],pkg_version,logback-core@1.2.5::GHSA-QQPG-MVQG-649V,['Grype'],,0,Unknown,,0.0,0.0,0,logback-core,pkg:maven/ch.qos.logback/logback-core@1.2.5?type=jar,1.2.5,,name_version,farahh448/timesheet-devops,sha256:7b0272947968067c8962590fa528cd14c1110e7c62c0023979032d2e3affeae4,,,timesheet-devops,image_digest,1.0,FALSE,"[""no Ingress"", ""no LoadBalancer/NodePort externe confirme"", ""Service/timesheet-devops type=ClusterIP""]",0,0,1,7,prod,platform,default,['internal-service'],0,0,1,0,0,[],[],99,[],True,False,0.0,timesheet-devops,0,0,[],19.0,1,deployment,20.0,20,1.8,0.0,0.8,17.2032,0.01,27.571999069154387,15.000701904296877,40.1432962340119,3,19.998327,28.80290282398244,24.40061503961573,8.80457582398244,0,21.5,23.4,0.0,VERY_LOW,"[{""feature"": ""severity_score"", ""impact"": -24.969, ""feature_value"": 20.0, ""direction"": ""lowers_risk""}, {""feature"": ""time_decay_factor"", ""impact"": 1.74, ""feature_value"": 0.8, ""direction"": ""raises_risk""}, {""feature"": ""epss_numeric"", ""impact"": -1.183, ""feature_value"": 0.0, ""direction"": ""lowers_risk""}, {""feature"": ""confidence_score"", ""impact"": -0.898, ""feature_value"": 0.4, ""direction"": ""lowers_risk""}, {""feature"": ""cvss_numeric"", ""impact"": 0.844, ""feature_value"": 1.8, ""direction"": ""raises_risk""}]",P5_BACKLOG,11.722472423875939,0,
GHSA-4wp7-92pw-q264,finding/v7.1,vulnerability,5.3.9,No fix,,,,,,Spring Framework DataBinder Case Sensitive Match Exception,Spring Framework DataBinder Case Sensitive Match Exception,LOW,spring-context,3.1,No fix,spring-context v5.3.9,https://github.com/advisories/GHSA-4wp7-92pw-q264,,['Grype'],Grype,1,0.4,scanner_consensus_v1,['spring-context v5.3.9'],pkg_version,spring-context@5.3.9::GHSA-4WP7-92PW-Q264,['Grype'],,0,Unknown,,0.0,0.0,0,spring-context,pkg:maven/org.springframework/spring-context@5.3.39?type=jar,5.3.39,,name,farahh448/timesheet-devops,sha256:7b0272947968067c8962590fa528cd14c1110e7c62c0023979032d2e3affeae4,,,timesheet-devops,image_digest,1.0,FALSE,"[""no Ingress"", ""no LoadBalancer/NodePort externe confirme"", ""Service/timesheet-devops type=ClusterIP""]",0,0,1,7,prod,platform,default,['internal-service'],0,0,1,0,0,[],[],99,[],True,False,0.0,timesheet-devops,0,0,[],19.0,1,deployment,18.0,20,3.1,0.0,0.8,17.2032,0.01,27.571999069154387,15.000701904296877,40.1432962340119,3,18.000141,28.80290282398244,23.401521983890632,10.80276182398244,0,20.9,23.4,0.0,VERY_LOW,"[{""feature"": ""severity_score"", ""impact"": -25.655, ""feature_value"": 20.0, ""direction"": ""lowers_risk""}, {""feature"": ""time_decay_factor"", ""impact"": 1.671, ""feature_value"": 0.8, ""direction"": ""raises_risk""}, {""feature"": ""epss_numeric"", ""impact"": -1.221, ""feature_value"": 0.0, ""direction"": ""lowers_risk""}, {""feature"": ""confidence_score"", ""impact"": -0.898, ""feature_value"": 0.4, ""direction"": ""lowers_risk""}, {""feature"": ""cvss_numeric"", ""impact"": -0.362, ""feature_value"": 3.1, ""direction"": ""lowers_risk""}]",P5_BACKLOG,12.42183750715841,0,
GHSA-6v67-2wr5-gvf4,finding/v7.1,vulnerability,1.2.5,1.3.15,,,,,,QOS.CH logback-core Server-Side Request Forgery vulnerability,QOS.CH logback-core Server-Side Request Forgery vulnerability,LOW,logback-core,2.4,1.3.15,logback-core v1.2.5,https://github.com/advisories/GHSA-6v67-2wr5-gvf4,,['Grype'],Grype,1,0.4,scanner_consensus_v1,['logback-core v1.2.5'],pkg_version,logback-core@1.2.5::GHSA-6V67-2WR5-GVF4,['Grype'],,0,Unknown,,0.0,0.0,0,logback-core,pkg:maven/ch.qos.logback/logback-core@1.2.5?type=jar,1.2.5,,name_version,farahh448/timesheet-devops,sha256:7b0272947968067c8962590fa528cd14c1110e7c62c0023979032d2e3affeae4,,,timesheet-devops,image_digest,1.0,FALSE,"[""no Ingress"", ""no LoadBalancer/NodePort externe confirme"", ""Service/timesheet-devops type=ClusterIP""]",0,0,1,7,prod,platform,default,['internal-service'],0,0,1,0,0,[],[],99,[],True,False,0.0,timesheet-devops,0,0,[],19.0,1,deployment,20.0,20,2.4,0.0,0.8,17.2032,0.01,27.571999069154387,15.000701904296877,40.1432962340119,3,19.998466,28.80290282398244,24.400684657840827,8.804436823982439,0,21.5,23.4,0.0,VERY_LOW,"[{""feature"": ""severity_score"", ""impact"": -24.929, ""feature_value"": 20.0, ""direction"": ""lowers_risk""}, {""feature"": ""time_decay_factor"", ""impact"": 1.739, ""feature_value"": 0.8, ""direction"": ""raises_risk""}, {""feature"": ""epss_numeric"", ""impact"": -1.195, ""feature_value"": 0.0, ""direction"": ""lowers_risk""}, {""feature"": ""confidence_score"", ""impact"": -0.898, ""feature_value"": 0.4, ""direction"": ""lowers_risk""}, {""feature"": ""cvss_numeric"", ""impact"": 0.817, ""feature_value"": 2.4, ""direction"": ""raises_risk""}]",P5_BACKLOG,11.722423809343468,0,
GHSA-6hcq-hmm3-jj3c,finding/v7.1,vulnerability,5.3.9,No fix,,,,,,Spring MVC and WebFlux has Server Sent Event stream corruption,Spring MVC and WebFlux has Server Sent Event stream corruption,LOW,spring-webmvc,2.6,No fix,spring-webmvc v5.3.9,https://github.com/advisories/GHSA-6hcq-hmm3-jj3c,,['Grype'],Grype,1,0.4,scanner_consensus_v1,['spring-webmvc v5.3.9'],pkg_version,spring-webmvc@5.3.9::GHSA-6HCQ-HMM3-JJ3C,['Grype'],,0,Unknown,,0.0,0.0,0,spring-webmvc,pkg:maven/org.springframework/spring-webmvc@5.3.39?type=jar,5.3.39,,name,farahh448/timesheet-devops,sha256:7b0272947968067c8962590fa528cd14c1110e7c62c0023979032d2e3affeae4,,,timesheet-devops,image_digest,1.0,FALSE,"[""no Ingress"", ""no LoadBalancer/NodePort externe confirme"", ""Service/timesheet-devops type=ClusterIP""]",0,0,1,7,prod,platform,default,['internal-service'],0,0,1,0,0,[],[],99,[],True,False,0.0,timesheet-devops,0,0,[],19.0,1,deployment,15.0,20,2.6,0.0,0.8,17.2032,0.01,25.142631175243128,19.997358322143555,30.2879040283427,4,15.001594,28.80290282398244,21.90224820688257,13.801308823982438,0,20.0,22.0,0.0,VERY_LOW,"[{""feature"": ""severity_score"", ""impact"": -25.755, ""feature_value"": 20.0, ""direction"": ""lowers_risk""}, {""feature"": ""cvss_numeric"", ""impact"": -3.185, ""feature_value"": 2.6, ""direction"": ""lowers_risk""}, {""feature"": ""time_decay_factor"", ""impact"": 1.67, ""feature_value"": 0.8, ""direction"": ""raises_risk""}, {""feature"": ""epss_numeric"", ""impact"": -1.295, ""feature_value"": 0.0, ""direction"": ""lowers_risk""}, {""feature"": ""confidence_score"", ""impact"": -0.898, ""feature_value"": 0.4, ""direction"": ""lowers_risk""}]",P5_BACKLOG,13.471328874055992,0,
GHSA-qq5r-98hh-rxc9,finding/v7.1,vulnerability,9.0.52,9.0.113,,,,,,Apache Tomcat - Security constraint bypass with HTTP/0.9,Apache Tomcat - Security constraint bypass with HTTP/0.9,LOW,tomcat-embed-core,2.7,9.0.113,tomcat-embed-core v9.0.52,https://github.com/advisories/GHSA-qq5r-98hh-rxc9,,['Grype'],Grype,1,0.4,scanner_consensus_v1,['tomcat-embed-core v9.0.52'],pkg_version,tomcat-embed-core@9.0.52::GHSA-QQ5R-98HH-RXC9,['Grype'],,0,Unknown,,0.0,0.0,0,tomcat-embed-core,pkg:maven/org.apache.tomcat.embed/tomcat-embed-core@9.0.113?type=jar,9.0.113,,name,farahh448/timesheet-devops,sha256:7b0272947968067c8962590fa528cd14c1110e7c62c0023979032d2e3affeae4,,,timesheet-devops,image_digest,1.0,FALSE,"[""no Ingress"", ""no LoadBalancer/NodePort externe confirme"", ""Service/timesheet-devops type=ClusterIP""]",0,0,1,7,prod,platform,default,['internal-service'],0,0,1,0,0,[],[],99,[],True,False,0.0,timesheet-devops,0,0,[],19.0,1,deployment,18.0,20,2.7,0.0,0.8,17.2032,0.01,27.571999069154387,15.000701904296877,40.1432962340119,3,18.000141,28.80290282398244,23.401521983890632,10.80276182398244,0,20.9,23.4,0.0,VERY_LOW,"[{""feature"": ""severity_score"", ""impact"": -25.655, ""feature_value"": 20.0, ""direction"": ""lowers_risk""}, {""feature"": ""time_decay_factor"", ""impact"": 1.671, ""feature_value"": 0.8, ""direction"": ""raises_risk""}, {""feature"": ""epss_numeric"", ""impact"": -1.221, ""feature_value"": 0.0, ""direction"": ""lowers_risk""}, {""feature"": ""confidence_score"", ""impact"": -0.898, ""feature_value"": 0.4, ""direction"": ""lowers_risk""}, {""feature"": ""cvss_numeric"", ""impact"": -0.362, ""feature_value"": 2.7, ""direction"": ""lowers_risk""}]",P5_BACKLOG,12.42183750715841,0,
GHSA-hgrr-935x-pq79,finding/v7.1,vulnerability,9.0.52,9.0.110,,,,,,Apache Tomcat Vulnerable to Improper Resource Shutdown or Release,Apache Tomcat Vulnerable to Improper Resource Shutdown or Release,LOW,tomcat-embed-core,2.3,9.0.110,tomcat-embed-core v9.0.52,https://github.com/advisories/GHSA-hgrr-935x-pq79,,['Grype'],Grype,1,0.4,scanner_consensus_v1,['tomcat-embed-core v9.0.52'],pkg_version,tomcat-embed-core@9.0.52::GHSA-HGRR-935X-PQ79,['Grype'],,0,Unknown,,0.0,0.0,0,tomcat-embed-core,pkg:maven/org.apache.tomcat.embed/tomcat-embed-core@9.0.113?type=jar,9.0.113,,name,farahh448/timesheet-devops,sha256:7b0272947968067c8962590fa528cd14c1110e7c62c0023979032d2e3affeae4,,,timesheet-devops,image_digest,1.0,FALSE,"[""no Ingress"", ""no LoadBalancer/NodePort externe confirme"", ""Service/timesheet-devops type=ClusterIP""]",0,0,1,7,prod,platform,default,['internal-service'],0,0,1,0,0,[],[],99,[],True,False,0.0,timesheet-devops,0,0,[],19.0,1,deployment,18.0,20,2.3,0.0,0.8,17.2032,0.01,27.571999069154387,15.000701904296877,40.1432962340119,3,18.001438,28.80290282398244,23.402170482425788,10.801464823982439,0,20.9,23.4,0.0,VERY_LOW,"[{""feature"": ""severity_score"", ""impact"": -25.255, ""feature_value"": 20.0, ""direction"": ""lowers_risk""}, {""feature"": ""time_decay_factor"", ""impact"": 1.737, ""feature_value"": 0.8, ""direction"": ""raises_risk""}, {""feature"": ""epss_numeric"", ""impact"": -1.281, ""feature_value"": 0.0, ""direction"": ""lowers_risk""}, {""feature"": ""confidence_score"", ""impact"": -0.898, ""feature_value"": 0.4, ""direction"": ""lowers_risk""}, {""feature"": ""cvss_numeric"", ""impact"": -0.766, ""feature_value"": 2.3, ""direction"": ""lowers_risk""}]",P5_BACKLOG,12.421383556718956,0,
GHSA-h2fw-rfh5-95r3,finding/v7.1,vulnerability,9.0.52,9.0.105,,,,,,Apache Tomcat - CGI security constraint bypass,Apache Tomcat - CGI security constraint bypass,LOW,tomcat-embed-core,1.7,9.0.105,tomcat-embed-core v9.0.52,https://github.com/advisories/GHSA-h2fw-rfh5-95r3,,['Grype'],Grype,1,0.4,scanner_consensus_v1,['tomcat-embed-core v9.0.52'],pkg_version,tomcat-embed-core@9.0.52::GHSA-H2FW-RFH5-95R3,['Grype'],,0,Unknown,,0.0,0.0,0,tomcat-embed-core,pkg:maven/org.apache.tomcat.embed/tomcat-embed-core@9.0.113?type=jar,9.0.113,,name,farahh448/timesheet-devops,sha256:7b0272947968067c8962590fa528cd14c1110e7c62c0023979032d2e3affeae4,,,timesheet-devops,image_digest,1.0,FALSE,"[""no Ingress"", ""no LoadBalancer/NodePort externe confirme"", ""Service/timesheet-devops type=ClusterIP""]",0,0,1,7,prod,platform,default,['internal-service'],0,0,1,0,0,[],[],99,[],True,False,0.0,timesheet-devops,0,0,[],19.0,1,deployment,0.0,20,1.7,0.0,0.8,17.2032,0.01,27.571999069154387,15.000701904296877,40.1432962340119,3,0.0012454118,28.80290282398244,14.402074117896918,28.80165741218244,0,15.5,23.4,0.0,VERY_LOW,"[{""feature"": ""severity_score"", ""impact"": -28.006, ""feature_value"": 20.0, ""direction"": ""lowers_risk""}, {""feature"": ""cvss_numeric"", ""impact"": -14.534, ""feature_value"": 1.7, ""direction"": ""lowers_risk""}, {""feature"": ""confidence_score"", ""impact"": -1.551, ""feature_value"": 0.4, ""direction"": ""lowers_risk""}, {""feature"": ""epss_numeric"", ""impact"": -1.267, ""feature_value"": 0.0, ""direction"": ""lowers_risk""}, {""feature"": ""time_decay_factor"", ""impact"": 0.893, ""feature_value"": 0.8, ""direction"": ""raises_risk""}]",P5_BACKLOG,18.721450941460297,0,
GHSA-vfww-5hm6-hx2j,finding/v7.1,vulnerability,9.0.52,9.0.109,,,,,,"Apache Tomcat Vulnerable to Improper Neutralization of Escape, Meta, or Control Sequences","Apache Tomcat Vulnerable to Improper Neutralization of Escape, Meta, or Control Sequences",LOW,tomcat-embed-core,9.6,9.0.109,tomcat-embed-core v9.0.52,https://github.com/advisories/GHSA-vfww-5hm6-hx2j,,['Grype'],Grype,1,0.4,scanner_consensus_v1,['tomcat-embed-core v9.0.52'],pkg_version,tomcat-embed-core@9.0.52::GHSA-VFWW-5HM6-HX2J,['Grype'],,0,Unknown,,0.0,0.0,0,tomcat-embed-core,pkg:maven/org.apache.tomcat.embed/tomcat-embed-core@9.0.113?type=jar,9.0.113,,name,farahh448/timesheet-devops,sha256:7b0272947968067c8962590fa528cd14c1110e7c62c0023979032d2e3affeae4,,,timesheet-devops,image_digest,1.0,FALSE,"[""no Ingress"", ""no LoadBalancer/NodePort externe confirme"", ""Service/timesheet-devops type=ClusterIP""]",0,0,1,7,prod,platform,default,['internal-service'],0,0,1,0,0,[],[],99,[],True,False,0.0,timesheet-devops,0,0,[],19.0,1,deployment,20.0,20,9.6,0.0,0.8,17.2032,0.01,56.06110376389079,62.50168228149414,49.62052524628742,2,19.998755,47.27675522587585,33.63775486360932,27.278000225875854,0,27.1,40.5,0.133,VERY_LOW,"[{""feature"": ""severity_score"", ""impact"": -25.838, ""feature_value"": 20.0, ""direction"": ""lowers_risk""}, {""feature"": ""time_decay_factor"", ""impact"": 2.515, ""feature_value"": 0.8, ""direction"": ""raises_risk""}, {""feature"": ""epss_numeric"", ""impact"": -0.413, ""feature_value"": 0.0, ""direction"": ""lowers_risk""}, {""feature"": ""confidence_score"", ""impact"": -0.38, ""feature_value"": 0.4, ""direction"": ""lowers_risk""}, {""feature"": ""cvss_numeric"", ""impact"": -0.35, ""feature_value"": 9.6, ""direction"": ""lowers_risk""}]",P5_BACKLOG,23.730326572020722,0,
SOC-IMAGEPKG-0199d01fd976,finding/v7.1,container_hardening,,Corriger le Dockerfile / l image de base,,,,,,Avoid empty password,"failed to detect etc/shadow,etc/master.passwd",LOW,container_image,,Corriger le Dockerfile / l image de base,timesheet-devops:build-673,https://github.com/goodwithtech/dockle/blob/master/CHECKPOINT.md,,['Dockle'],Dockle,1,0.4,scanner_consensus_v1,['timesheet-devops:build-673'],image_pkg,timesheet-devops:build-673::container_image::DKL-LI-0001,['Dockle'],,0,Unknown,,0.0,0.0,0,,,,,unmatched,,,,,timesheet-devops,k8s_workload_target,0.85,FALSE,"[""no Ingress"", ""no LoadBalancer/NodePort externe confirme"", ""Service/timesheet-devops type=ClusterIP""]",0,0,1,7,prod,platform,default,['internal-service'],0,0,1,0,0,[],[],99,[],True,False,0.0,timesheet-devops,0,0,[],19.0,1,deployment,,20,5.0,0.0,0.8,17.2032,0.01,,,,-1,2.6853259,28.80290282398244,15.744114342479806,26.11757692398244,0,16.3,,0.0,VERY_LOW,"[{""feature"": ""severity_score"", ""impact"": -25.889, ""feature_value"": 20.0, ""direction"": ""lowers_risk""}, {""feature"": ""cvss_numeric"", ""impact"": -14.323, ""feature_value"": 5.0, ""direction"": ""lowers_risk""}, {""feature"": ""epss_numeric"", ""impact"": -1.538, ""feature_value"": 0.0, ""direction"": ""lowers_risk""}, {""feature"": ""confidence_score"", ""impact"": -1.034, ""feature_value"": 0.4, ""direction"": ""lowers_risk""}, {""feature"": ""time_decay_factor"", ""impact"": 1.005, ""feature_value"": 0.8, ""direction"": ""raises_risk""}]",P5_BACKLOG,17.78202276473516,0,
CIS-4.1.10,finding/v7.1,cis_benchmark,,"Not Applicable.
The kubelet is embedded in the k3s process. There is no kubelet config file, all configuration is passed in as arguments at runtime.
",,,,,,If the kubelet config.yaml configuration file is being used validate file ownership is set to root:root (Automated),"If the kubelet config.yaml configuration file is being used validate file ownership is set to root:root (Automated) | remediation: Not Applicable.
The kubelet is embedded in the k3s process. There is no kubelet config file, all configuration is passed in as arguments at runtime.
",LOW,Worker Node Configuration Files,,"Not Applicable.
The kubelet is embedded in the k3s process. There is no kubelet config file, all configuration is passed in as arguments at runtime.
",node,https://www.cisecurity.org/benchmark/kubernetes,,['kube-bench'],kube-bench,1,0.4,scanner_consensus_v1,['node'],image_pkg,node::worker node configuration files::CIS-4.1.10,['kube-bench'],,0,Unknown,,0.0,0.0,0,,,,,unmatched,,,,,unresolved,unresolved,0.0,UNKNOWN,"[""asset non resolu""]",0,1,0,5,unknown,unknown,,[],0,0,1,0,0,[],[],99,[],False,True,,unresolved,0,0,[],0.0,0,unresolved,,20,5.0,0.0,0.8,15.36,0.01,,,,-1,2.6853259,28.80290282398244,15.744114342479806,26.11757692398244,0,15.6,,0.0,VERY_LOW,"[{""feature"": ""severity_score"", ""impact"": -25.889, ""feature_value"": 20.0, ""direction"": ""lowers_risk""}, {""feature"": ""cvss_numeric"", ""impact"": -14.323, ""feature_value"": 5.0, ""direction"": ""lowers_risk""}, {""feature"": ""epss_numeric"", ""impact"": -1.538, ""feature_value"": 0.0, ""direction"": ""lowers_risk""}, {""feature"": ""confidence_score"", ""impact"": -1.034, ""feature_value"": 0.4, ""direction"": ""lowers_risk""}, {""feature"": ""time_decay_factor"", ""impact"": 1.005, ""feature_value"": 0.8, ""direction"": ""raises_risk""}]",P5_BACKLOG,17.78202276473516,0,
CIS-4.1.2,finding/v7.1,cis_benchmark,,"Not Applicable.
The kubelet is embedded in the k3s process. There is no kubelet service file, all configuration is passed in as arguments at runtime.
",,,,,,Ensure that the kubelet service file ownership is set to root:root (Automated),"Ensure that the kubelet service file ownership is set to root:root (Automated) | remediation: Not Applicable.
The kubelet is embedded in the k3s process. There is no kubelet service file, all configuration is passed in as arguments at runtime.
",LOW,Worker Node Configuration Files,,"Not Applicable.
The kubelet is embedded in the k3s process. There is no kubelet service file, all configuration is passed in as arguments at runtime.
",node,https://www.cisecurity.org/benchmark/kubernetes,,['kube-bench'],kube-bench,1,0.4,scanner_consensus_v1,['node'],image_pkg,node::worker node configuration files::CIS-4.1.2,['kube-bench'],,0,Unknown,,0.0,0.0,0,,,,,unmatched,,,,,unresolved,unresolved,0.0,UNKNOWN,"[""asset non resolu""]",0,1,0,5,unknown,unknown,,[],0,0,1,0,0,[],[],99,[],False,True,,unresolved,0,0,[],0.0,0,unresolved,,20,5.0,0.0,0.8,15.36,0.01,,,,-1,2.6853259,28.80290282398244,15.744114342479806,26.11757692398244,0,15.6,,0.0,VERY_LOW,"[{""feature"": ""severity_score"", ""impact"": -25.889, ""feature_value"": 20.0, ""direction"": ""lowers_risk""}, {""feature"": ""cvss_numeric"", ""impact"": -14.323, ""feature_value"": 5.0, ""direction"": ""lowers_risk""}, {""feature"": ""epss_numeric"", ""impact"": -1.538, ""feature_value"": 0.0, ""direction"": ""lowers_risk""}, {""feature"": ""confidence_score"", ""impact"": -1.034, ""feature_value"": 0.4, ""direction"": ""lowers_risk""}, {""feature"": ""time_decay_factor"", ""impact"": 1.005, ""feature_value"": 0.8, ""direction"": ""raises_risk""}]",P5_BACKLOG,17.78202276473516,0,
CIS-4.2.8,finding/v7.1,cis_benchmark,,"Not Applicable.
By default, K3s does set the --hostname-override argument. Per CIS guidelines, this is to comply
with cloud providers that require this flag to ensure that hostname matches node names.",,,,,,Ensure that the --hostname-override argument is not set (Automated),"Ensure that the --hostname-override argument is not set (Automated) | remediation: Not Applicable.
By default, K3s does set the --hostname-override argument. Per CIS guidelines, this is to comply
with cloud providers that require this flag to ensure that hostname matches node names.
",LOW,Kubelet,,"Not Applicable.
By default, K3s does set the --hostname-override argument. Per CIS guidelines, this is to comply
with cloud providers that require this flag to ensure that hostname matches node names.",node,https://www.cisecurity.org/benchmark/kubernetes,,['kube-bench'],kube-bench,1,0.4,scanner_consensus_v1,['node'],image_pkg,node::kubelet::CIS-4.2.8,['kube-bench'],,0,Unknown,,0.0,0.0,0,,,,,unmatched,,,,,unresolved,unresolved,0.0,UNKNOWN,"[""asset non resolu""]",0,1,0,5,unknown,unknown,,[],0,0,1,0,0,[],[],99,[],False,True,,unresolved,0,0,[],0.0,0,unresolved,,20,5.0,0.0,0.8,15.36,0.01,,,,-1,2.6853259,28.80290282398244,15.744114342479806,26.11757692398244,0,15.6,,0.0,VERY_LOW,"[{""feature"": ""severity_score"", ""impact"": -25.889, ""feature_value"": 20.0, ""direction"": ""lowers_risk""}, {""feature"": ""cvss_numeric"", ""impact"": -14.323, ""feature_value"": 5.0, ""direction"": ""lowers_risk""}, {""feature"": ""epss_numeric"", ""impact"": -1.538, ""feature_value"": 0.0, ""direction"": ""lowers_risk""}, {""feature"": ""confidence_score"", ""impact"": -1.034, ""feature_value"": 0.4, ""direction"": ""lowers_risk""}, {""feature"": ""time_decay_factor"", ""impact"": 1.005, ""feature_value"": 0.8, ""direction"": ""raises_risk""}]",P5_BACKLOG,17.78202276473516,0,
CIS-4.1.9,finding/v7.1,cis_benchmark,,"Not Applicable.
The kubelet is embedded in the k3s process. There is no kubelet config file, all configuration is passed in as arguments at runtime.
",,,,,,If the kubelet config.yaml configuration file is being used validate permissions set to 600 or more restrictive (Automated),"If the kubelet config.yaml configuration file is being used validate permissions set to 600 or more restrictive (Automated) | remediation: Not Applicable.
The kubelet is embedded in the k3s process. There is no kubelet config file, all configuration is passed in as arguments at runtime.
",LOW,Worker Node Configuration Files,,"Not Applicable.
The kubelet is embedded in the k3s process. There is no kubelet config file, all configuration is passed in as arguments at runtime.
",node,https://www.cisecurity.org/benchmark/kubernetes,,['kube-bench'],kube-bench,1,0.4,scanner_consensus_v1,['node'],image_pkg,node::worker node configuration files::CIS-4.1.9,['kube-bench'],,0,Unknown,,0.0,0.0,0,,,,,unmatched,,,,,unresolved,unresolved,0.0,UNKNOWN,"[""asset non resolu""]",0,1,0,5,unknown,unknown,,[],0,0,1,0,0,[],[],99,[],False,True,,unresolved,0,0,[],0.0,0,unresolved,,20,5.0,0.0,0.8,15.36,0.01,,,,-1,2.6853259,28.80290282398244,15.744114342479806,26.11757692398244,0,15.6,,0.0,VERY_LOW,"[{""feature"": ""severity_score"", ""impact"": -25.889, ""feature_value"": 20.0, ""direction"": ""lowers_risk""}, {""feature"": ""cvss_numeric"", ""impact"": -14.323, ""feature_value"": 5.0, ""direction"": ""lowers_risk""}, {""feature"": ""epss_numeric"", ""impact"": -1.538, ""feature_value"": 0.0, ""direction"": ""lowers_risk""}, {""feature"": ""confidence_score"", ""impact"": -1.034, ""feature_value"": 0.4, ""direction"": ""lowers_risk""}, {""feature"": ""time_decay_factor"", ""impact"": 1.005, ""feature_value"": 0.8, ""direction"": ""raises_risk""}]",P5_BACKLOG,17.78202276473516,0,
SOC-URLVULN-467249459688,finding/v7.1,vulnerability,,"<p>The content may be marked as storable by ensuring that the following conditions are satisfied:</p><p>The request method must be understood by the cache and defined as being cacheable (""GET"", ""HEAD"", and ""POST"" are currently defined as cacheable)</p><p>The response status code must be understood by the cache (one of the 1XX, 2XX, 3XX, 4XX, or 5XX response classes are generally understood)</p><p>The ""no-store"" cache directive must not appear in the request or response header fields</p><p>For caching by ""shared"" caches such as ""proxy"" caches, the ""private"" response directive must not appear in the response</p><p>For caching by ""shared"" caches such as ""proxy"" caches, the ""Authorization"" header field must not appear in the request, unless the response explicitly allows it (using one of the ""must-revalidate"", ""public"", or ""s-maxage"" Cache-Control response directives)</p><p>In addition to the conditions above, at least one of the following conditions must also be satisfied by the response:</p><p>It must contain an ""Expires"" header field</p><p>It must contain a ""max-age"" response directive</p><p>For ""shared"" caches such as ""proxy"" caches, it must contain a ""s-maxage"" response directive</p><p>It must contain a ""Cache Control Extension"" that allows it to be cached</p><p>It must have a status code that is defined as cacheable by default (200, 203, 204, 206, 300, 301, 404, 405, 410, 414, 501).</p>",,,,,,Non-Storable Content,"<p>The response contents are not storable by caching components such as proxy servers. If the response does not contain sensitive, personal or user-specific information, it may benefit from being stored and cached, to improve performance.</p>",LOW,http://app-test:8082,,"<p>The content may be marked as storable by ensuring that the following conditions are satisfied:</p><p>The request method must be understood by the cache and defined as being cacheable (""GET"", ""HEAD"", and ""POST"" are currently defined as cacheable)</p><p>The response status code must be understood by the cache (one of the 1XX, 2XX, 3XX, 4XX, or 5XX response classes are generally understood)</p><p>The ""no-store"" cache directive must not appear in the request or response header fields</p><p>For caching by ""shared"" caches such as ""proxy"" caches, the ""private"" response directive must not appear in the response</p><p>For caching by ""shared"" caches such as ""proxy"" caches, the ""Authorization"" header field must not appear in the request, unless the response explicitly allows it (using one of the ""must-revalidate"", ""public"", or ""s-maxage"" Cache-Control response directives)</p><p>In addition to the conditions above, at least one of the following conditions must also be satisfied by the response:</p><p>It must contain an ""Expires"" header field</p><p>It must contain a ""max-age"" response directive</p><p>For ""shared"" caches such as ""proxy"" caches, it must contain a ""s-maxage"" response directive</p><p>It must contain a ""Cache Control Extension"" that allows it to be cached</p><p>It must have a status code that is defined as cacheable by default (200, 203, 204, 206, 300, 301, 404, 405, 410, 414, 501).</p>",http://app-test:8082/timesheet-devops,<p>https://datatracker.ietf.org/doc/html/rfc7234</p><p>https://datatracker.ietf.org/doc/html/rfc7231</p><p>https://www.w3.org/Protocols/rfc2616/rfc2616-sec13.html</p>,,['OWASP ZAP'],OWASP ZAP,1,0.4,scanner_consensus_v1,['http://app-test:8082/timesheet-devops'],url_vuln,http://app-test:8082/timesheet-devops::10049,['OWASP ZAP'],,0,Unknown,,0.0,0.0,0,,,,,unmatched,,,,,timesheet-devops,k8s_workload_target,0.7,FALSE,"[""no Ingress"", ""no LoadBalancer/NodePort externe confirme"", ""Service/timesheet-devops type=ClusterIP""]",0,0,1,7,prod,platform,default,['internal-service'],0,0,0,1,0,[],[],99,[],True,False,0.0,timesheet-devops,0,0,[],19.0,1,deployment,,20,5.0,0.0,0.8,17.2032,0.01,,,,-1,2.6853259,28.80290282398244,15.744114342479806,26.11757692398244,0,16.3,,0.0,VERY_LOW,"[{""feature"": ""severity_score"", ""impact"": -25.889, ""feature_value"": 20.0, ""direction"": ""lowers_risk""}, {""feature"": ""cvss_numeric"", ""impact"": -14.323, ""feature_value"": 5.0, ""direction"": ""lowers_risk""}, {""feature"": ""epss_numeric"", ""impact"": -1.538, ""feature_value"": 0.0, ""direction"": ""lowers_risk""}, {""feature"": ""confidence_score"", ""impact"": -1.034, ""feature_value"": 0.4, ""direction"": ""lowers_risk""}, {""feature"": ""time_decay_factor"", ""impact"": 1.005, ""feature_value"": 0.8, ""direction"": ""raises_risk""}]",P5_BACKLOG,17.78202276473516,0,
SOC-URLVULN-54a6dfe53a49,finding/v7.1,vulnerability,,"<p>Validate that the response does not contain sensitive, personal or user-specific information. If it does, consider the use of the following HTTP response headers, to limit, or prevent the content being stored and retrieved from the cache by another user:</p><p>Cache-Control: no-cache, no-store, must-revalidate, private</p><p>Pragma: no-cache</p><p>Expires: 0</p><p>This configuration directs both HTTP 1.0 and HTTP 1.1 compliant caching servers to not store the response, and to not retrieve the response (without validation) from the cache, in response to a similar request.</p>",,,,,,Storable and Cacheable Content,"<p>The response contents are storable by caching components such as proxy servers, and may be retrieved directly from the cache, rather than from the origin server by the caching servers, in response to similar requests from other users. If the response data is sensitive, personal or user-specific, this may result in sensitive information being leaked. In some cases, this may even result in a user gaining complete control of the session of another user, depending on the configuration of the caching components in use in their environment. This is primarily an issue where ""shared"" caching servers such as ""proxy"" caches are configured on the local network. This configuration is typically found in corporate or educational environments, for instance.</p>",LOW,http://app-test:8082,,"<p>Validate that the response does not contain sensitive, personal or user-specific information. If it does, consider the use of the following HTTP response headers, to limit, or prevent the content being stored and retrieved from the cache by another user:</p><p>Cache-Control: no-cache, no-store, must-revalidate, private</p><p>Pragma: no-cache</p><p>Expires: 0</p><p>This configuration directs both HTTP 1.0 and HTTP 1.1 compliant caching servers to not store the response, and to not retrieve the response (without validation) from the cache, in response to a similar request.</p>",http://app-test:8082/,<p>https://datatracker.ietf.org/doc/html/rfc7234</p><p>https://datatracker.ietf.org/doc/html/rfc7231</p><p>https://www.w3.org/Protocols/rfc2616/rfc2616-sec13.html</p>,,['OWASP ZAP'],OWASP ZAP,1,0.4,scanner_consensus_v1,['http://app-test:8082/'],url_vuln,http://app-test:8082/::10049,['OWASP ZAP'],,0,Unknown,,0.0,0.0,0,,,,,unmatched,,,,,app-test,k8s_workload_target,0.85,TRUE,"[""scanner_target_is_public_url""]",1,0,0,5,unknown,unknown,,[],0,0,0,1,0,[],[],99,[],True,False,1.0,app-test,0,0,[],15.0,1,discovered_host,,20,5.0,0.0,0.8,26.880000000000003,0.01,,,,-1,2.6853259,28.80290282398244,15.744114342479806,26.11757692398244,5,25.2,,0.0,VERY_LOW,"[{""feature"": ""severity_score"", ""impact"": -25.889, ""feature_value"": 20.0, ""direction"": ""lowers_risk""}, {""feature"": ""cvss_numeric"", ""impact"": -14.323, ""feature_value"": 5.0, ""direction"": ""lowers_risk""}, {""feature"": ""epss_numeric"", ""impact"": -1.538, ""feature_value"": 0.0, ""direction"": ""lowers_risk""}, {""feature"": ""confidence_score"", ""impact"": -1.034, ""feature_value"": 0.4, ""direction"": ""lowers_risk""}, {""feature"": ""time_decay_factor"", ""impact"": 1.005, ""feature_value"": 0.8, ""direction"": ""raises_risk""}]",P5_BACKLOG,17.78202276473516,0,
